record_id,date,time,weather,season,clean_message,source_file
0,2010-02-12,09:34,Light snow,Winter,"Hi, I heard about your mushrooms from a friend and wanted to try. Can I pick up a small mixed box tomorrow morning in Kreuzberg, something for two people, vegetarian. I don't eat dairy, please keep that in mind. Let me know price and where exactly to come.",mushroom_Orders_v1.rtf
1,2010-03-27,18:09,Cold rain,Spring,"Hello, do you also deliver inside Berlin or only pickup. I'd like some fresh mushrooms for Sunday lunch, maybe 500g of whatever is good now. Can you tell me what you have and until what time I can collect today or tomorrow.",mushroom_Orders_v1.rtf
2,2010-05-08,07:51,Mild sun,Spring,"Order via contact form: ""Mushroom Mood Today – feeling tired, need something grounding."" Customer asks for enough for 3 people and no onions. Please confirm if available today and send payment details; customer mentions they can come by bike around 11–12.",mushroom_Orders_v1.rtf
3,2010-09-15,12:43,Overcast,Autumn,"Hi, quick question: do you already have forest mushrooms from around Berlin or still only cultivated ones. I'd like one box ""for a cozy dinner with my partner"", your choice. I can pick up on Friday after work, is 18:30 okay for you.",mushroom_Orders_v1.rtf
4,2010-11-03,20:17,Drizzle,Autumn,"SMS: ""Hey, it's Lukas from Neukölln, you sold me that mix last month."" He asks if there is any chance for a small evening delivery because he finishes late shift at 22:00. You reply that today is not possible, suggest Saturday morning pickup and ask him to text quantity by Friday.",mushroom_Orders_v1.rtf
5,2011-01-22,10:05,"Freezing, clear sky",Winter,"Email subject: ""Need something warming?"" Customer writes they are low energy and mostly plant-based, and ask what you recommend from what you have right now. They say budget is around 20 EUR and ask if you can pack it in two separate paper bags. Please answer with what's realistic from current stock.",mushroom_Orders_v1.rtf
6,2011-04-02,16:32,Windy,Spring,"Hi, I found your card at a yoga studio. Are you doing regular weekly boxes or only one-time orders. I'd like to try a small box every Sunday for April, pickup in Friedrichshain. Can we test next week and then decide on a rhythm.",mushroom_Orders_v1.rtf
7,2011-07-19,08:47,"Humid, light clouds",Summer,"Customer via email: ""Today I feel a bit anxious, not hungry but know I should eat."" They ask for something very light, gluten-free, for one person. Please see if you have any gentle options ready from today's harvest and reply with pickup slot before 13:00.",mushroom_Orders_v1.rtf
8,2011-09-28,19:11,Cool breeze,Autumn,"Short message: ""Hi, same as last time but for 5 people, friends visiting from Hamburg."" They ask if wild mushrooms are already in season and if you can add some herbs that help with digestion. Customer can pick up at your place tomorrow between 17–18 if you confirm.",mushroom_Orders_v1.rtf
9,2011-12-05,14:56,"Grey, wet snow",Winter,"Customer asks if you will be open the week between Christmas and New Year. They had one box in October and say it helped them feel calmer in the evenings. They want to order again for two adults, no alcohol-based ingredients, and ask if you can prepare something they can store for a few days.",mushroom_Orders_v1.rtf
10,2012-02-03,07:59,Heavy frost,Winter,"Email: ""Hi Mushroom House, are you still working in winter?"" Customer asks what you can currently source locally and if anything is good for someone with sensitive stomach. They mention they live in Prenzlauer Berg and can only pick up before 9:30 on weekdays. Please confirm if tomorrow is possible and what amount.",mushroom_Orders_v1.rtf
11,2012-05-16,13:22,Warm sun,Spring,"Contact form: ""Mood today: a bit scattered, need focus for work."" They ask for a small portion for one, vegetarian, and say they like more earthy flavors, not too strong herbs. You need to reply with available varieties today and propose a pickup window after 17:00.",mushroom_Orders_v1.rtf
12,2012-06-30,19:44,"Hot, clear",Summer,"SMS from repeat customer: ""Too hot to eat much, but want something light."" They ask if you have anything that doesn't require long cooking and is okay to eat late at night. You respond with what's left from today's harvest and suggest pickup in the next hour before you close.",mushroom_Orders_v1.rtf
13,2012-09-10,10:27,Light fog,Autumn,"Hi, I met you at Markthalle Neun last weekend and loved your explanation about mood-based food. I'd like to book a small private order for next Sunday, for 3 people, no garlic, we all have early work Monday so nothing too heavy. Please let me know if you're harvesting that day and what the approximate price would be.",mushroom_Orders_v1.rtf
14,2012-11-21,21:03,Cold rain,Autumn,"Customer email: They say they feel low energy before winter and ask for a ""supportive"" mix, mentioning they are lactose-intolerant and don't eat meat. They ask if you can label the bags with simple notes like ""evening"" or ""lunch suitable"". Confirm if your schedule allows pickup on Friday night after 20:00.",mushroom_Orders_v1.rtf
15,2013-01-09,08:18,Light snow,Winter,"New client writes that a therapist recommended your service. They ask how to describe their mood and body needs so you can choose mushrooms and herbs. They want a trial for one week, three small portions, and ask if bank transfer is okay.",mushroom_Orders_v1.rtf
16,2013-04-25,15:01,Sunny intervals,Spring,"Email: ""Hi, I want to surprise my partner with something from the forest."" They mention vegetarian, no soy, and say they both feel a bit run down from work. You should answer what's growing right now around Berlin and whether you can prepare something for Saturday afternoon pickup.",mushroom_Orders_v1.rtf
17,2013-07-03,11:39,"Warm, overcast",Summer,"Short note from previous customer: ""Can you repeat the mix from last July, but double quantity."" They add that one guest is allergic to nuts, so please avoid any nut-based additions. You reply to confirm you remember the order and ask if they need it Friday or Saturday.",mushroom_Orders_v1.rtf
18,2013-09-19,17:54,"Cool, light drizzle",Autumn,"Customer sends: ""Feeling very grounded today, want something to match that, for two."" They live in Kreuzberg and ask if you can meet near Görlitzer Park on your way back from the forest. Ask them to confirm time window and whether they prefer cash or transfer.",mushroom_Orders_v1.rtf
19,2013-12-30,10:42,Grey sky,Winter,"Last-minute order: ""Anything left for New Year's Eve, not too heavy, for 4 people."" They mention two guests don't drink alcohol and one is vegan. You answer that supplies are limited and propose a reduced portion for 3–4, pickup before 14:00 on the 31st.",mushroom_Orders_v1.rtf
20,2014-02-11,09:03,Overcast,Winter,"Subject: ""Weekly box idea?"" Customer who ordered twice last year proposes a regular Monday morning pickup on their way to the office. They ask if you can keep it around 15 EUR each week and adapt to how they report feeling. Please reply with what is feasible for you in February and March.",mushroom_Orders_v1.rtf
21,2014-04-06,18:27,Mild rain,Spring,"Cafe owner from Neukölln writes: they tasted your mushrooms at a friend's dinner and wonder if you can supply a small brunch place. They ask what a weekly standing order for weekends could look like, maybe 3–4 kg total. You should respond with rough seasonal availability and minimum order amounts.",mushroom_Orders_v1.rtf
22,2014-06-14,07:46,"Clear, already warm",Summer,"Quick SMS: ""We're the couple from last Sunday, can we get the same mix, but 1.5 kg this time."" They say friends are visiting and one guest doesn't like very strong flavors. You confirm you can do 1 kg of the same style and 0.5 kg milder, pickup at 10:30.",mushroom_Orders_v1.rtf
23,2014-09-02,16:13,Cool sun,Autumn,"Restaurant inquiry: ""Small bistro in Friedrichshain looking for seasonal mushrooms 2x per week."" They ask if you can deliver early mornings before 8:00 and if invoices are possible monthly. Ask them what volume they expect and whether they need fixed varieties or are open to a changing selection.",mushroom_Orders_v1.rtf
24,2014-10-21,20:51,"Windy, cold",Autumn,"Existing private customer writes that they've been ordering from you since 2012 and now want to place a bigger order for a family gathering. They ask for enough for 8–10 people, two vegan, one with celiac. You reply that you can prepare separate labeled bags and suggest pickup the evening before due to next-day forest schedule.",mushroom_Orders_v1.rtf
25,2014-12-17,06:59,Light snow,Winter,"Early-morning WhatsApp from new hotel contact: they heard from a bistro that you supply special mushrooms. They ask if you could send a sample box this Friday for the chef to test, 2–3 kg mixed, with a simple list of what's inside. Confirm if you can deliver to Mitte at 09:00.",mushroom_Orders_v1.rtf
26,2015-01-26,11:07,Grey clouds,Winter,"Email: ""Recurring order request – Cafe Sonnenweg."" The cafe asks if you can provide a fixed 2 kg every Saturday, with the flexibility to go up to 4 kg when they message you by Thursday. They note they prefer varieties that work for brunch and mostly vegetarian guests. Please confirm pricing and if this fits into your winter routine.",mushroom_Orders_v1.rtf
27,2015-03-18,17:24,Clear sky,Spring,"Long-time private customer writes: ""Mood today: hopeful but tired, need something simple after work."" They ask for a small order for one, pickup at 19:30 near Kottbusser Tor if you are passing through. You reply that you can bring a compact selection and ask them to send 10 EUR via transfer afterward.",mushroom_Orders_v1.rtf
28,2015-05-09,08:12,"Sunny, mild",Spring,"Bistro owner: ""We want to test a seasonal mushroom brunch every Sunday in May."" They ask for a weekly delivery of 3 kg on Saturday mornings and want to keep the supplier local and flexible. You ask about their kitchen constraints, confirm that you can adjust varieties week by week, and suggest a check-in after two Sundays.",mushroom_Orders_v1.rtf
29,2015-08-01,19:02,"Hot, humid",Summer,"Customer note via webshop: ""Mushroom Mood Today – I feel scattered from heat, want something calming."" They select the ""surprise me"" option and write that they're vegan and avoid wheat. Confirm order for 2 portions, mention that delivery is not possible in this heat, and suggest pickup the next morning before temperatures rise.",mushroom_Orders_v1.rtf
30,2015-09-27,06:55,"Chilly, clear",Autumn,"New contact: small coffee shop in Kreuzberg asks if you can supply small amounts for a weekend special, maybe just 1–2 kg mixed each Friday. They say storage is limited, so they need very fresh delivery. You answer that Friday morning drops are possible after your forest round and ask for their exact opening time.",mushroom_Orders_v1.rtf
31,2015-11-11,15:39,Drizzle,Autumn,"Existing bistro writes: ""Guests keep asking about the mushroom guy, can we have a little story card on the table."" They also confirm they will need 5 kg this weekend instead of 3 due to a group booking. You accept the increased order but mention that some varieties are limited this week and you may need to substitute with more robust ones.",mushroom_Orders_v1.rtf
32,2015-12-29,13:20,Wet snow,Winter,"Hotel contact emails: ""New Year's Eve menu – final confirmation."" They ask if you can still deliver 6 kg on the 30th, split into two crates, labeled for different dishes. You respond that 5 kg is realistic because of weather and foraging limits, and ask if they can adjust their menu portion sizes slightly.",mushroom_Orders_v1.rtf
33,2016-02-15,09:41,Overcast,Winter,"Webshop order: returning customer chooses ""winter support"" option and writes in note: ""Low energy, sleeping badly, no meat, no lactose."" They ask for 3 portions for the week and mention they can only pick up after 20:00. You confirm preparation for today and ask them to ring the downstairs bell when they arrive.",mushroom_Orders_v1.rtf
34,2016-04-07,18:58,Light rain,Spring,"Email from small restaurant: ""Thursday delivery issue."" They say last week's box arrived 30 minutes late and ask if you can make tomorrow's delivery strictly before 11:00, as lunch prep suffered. You reply that you'll adjust your route and confirm 10:30 drop-off, also asking if the current mix is working or needs tweaking.",mushroom_Orders_v1.rtf
35,2016-06-19,07:33,Warm sun,Summer,"Cafe Sonnenweg sends: ""Same as last Sunday, plus 1 kg extra if possible."" They mention guests responded well to the current mix and ask if you can keep the flavors mild. You confirm total 4 kg, explain that one variety is out this week, and propose an alternative with similar texture.",mushroom_Orders_v1.rtf
36,2016-09-05,20:11,"Cool, clear",Autumn,"Private customer writes that they feel overwhelmed from work and want a steady weekly order for the next month. They ask for one box every Wednesday, pickup at your place after 19:00, always vegetarian and low on heavy spices. You agree to a four-week trial and ask them to send a short note each week about how they feel so you can adjust.",mushroom_Orders_v1.rtf
37,2016-10-23,06:48,Foggy,Autumn,"Restaurant in Mitte: ""Can we lock in a standing order for October–November."" They request 8 kg every Friday, with the option to cancel one week in advance if bookings drop. You answer that this is possible but warn that heavy storms may reduce forest yield, and ask for a backup plan if quantities need to be reduced by 20–30%.",mushroom_Orders_v1.rtf
38,2016-12-12,16:17,Light snow,Winter,"Hotel kitchen emails about Christmas week: they want to repeat last year's order, same distribution between breakfast and dinner service. They ask if you can pre-label boxes ""breakfast"" and ""dinner"" to simplify storage. You confirm, mention a small price adjustment due to rising costs, and ask them to confirm acceptance.",mushroom_Orders_v1.rtf
39,2017-03-01,10:26,"Cold, bright",Spring,"Webshop ticket: customer asks whether your products are certified organic and if any items may trigger histamine issues. They want to order but need clarity on sourcing and handling. You respond with a short explanation of your forest-based supply, your handling practices, and suggest a smaller test order first.",mushroom_Orders_v1.rtf
40,2017-04-18,19:36,Mild evening,Spring,"Cafe owner writes on WhatsApp: ""Hey, mood is very positive in the cafe, guests ask for seasonal specials."" They want to try a special board every weekend in May and ask for an extra 2 kg on top of the usual order. You reply with ""ok, starting next Friday,"" and ask if they want a more energizing or calming profile overall.",mushroom_Orders_v1.rtf
41,2017-07-09,06:59,"Warm, cloudy",Summer,"Email from small catering company: they are planning a vegetarian menu for a yoga retreat and need 10–12 kg over three days. They ask how far in advance you need final numbers and if you can store part of the order in your space overnight. You answer that you can split delivery, but need 5 days notice for final quantities.",mushroom_Orders_v1.rtf
42,2017-09-21,14:03,"Crisp, sunny",Autumn,"Bistro in Friedrichshain: ""Autumn menu adjustments."" They say guests like the current mushrooms but some find them too intense for lunch. They ask if you can adjust the mix to be slightly lighter while keeping the same total quantity. You propose replacing one heavier variety with a milder one and ask for feedback after the next weekend.",mushroom_Orders_v1.rtf
43,2017-11-04,08:12,Cold rain,Autumn,"Private customer note: ""Mushroom Mood Today – feeling heavy, want clarity."" They request enough for two meals for one person, vegan, with something that doesn't disturb sleep. You send back available options and suggest pickup after 16:00, reminding them to bring their own container if possible.",mushroom_Orders_v1.rtf
44,2017-12-30,17:29,Wet snow,Winter,"Hotel contact: ""NYE final numbers changed."" They now expect 20% more guests and ask if you can stretch tomorrow's delivery from 6 kg to 7.5 kg. You reply that you can add 1 kg but not more, given weather and forest conditions, and they agree to adjust portions.",mushroom_Orders_v1.rtf
45,2018-02-08,09:51,"Freezing, clear",Winter,"New restaurant in Kreuzberg: ""Trial order request."" They heard about you through another chef and want a one-time 4 kg mixed box this Friday. They specify one guest has severe nut allergy and ask you to confirm there is no cross-contact with nut products in your handling. You confirm your process and ask for delivery time window.",mushroom_Orders_v1.rtf
46,2018-04-29,18:41,Mild rain,Spring,"Returning private customer sends webshop note: ""Planning an easy weekend, feeling calm but low energy."" They choose 3-portion box and mention they avoid gluten and strong stimulants like coffee. You confirm order and ask if Sunday morning pickup works better than Saturday evening due to your schedule.",mushroom_Orders_v1.rtf
47,2018-06-11,07:08,Warm sun,Summer,"Cafe Sonnenweg: ""Summer adjustment."" They explain brunch bookings dip in heat, so they want to reduce weekly order from 4 kg to 2.5 kg until August. You accept, note the new baseline, and offer to add a last-minute 1 kg if they text by Friday noon.",mushroom_Orders_v1.rtf
48,2018-08-25,20:22,"Hot, humid",Summer,"Small hotel emails: guests responded very well to last weekend's mushrooms and they want to integrate you into their regular breakfast concept. They propose a fixed standing order of 3 kg twice a week, with a monthly review. You respond that this is possible starting mid-September and suggest a three-month test phase.",mushroom_Orders_v1.rtf
49,2018-09-30,11:44,Cool sun,Autumn,"Bistro requests ""autumn special focus"" for October, asking if you can lean the mix more toward deeper, earthier flavors. They still want 5 kg per week, but ask for a bit more variety to build a small tasting plate. You confirm that forest conditions allow for more diversity now and ask them to send guest feedback each week.",mushroom_Orders_v1.rtf
50,2018-10-19,06:51,Foggy,Autumn,"WhatsApp from long-term restaurant partner: ""Minus 2 kg this week please, bookings dropped."" They also mention a new chef started and would like to meet you once to understand your philosophy. You accept the reduced quantity and propose a quick meeting after next Friday's delivery.",mushroom_Orders_v1.rtf
51,2018-11-27,15:58,"Cold, light drizzle",Autumn,"Webshop customer: ""Gift order for a friend going through a hard time."" They ask for something gentle, vegetarian, and not too experimental, to be picked up by the friend directly. You request the friend's contact details, clarify dietary constraints, and propose a pickup window on Saturday.",mushroom_Orders_v1.rtf
52,2018-12-23,13:05,"Grey, damp",Winter,"Restaurant in Mitte: ""Christmas rush – emergency top-up possible?"" They underestimated demand and ask for an extra 2–3 kg for the 24th dinner service. You check inventory and reply that you can provide 1.5 kg this time, offering to deliver early morning on the 24th before heading to family.",mushroom_Orders_v1.rtf
53,2019-01-10,09:17,Light snow,Winter,"Standing partner cafe requests a summary of their 2018 orders for accounting. They also ask if you are planning any price changes for 2019. You send a short recap of monthly volumes and confirm a small price increase starting March, offering to keep January–February at old rates.",mushroom_Orders_v1.rtf
54,2019-03-03,18:06,Windy,Spring,"New yoga studio contacts you: they want a small regular order for Sunday brunch events, about 1.5 kg per week. They stress that many guests are vegan and prefer gentle flavors. You propose a one-month trial with flexible quantities and ask whether they have refrigeration capacity for leftovers.",mushroom_Orders_v1.rtf
55,2019-05-21,07:29,"Clear, mild",Spring,"Webshop note from long-time customer: ""Mood today: focused, stable, want to support that."" They select a 4-portion box and remind you they can't tolerate garlic and onions. You confirm preparation for tonight and schedule pickup for 19:00, asking them to confirm if they are running late.",mushroom_Orders_v1.rtf
56,2019-08-02,11:51,Heatwave,Summer,"Restaurant partner writes: ""Due to extreme heat, guests are eating less."" They want to reduce next two deliveries by 30% and ask if that's okay on short notice. You accept, explain that forest growth is low anyway, and propose revisiting normal quantities in September.",mushroom_Orders_v1.rtf
57,2019-10-14,05:58,Cool fog,Autumn,"Hotel sends: ""Autumn brunch concept live from next week."" They ask to switch from ad-hoc orders to a fixed weekly cycle, 4 kg every Thursday, with a soft option for +/- 1 kg depending on occupancy. You confirm and note internally to check in after three weeks on variety and guest reactions.",mushroom_Orders_v1.rtf
58,2019-12-09,16:33,Cold rain,Winter,"Catering company: ""December schedule confirmation."" They list three events and proposed quantities (6 kg, 8 kg, 5 kg) and ask if you can support all of them. You answer that you can meet the first two fully but need to cap the third at 4 kg; they agree and adjust menus.",mushroom_Orders_v1.rtf
59,2020-02-18,08:47,Grey clouds,Winter,"Webshop customer: ""Boost immunity?"" They ask if you have anything supportive for this time of year, mention they work in a hospital and have irregular hours. You propose a flexible pickup window this week and suggest they order smaller portions more frequently so they don't keep anything too long.",mushroom_Orders_v1.rtf
60,2020-04-03,10:22,"Clear, cool",Spring,"Restaurant in Kreuzberg writes that due to restrictions they have shifted to takeaway only and reduced menu. They want to keep working with you but reduce deliveries to 50% for the next month. You agree, offer to combine their box with another client's route to save time, and propose revisiting volumes at the end of April.",mushroom_Orders_v1.rtf
61,2020-06-15,19:05,Warm evening,Summer,"Private customer: ""Back to ordering after a long break."" They mention stress and sleep issues, still vegetarian, and ask if your offering changed. You explain you're now focusing more on stable weekly cycles with partners but still keep a small quota for custom orders, and propose one box every two weeks as a starting point.",mushroom_Orders_v1.rtf
62,2020-09-07,07:01,"Cool, sunny",Autumn,"Hotel partner: ""Occupancy slowly rising."" They ask if you can return to original 2019 quantities from next week, 4 kg Thursday, 3 kg Sunday. You confirm, mention forest conditions look good, and ask if the breakfast team wants any specific texture changes for the new menu.",mushroom_Orders_v1.rtf
63,2020-11-23,15:47,Cold drizzle,Autumn,"Bistro reports that evening business is unstable again and they might cancel a delivery on short notice. They ask how late they can decide without causing you problems. You answer that cancellations up to 24 hours before delivery are okay, but same-day changes will likely still be charged partially.",mushroom_Orders_v1.rtf
64,2020-12-30,12:18,Wet snow,Winter,"Several regulars send quick messages asking if you have ""anything left at all"" for New Year. You log that private capacity is full and reply with a standard message: no more boxes possible, all stock reserved for long-term partners. You suggest they check in again mid-January when forest and schedule reset.",mushroom_Orders_v1.rtf
65,2021-01-19,09:40,"Freezing, grey",Winter,"Email from long-term cafe: they want to align their menu with your current seasonal reality. They ask you to send a short note every Monday with what's strong, what's limited, and what's not available. You agree to a simple three-line weekly email and integrate it into your Monday routine.",mushroom_Orders_v1.rtf
66,2021-03-30,18:51,Clear evening,Spring,"Private customer: ""Monthly subscription idea."" They propose a pre-paid package for four months, one box per month, to avoid scheduling stress. You reply that this is possible if they accept that box size may vary slightly with the season, and they agree.",mushroom_Orders_v1.rtf
67,2021-06-12,06:37,Mild sun,Summer,"Yoga retreat organizer: ""Second retreat this year."" They want the same pattern as last time but with more options for gluten-free participants. You confirm dates, propose similar total quantity, and ask if they can provide final attendee numbers at least 7 days before.",mushroom_Orders_v1.rtf
68,2021-08-28,20:00,"Warm, cloudy",Summer,"Restaurant writes via WhatsApp: ""September menu lock."" They plan a new menu and ask if they can rely on 7–8 kg every Friday for four weeks. You answer ""ok, 7 kg guaranteed, 8 kg if forest allows,"" and add an internal note to prioritize this partner in case of scarcity.",mushroom_Orders_v1.rtf
69,2021-10-11,11:26,Cool sun,Autumn,"Webshop user: ""Mood today: anxious, overthinking, need something grounding for evenings."" They mark themselves as repeat customer and reference an order ID from 2019. You pull up the old notes, keep similar direction but adapt to current stock, and confirm pickup for Wednesday.",mushroom_Orders_v1.rtf
70,2021-12-05,16:14,Cold rain,Winter,"Hotel partner: ""Brunch numbers higher than expected this Advent."" They request 1 kg extra on the next three deliveries and ask you to invoice everything together in January. You agree but flag that if heavy snow hits, you may need to lower the last delivery slightly.",mushroom_Orders_v1.rtf
71,2022-02-02,08:03,Light snow,Winter,"New specialty coffee shop: ""Trial collaboration."" They ask for a small box weekly for two months to test a brunch plate, 1–1.5 kg, and mention a mostly vegetarian audience. You propose 1.5 kg for the first two weeks, then adjustment based on sales, and ask if Saturday morning delivery is okay.",mushroom_Orders_v1.rtf
72,2022-03-21,19:27,"Clear, cool",Spring,"Private customer returns after a year pause: ""Need something steady for the next weeks, mood very unstable."" They ask for small weekly boxes, always plant-based, with minimal stimulation. You suggest a four-week cycle with check-ins and remind them you cannot give medical advice, only adjust based on their feedback.",mushroom_Orders_v1.rtf
73,2022-05-30,07:12,Warm sun,Spring,"Restaurant in Mitte: ""Brunch capacity up."" They ask to increase Thursday delivery from 5 kg to 7 kg for June and July. You confirm June is possible, but ask to keep July flexible as last summer's heat impacted availability.",mushroom_Orders_v1.rtf
74,2022-08-09,18:44,"Hot, hazy",Summer,"Bistro message: ""Heat again, please reduce."" They report guests are choosing lighter options and want to temporarily cut their weekly order in half. You adjust their profile to 2.5 kg, note ""heat mode,"" and tell them you'll ping them in early September to see if they want to go back up.",mushroom_Orders_v1.rtf
75,2022-10-17,06:54,Misty,Autumn,"Hotel: ""Autumn packages launched."" They want to coordinate mushroom deliveries with their wellness weekends and send you dates through December. You map their dates against your calendar and confirm which ones you can fully cover, marking two weekends as ""reduced quantity only.""",mushroom_Orders_v1.rtf
76,2022-12-22,13:39,"Grey, wet",Winter,"Long-term private customer: ""End-of-year box?"" They ask for something very simple for two evenings, vegetarian, low effort, to carry them through busy days. You say you can prepare one medium box for pickup on the 23rd, but all later slots are for partners only.",mushroom_Orders_v1.rtf
77,2023-01-16,09:09,Overcast,Winter,"Cafe Sonnenweg: ""2023 baseline."" They propose 3 kg every Saturday as standard, with the option to add 1 kg for special events when they text you by Thursday noon. You agree, note the new baseline in your sheet, and ask if they want their usual calmer flavor profile to continue.",mushroom_Orders_v1.rtf
78,2023-03-05,17:52,Light rain,Spring,"Webshop customer: ""Mood today: restless but hopeful."" They're mostly plant-based and ask for enough for four small meals. You recognize their email as a previous client from 2018, keep similar general direction, and propose pickup Tuesday evening, reminding them to message if anything in their body changed since last time.",mushroom_Orders_v1.rtf
79,2023-05-23,07:36,"Clear, mild",Spring,"Restaurant partner: ""Summer menu planning."" They ask you to estimate realistic weekly volumes June–August based on last year's heat and your current forest reading. You respond with a suggested volume curve, starting higher in June, lower in late July, and offer to adjust up or down with one week notice.",mushroom_Orders_v1.rtf
80,2023-07-30,18:21,"Hot, humid",Summer,"Hotel notes that breakfast is quieter during heat but dinner is busier. They ask if you can shift 1 kg per week from morning-oriented varieties to types that work better for later meals. You agree and log ""dinner focus"" on their profile for August.",mushroom_Orders_v1.rtf
81,2023-09-18,06:45,"Cool, clear",Autumn,"Yoga studio: ""Autumn retreat series x3."" They list three weekends and ask for similar volumes as last year, but with more gluten-free-friendly options. You confirm total amounts, propose dividing each weekend's delivery into two smaller drops, and ask if they can store them separately.",mushroom_Orders_v1.rtf
82,2023-11-07,15:32,Cold drizzle,Autumn,"Private customer: ""Recurring Tuesday box?"" They'd like a small box every Tuesday for the rest of the year, always plant-based, low stimulation, with a short note from you about when in the day it fits best. You accept with the condition that quantities may shift slightly around holidays; they agree.",mushroom_Orders_v1.rtf
83,2023-12-28,10:58,"Grey, chilly",Winter,"Restaurant: ""January forecast."" They expect lower bookings and want to temporarily reduce their Friday order from 6 kg to 4 kg. You acknowledge, set the new quantity for January, and schedule a check-in call for the last week of the month to decide on February.",mushroom_Orders_v1.rtf
84,2024-02-04,09:27,Light snow,Winter,"New specialty cafe in Prenzlauer Berg: ""Intro order."" They want a small box every second week to test a weekend plate, around 1 kg, vegetarian focus. You accept, propose alternating weeks to fit your route, and ask them to send a brief sales report after each weekend.",mushroom_Orders_v1.rtf
85,2024-04-16,18:39,Clear evening,Spring,"Hotel partner: ""Wellness package update."" They are adding a new 3-day package and ask if you can ensure slightly more grounding options on those weekends. You adjust their calendar, mark the wellness dates, and confirm that total monthly volume stays the same but distribution shifts.",mushroom_Orders_v1.rtf
86,2024-06-29,07:04,Warm sun,Summer,"Bistro: ""July heat plan."" They ask you to preemptively reduce their weekly order by 25% during potential heat spikes, without them needing to write each time. You agree on simple rules: if forecast exceeds a certain temperature, you lower their volume and send them a quick confirmation message.",mushroom_Orders_v1.rtf
87,2024-09-09,06:58,Cool fog,Autumn,"Long-term cafe: ""Autumn reset."" They want to bring back a richer weekend special and ask you to dial the mix a bit deeper and more grounding, same total weight. You confirm change from next delivery and note a reminder to ask for feedback after two weekends.",mushroom_Orders_v1.rtf
88,2024-11-18,14:22,Cold rain,Autumn,"Webshop customer: ""Support for dark season."" They're repeat and state they feel unfocused and low motivation, ask for a 3-portion box, vegan, easy to handle after late work. You confirm and schedule pickup Thursday, adding a note not to overload them with too much quantity at once.",mushroom_Orders_v1.rtf
89,2025-01-07,09:33,"Grey, wet snow",Winter,"Restaurant partner: ""New chef, same agreement?"" The new chef writes to confirm ongoing Friday deliveries and asks for a short overview of how you usually adapt to mood/season and bookings. You send a concise explanation, list typical autumn vs spring differences, and propose a quick call before the next menu change.",mushroom_Orders_v1.rtf
90,2025-03-22,18:03,"Clear, cool",Spring,"Yoga retreat organizer: ""Yearly plan."" They propose fixed dates for three retreats and want to lock in approximate volumes now to secure your capacity. You agree, block the dates in your calendar, and clarify that exact kg numbers will be confirmed 10 days before each retreat.",mushroom_Orders_v1.rtf
91,2025-06-10,07:25,Warm sun,Summer,"Hotel sends a short message: ""For June keep everything like last year, same weeks, same amounts."" They add that guest feedback was strong and they don't want to experiment too much this season. You copy last year's pattern into this year's sheet and only adjust one week due to a personal conflict.",mushroom_Orders_v1.rtf
92,2025-09-27,06:41,"Crisp, clear",Autumn,"Cafe Sonnenweg: ""Autumn special board."" They ask for 1 kg extra for the next four Saturdays to support a small autumn plate, and mention many guests now recognize your name. You confirm the extra weight and ask them to track which days sell out fastest.",mushroom_Orders_v1.rtf
93,2025-12-19,12:49,"Grey, light rain",Winter,"Private customer: ""End-of-year rhythm."" They want two small boxes over the holidays, not too heavy, mostly plant-based, to keep a gentle structure in chaotic days. You accept but tell them exact pickup times will be tighter than usual due to partner commitments.",mushroom_Orders_v1.rtf
94,2026-01-15,09:02,"Freezing, bright",Winter,"Restaurant in Mitte: ""Q1 pattern."" They propose a flat 6 kg every Friday January–March, with the option to cancel once per month without penalty. You agree, note the condition, and remind them that in case of extreme weather you may need to lower one delivery and will prioritize them in the next week.",mushroom_Orders_v1.rtf
95,2026-03-04,18:57,"Clear, cold",Spring,"Webshop customer from 2014 reappears: ""Back in Berlin, need your help again."" They describe feeling ungrounded after moving and want a small weekly box for at least a month, always vegetarian, no onions. You suggest starting bi-weekly for two cycles to see how it fits their schedule, then decide together.",mushroom_Orders_v1.rtf
96,2026-04-12,07:48,Mild sun,Spring,"Hotel partner: ""Spring brunch relaunch."" They want to synchronize their marketing with your current forest reality and ask for a short seasonal sentence they can print next to the buffet. You provide a practical one-line description focused on locality and season, and confirm their usual Thursday and Sunday deliveries continue unchanged.",mushroom_Orders_v1.rtf
97,2026-05-23,06:39,"Cool, light clouds",Spring,"Cafe Sonnenweg sends quick WhatsApp: ""Same as last weeks, plus 0.5 kg if forest allows."" They mention the mood in the cafe is calmer and guests keep asking when you'll visit again. You confirm 3.5 kg for Saturday, note to pass by for a short check-in, and mark their profile unchanged for now.",mushroom_Orders_v1.rtf
98,2010-02-14,09:22,Heavy snow,Winter,"From: marta.schulz88@web.de Hi, I wanted to check if you have any fresh mushrooms available for this evening. My boyfriend has been feeling very stressed and run down, so I want to make him something comforting. I can pick them up anytime after 17:00 if you have stock.",mushroom_Orders_v1.rtf
99,2010-04-22,14:05,Sunny but crisp,Spring,"SMS from Jonas: Hey, saw your post. Do you have anything local ready yet or is it too early in the season? Looking for something for my sister's birthday dinner on Friday, she is vegan and loves wild herbs. Let me know if we can do an email order.",mushroom_Orders_v1.rtf
100,2010-07-09,11:30,Hot and humid,Summer,"Order Note - Web: Customer Stefan Weber requested a custom mix for a family gathering. Needs to be delivered by Thursday. Note says: ""Something light for a hot summer night, no heavy varieties please, everyone is feeling sluggish from the heat.""",mushroom_Orders_v1.rtf
101,2010-10-15,08:44,Overcast and damp,Autumn,"From: k.klasen@gmx.de Hello, do you have any specific recommendations for an autumn basket? I am feeling very ungrounded lately with the change of weather and want to order a weekly supply of whatever is fresh right now. Please send the payment details.",mushroom_Orders_v1.rtf
102,2011-01-18,16:15,Freezing fog,Winter,"SMS from Clara: Hi! Are you around tomorrow for a pickup? I need another batch of that warming blend you did last month, it really helped with my winter blues. I can do cash or bank transfer.",mushroom_Orders_v1.rtf
103,2011-05-03,10:12,Clear skies,Spring,From: t.mueller@t-online.de Regarding order #1043. Is it possible to add extra herbs to this shipment? My wife wants to use them for a special lunch this weekend. Let me know the price adjustment and I will send it over.,mushroom_Orders_v1.rtf
104,2011-08-27,19:01,Thunderstorm,Summer,"SMS from Ben: Hey man, sorry for the late message. Do you have stock for tomorrow morning? Need a quick delivery for a small dinner party, something refreshing since the storm broke the humidity.",mushroom_Orders_v1.rtf
105,2011-11-12,12:40,Grey and cold,Autumn,"Order Note - Web: No name provided, just email lars.v@web.de. Customer requested: ""Heavy mushroom mix for deep rest, feeling completely exhausted from work."" Pickup arranged for Wednesday at the workshop.",mushroom_Orders_v1.rtf
106,2012-03-05,09:15,Drizzling,Spring,"From: ania.berlin@gmx.de Hi, I filled out the mood form on your site. I am looking for a mix that helps with focus and morning sluggishness as I start a new job this week. Let me know when it will be shipped out.",mushroom_Orders_v1.rtf
107,2012-06-18,15:32,Bright sunshine,Summer,SMS from Oliver: Need a box of whatever is freshest right now for a backyard BBQ. About 2kg if you have it. Can drop by around 18:00 to collect.,mushroom_Orders_v1.rtf
108,2012-09-29,11:04,Chilly wind,Autumn,"From: d.schneider@posteo.de Hello Mushroom House, do you still have the wild varieties from last week? I would like to reorder the exact same combination with the bitter herbs. It really matched my mood perfectly.",mushroom_Orders_v1.rtf
109,2012-11-22,08:50,Dark and rainy,Autumn,"Order Note - Email: Customer Hanna Winter. Needs delivery to Kreuzberg on Friday morning. Request: ""Something to counter the grey November weather, feeling very low energy.""",mushroom_Orders_v1.rtf
110,2013-02-10,14:22,Snowing,Winter,"SMS from Markus: Hey, is the online shop working? Tried to submit a request for a winter blend but it glitched. Need a pickup for two people this weekend, low capacity after being sick.",mushroom_Orders_v1.rtf
111,2013-04-14,10:05,Mild and sunny,Spring,"From: feedback@mushroomhouseberlin.com New message from contact form: ""Looking for a spring re-set mix. Gluten-free dietary restriction. Please advise on current availability and price.""",mushroom_Orders_v1.rtf
112,2013-07-22,17:41,Heatwave,Summer,"SMS from Sarah: Hi there, do you have any cooling herb pairings left for today? It is too hot to eat anything heavy. I can swing by in 20 minutes if you are open.",mushroom_Orders_v1.rtf
113,2013-10-02,09:11,Foggy morning,Autumn,From: r.jung@web.de Subject: Order inquiry for October 5th Can you prepare a large basket for a group of 8 people? We want a seasonal theme that feels grounding for an autumn retreat. Let me know if you need more details about our menu.,mushroom_Orders_v1.rtf
114,2014-01-15,11:34,Bitter cold,Winter,"From: info@hotel-am-stein.de Dear Mushroom House, we would like to inquire about a regular weekly delivery for our boutique hotel kitchen starting next month. Our chef is interested in your seasonal concept to match our rotating weekend menu. Please send your B2B terms.",mushroom_Orders_v1.rtf
115,2014-03-28,15:10,Windy and bright,Spring,SMS from Lena (Repeat Customer): Hi! Glad you are back from the winter break. Can I get my usual weekly box started again? Let me know which day is best for pickup now.,mushroom_Orders_v1.rtf
116,2014-05-19,08:25,Warm rain,Spring,"From: purchase@cafe-flora-berlin.de Hi, following up on our conversation last week. We want to secure 5kg of your current spring mushroom and herb selection for our weekend brunch feature. Please confirm if this volume is manageable with the current forage yields.",mushroom_Orders_v1.rtf
117,2014-07-12,13:50,Sunny,Summer,Order Log #2104: B2C customer Julia Voss. Requesting substitution for wild thyme due to allergy. Swapping for seasonal mint pairing as per founder's note. Delivery scheduled for Thursday via courier.,mushroom_Orders_v1.rtf
118,2014-09-04,16:18,Overcast,Autumn,"SMS from Chef Thomas (Restaurant Mitte): Hey, checking availability for the upcoming weekend. The current mushroom mix went down great with our guests last week. Need double the quantity of the earthy profiles if possible.",mushroom_Orders_v1.rtf
119,2014-11-08,10:45,Cold drizzle,Autumn,"From: mail@elisa-k.de Hello, I am ordering a custom box for my parents' anniversary. They are feeling a bit overwhelmed with moving houses, so I want something very soothing and classic. Delivery to Charlottenburg please.",mushroom_Orders_v1.rtf
120,2015-01-24,14:12,Grey skies,Winter,"From: info@hotel-am-stein.de Hi, we need to adjust our B2B delivery for this week. Due to a private event, we require an additional 3kg of the winter herb blend. Please let us know if you can accommodate this by Thursday morning.",mushroom_Orders_v1.rtf
121,2015-04-11,09:30,Crisp and clear,Spring,"SMS from Ben: Hey, need the usual spring mix for my cafe this week. Let me know what the forest is giving right now so I can update the chalkboard menu. Thanks!",mushroom_Orders_v1.rtf
122,2015-06-20,11:05,Hot sun,Summer,"Order Note - Web: Customer Michael K. ""Looking for a combination that feels like a summer breeze, something light to help with digestion after a long week of business travel."" Pickup Saturday morning.",mushroom_Orders_v1.rtf
123,2015-08-15,16:40,Humid,Summer,"From: kitchen@bistro-neukoelln.de Dear Mushroom House, our current menu requires a shift toward more vibrant, uplifting flavor profiles to match our summer patio theme. Can you adjust our standing Tuesday order to include more of your fresh seasonal herb selections?",mushroom_Orders_v1.rtf
124,2015-10-19,12:15,Golden autumn day,Autumn,"SMS from Clara: The mix last week was incredible, felt so aligned with the changing leaves. Can I get a repeat order for this Friday? Same time, same pickup spot.",mushroom_Orders_v1.rtf
125,2015-12-05,08:55,Frosty,Winter,"From: t.mueller@t-online.de Hello, looking to order a holiday box for a friend who is going through a tough, low-energy winter. Something deeply warming and substantive. Please let me know the final price with shipping included.",mushroom_Orders_v1.rtf
126,2016-02-18,14:20,Sleet,Winter,Order Log #3055: B2B supply for Cafe Flora. Standard winter delivery delayed by one day due to road icing. Chef notified and agreed to Friday afternoon drop-off instead of Thursday.,mushroom_Orders_v1.rtf
127,2016-04-30,10:02,Warm and sunny,Spring,"From: contact@restaurant-pure.de Hello, we are launching our new seasonal lunch menu next week and want to establish a recurring order. We need varieties that embody the freshness of early Berlin spring to align with our clean eating brand identity. Let's schedule a call.",mushroom_Orders_v1.rtf
128,2016-06-25,18:12,Balmy night,Summer,"SMS from Jonas: Hey, got a last-minute gathering tomorrow. Do you have any leftovers from the morning B2B deliveries? Anything fresh and summery will do, just need enough for 4 people.",mushroom_Orders_v1.rtf
129,2016-09-14,11:45,Clear autumn air,Autumn,"From: s.beck@posteo.net Hi, I am looking for a personalized box for my partner who is feeling very burnt out from corporate projects. He needs something that feels grounding and slow. Let me know when is the next available slot for a custom order.",mushroom_Orders_v1.rtf
130,2016-11-04,08:12,Cold rain,Autumn,"Order Note - Web: Customer Sarah Lang. Request: ""Urgent need for a comforting, robust blend. The autumn dampness is getting to my joints."" Delivery requested for tomorrow if possible.",mushroom_Orders_v1.rtf
131,2017-01-20,15:30,Freezing,Winter,"From: kitchen@bistro-neukoelln.de Hi, we need to temporarily pause our B2B delivery for the first two weeks of February due to kitchen renovations. Will resume the standard winter order on February 17th. Thank you for the consistent quality this season.",mushroom_Orders_v1.rtf
132,2017-03-25,09:10,Chilly but sunny,Spring,SMS from Chef Thomas (Restaurant Mitte): Morning! Are the first spring variations ready yet? We are eager to transition away from the heavy winter menu profiles. Give me a shout when you have a box ready for a preview.,mushroom_Orders_v1.rtf
133,2017-05-14,13:22,Overcast,Spring,"From: info@hotel-am-stein.de Dear Mushroom House, please confirm our supply for the upcoming long weekend. We expect high occupancy and need to ensure our breakfast menu has a steady supply of your fresh herb pairings. Standard quantities plus 2kg extra please.",mushroom_Orders_v1.rtf
134,2017-07-08,16:55,Scorching heat,Summer,"Order Note - Email: Customer Hanna Winter (Repeat). Requesting the ultra-light summer mix. ""Too hot to cook, just want something raw or lightly steamed that aligns with this heatwave."" Pickup arranged.",mushroom_Orders_v1.rtf
135,2017-09-22,10:40,Windy and cool,Autumn,"From: purchase@cafe-flora-berlin.de Hello, we noticed a change in the mushroom varieties in our last delivery. Our customers loved the deeper, more rustic profile. Please keep this direction for the remainder of our autumn contract.",mushroom_Orders_v1.rtf
136,2017-11-15,11:15,Grey fog,Autumn,"SMS from Michael K.: Hey, back in Berlin after a month away. Need a serious winter-prep basket to deal with this sudden lack of sunlight. Can I pick up tomorrow around noon?",mushroom_Orders_v1.rtf
137,2018-01-10,14:05,Cold and dark,Winter,"From: management@the-workspace-coffee.de Dear Mushroom House team, we are opening a new specialty coffee location in Kreuzberg and want to feature your functional mushroom and herb pairings for our morning takeaway bowls. We align with your focus on well-being and daily rhythm. Let's arrange a meeting to discuss volume.",mushroom_Orders_v1.rtf
138,2018-04-05,08:30,Crisp morning,Spring,SMS from Lena: Hi! Ready for my spring box. Feeling like I need a total refresh after a heavy winter. Let me know what you have put together for this week's mood.,mushroom_Orders_v1.rtf
139,2018-06-18,12:20,Sunny and warm,Summer,"From: contact@restaurant-pure.de Hi, for our summer solstice event this Thursday, we would like to double our order of the light, aromatic herb-paired mushrooms. Our guests expect a very vibrant, energetic experience. Please confirm receipt of this invoice update.",mushroom_Orders_v1.rtf
140,2018-08-29,15:45,Heavy thunderstorms,Summer,"Order Log #4892: B2C customer Stefan Weber. Requesting a shift from the light summer profiles to something slightly more substantive, noting the sudden temperature drop after the storms. Dispatched via standard courier.",mushroom_Orders_v1.rtf
141,2018-10-12,09:15,Bright and chilly,Autumn,"From: info@hotel-am-stein.de Dear Mushroom House, our kitchen team wants to express how well the current autumn supply fits our evening menu concept. The earthy notes perfectly match our cozy lounge atmosphere. Please continue the same distribution for next week.",mushroom_Orders_v1.rtf
142,2018-12-03,16:10,Freezing rain,Winter,"SMS from Chef Thomas (Restaurant Mitte): Hey, we need to add an extra 4kg of the deep winter warming blend for a corporate dinner on Wednesday. Let me know if the stock levels allow for this short-notice change.",mushroom_Orders_v1.rtf
143,2019-02-20,11:30,Grey and cold,Winter,"From: ordering@the-workspace-coffee.de Hi, update for our Kreuzberg location. The morning focus blend is selling out daily. Can we increase our standing order by 25% starting next Monday? Let us know the adjusted billing.",mushroom_Orders_v1.rtf
144,2019-04-15,08:45,Sunny intervals,Spring,"Order Note - Webshop: Repeat customer Julia Voss. ""Looking for the classic spring awakening mix. Feeling very stagnant and ready for lighter, bitter herb accents."" Delivery set for Thursday afternoon.",mushroom_Orders_v1.rtf
145,2019-06-02,14:10,Warm and pleasant,Summer,"From: kitchen@bistro-neukoelln.de Hello, please see the attached sheet for our June delivery schedule. We are focusing on high-touch seasonal storytelling this month, so any details on the current forest availability you can share would be fantastic for our staff briefing.",mushroom_Orders_v1.rtf
146,2019-08-22,17:30,Hot and dry,Summer,"SMS from Ania (Repeat Customer): Hi, need a custom box for a friend going through an emotional time. Something very nurturing but light enough for this intense August heat. Can I collect from the shop tomorrow?",mushroom_Orders_v1.rtf
147,2019-10-05,09:50,Crisp air,Autumn,"From: contact@restaurant-pure.de Dear Mushroom House, we need to adjust our delivery for the upcoming week due to a seasonal menu pivot. We are moving toward deep, grounding forest flavors to match the current October weather. Please adjust the herb pairings accordingly.",mushroom_Orders_v1.rtf
148,2019-11-28,13:15,Dark and cold,Autumn,"Order Log #5521: B2B delivery for Hotel am Stein completed. Invoice sent for 12kg seasonal autumn/winter transition stock. Note from chef: ""Perfect alignment with our current mood theme.""",mushroom_Orders_v1.rtf
149,2020-01-14,10:22,Freezing temperatures,Winter,"From: ordering@the-workspace-coffee.de Hi, we are experiencing a winter rush at both locations. Customers are asking for more of the restorative herb combinations. Can we get an extra delivery this Friday to carry us through the weekend?",mushroom_Orders_v1.rtf
150,2020-03-30,15:40,Sunny but cold,Spring,"SMS from Chef Thomas (Restaurant Mitte): Hey, given the current city situation, we are shifting to a high-end takeaway model. We want to keep our signature mushroom dishes on the menu as they provide a lot of comfort to our regulars. Keep the standard weekly supply coming.",mushroom_Orders_v1.rtf
151,2020-05-18,09:12,Mild and bright,Spring,"From: mail@elisa-k.de Hello, I want to order a weekly delivery box for the next month while I am working from home. I need something that breaks up the screen fatigue and feels fresh. Let me know the subscription link.",mushroom_Orders_v1.rtf
152,2020-07-25,11:05,Extreme heat,Summer,"Order Note - Web: Customer Markus S. Request: ""Ultra-light hydration profile, heavy on the cooling herbs. No heavy cooking varieties needed, just something crisp for quick searing.""",mushroom_Orders_v1.rtf
153,2020-09-12,14:30,Gentle autumn wind,Autumn,"From: info@hotel-am-stein.de Dear Mushroom House, our outdoor dining setup is transitioning to autumn heating lamps. We want our menu to reflect this shift with warmer, more substantial mushroom pairings. Please update our profile for next Tuesday's drop.",mushroom_Orders_v1.rtf
154,2020-11-06,08:55,Thick fog,Autumn,"SMS from Sarah Lang: Hi, hope you are doing well in this grey November. Can you send a double box this week? My roommate and I are both feeling completely drained and need that grounding blend.",mushroom_Orders_v1.rtf
155,2021-01-22,16:18,Light snow,Winter,"From: ordering@the-workspace-coffee.de Hello, update for the winter schedule. We are keeping our focus on the morning grounding blends across all three sites now. Total volume requirement is now 20kg per week. Invoice details attached.",mushroom_Orders_v1.rtf
156,2021-03-18,10:45,Chilly and overcast,Spring,"From: kitchen@bistro-neukoelln.de Hi, we are prepping our spring relaunch menu. We need a sample of your earliest spring greens and wild mushroom combinations to test with our new head chef. Delivery whenever available this week.",mushroom_Orders_v1.rtf
157,2021-05-29,13:12,Warm and rainy,Spring,"SMS from Oliver: Hey, need a quick custom basket for a cozy rainy Saturday dinner. Something that balances the warmth of spring rain with a bit of spice. Let me know if I can swing by at 17:00.",mushroom_Orders_v1.rtf
158,2021-07-14,15:50,Sunny and humid,Summer,"Order Note - Web: Customer Julia Voss. ""The mid-summer blend last week was perfect for my digestion. Reordering the exact same setup for this week please."" Delivered via courier.",mushroom_Orders_v1.rtf
159,2021-09-08,09:22,Cool breeze,Autumn,"From: contact@restaurant-pure.de Dear Mushroom House, our autumn menu concept centers around 'Return to Roots.' Your earthy mushroom selections and robust herb pairings are vital for this narrative. Please ensure our standard weekly 15kg is locked in for the season.",mushroom_Orders_v1.rtf
160,2021-11-19,11:40,Cold and dark,Autumn,SMS from Chef Thomas (Restaurant Mitte): Need a quick emergency restock of the warming varieties for tonight's service. The sudden freeze has everyone ordering the autumn stew. Can you manage 3kg by 16:00?,mushroom_Orders_v1.rtf
161,2022-01-15,14:10,Deep freeze,Winter,"From: info@hotel-am-stein.de Hi, please note that we will require an extra 5kg of the restorative winter blend for our wellness spa weekend guests in late January. Please confirm if this fits within your seasonal storage capacity.",mushroom_Orders_v1.rtf
162,2022-03-22,08:30,Clear and bright,Spring,SMS from Lena: Morning! Spring is finally here. I need a box that feels like waking up from a long sleep. Heavy on the fresh herbs please.,mushroom_Orders_v1.rtf
163,2022-05-11,12:15,Soft sunshine,Spring,"From: ordering@the-workspace-coffee.de Hello, we are seeing a shift in customer demand toward lighter profiles as the weather warms up. Can we transition our weekly B2B supply from the winter-focus to the spring-energize blend? Thanks!",mushroom_Orders_v1.rtf
164,2022-07-03,16:45,Hot and dry,Summer,"Order Note - Webshop: Customer Stefan Weber. Requesting delivery to be left in the shade at the back door due to the high midday temperatures. ""Something very refreshing and light for dinner, please.""",mushroom_Orders_v1.rtf
165,2022-09-17,10:02,Overcast and cool,Autumn,"From: kitchen@bistro-neukoelln.de Dear Mushroom House, we are observing a lot of rainy day traffic this week. We want to increase our order of your grounding, earthy varieties to match our customers' desire for comfort food. Please double the standard Tuesday shipment.",mushroom_Orders_v1.rtf
166,2022-11-10,15:20,Chilly rain,Autumn,"SMS from Michael K.: Hey, this weather is brutal. Need my usual late-autumn grounding toolkit. Let me know when the next batch is ready for pickup at the shop.",mushroom_Orders_v1.rtf
167,2023-01-28,09:40,Grey and cold,Winter,"From: contact@restaurant-pure.de Hi, we are keeping our winter menu stable through February. The current combination of robust mushrooms and bitter, warming herbs has been a core pillar of our seasonal identity. Standard 15kg delivery for Thursday remains unchanged.",mushroom_Orders_v1.rtf
168,2023-04-04,11:12,Crisp and windy,Spring,"From: info@hotel-am-stein.de Dear Mushroom House team, we are planning our Easter brunch menu and want to highlight your local spring selections. We need a confirmed volume of 10kg delivered on Good Friday morning. Let us know if this is clear.",mushroom_Orders_v1.rtf
169,2023-06-15,14:50,High heat,Summer,"SMS from Chef Thomas (Restaurant Mitte): Hey, it's too hot for the current robust profile. Let's pivot the weekly B2B delivery to the lightest possible summer varieties with fresh mint and citrusy herbs. Guests want clean, cooling plates.",mushroom_Orders_v1.rtf
170,2023-08-22,08:15,Humid morning,Summer,Order Note - Web: Repeat B2C customer Hanna Winter. Requesting custom herb balance to help with late-summer lethargy. Delivery scheduled for Thursday via regular courier route.,mushroom_Orders_v1.rtf
171,2023-10-18,12:30,Golden autumn,Autumn,"From: ordering@the-workspace-coffee.de Hello, autumn rush is here. Our customers are loving the seasonal mood alignment in our food options. Can we scale up our total weekly delivery across all four locations to 30kg? Let's update the contract terms.",mushroom_Orders_v1.rtf
172,2023-11-30,16:10,Sleet and dark,Autumn,SMS from Clara: Hi! Need a box of the deep winter comfort blend for my parents who are visiting Berlin. They need something very grounding after their long train travel in this weather. Can pick up tomorrow.,mushroom_Orders_v1.rtf
173,2024-02-12,10:05,Freezing fog,Winter,"From: kitchen@bistro-neukoelln.de Dear Mushroom House, we need to request a minor adjustment to this week's B2B supply. Please replace the standard culinary herb mix with extra dried bitter elements to match our updated slow-braise winter menu. Thank you.",mushroom_Orders_v1.rtf
174,2024-04-20,08:40,Bright and chilly,Spring,"From: contact@restaurant-pure.de Hi, we are excited to integrate your early spring foraging yields into our menu next week. The transition from winter profiles to fresh, bitter spring elements always marks a great moment for our guests. Standard Thursday drop-off please.",mushroom_Orders_v1.rtf
175,2024-06-08,15:22,Warm sunshine,Summer,"SMS from Lena: Hey, hosting a small backyard gathering this weekend to celebrate the summer. Can you create a custom basket that feels energetic and light? Will pick it up Friday afternoon.",mushroom_Orders_v1.rtf
176,2024-08-14,11:30,Heavy heatwave,Summer,"From: info@hotel-am-stein.de Dear Mushroom House, due to the sustained high temperatures, our restaurant guests are opting for minimal, raw, and light dishes. Please modify our weekly supply to focus entirely on the lightest summer profiles and cooling herbal accents.",mushroom_Orders_v1.rtf
177,2024-10-05,09:15,Cold rain,Autumn,"Order Log #7102: B2C customer Julia Voss. Request: ""Heavy autumn grounding mix needed. Feeling very disjointed with the sudden change of season and cold weather."" Dispatched to Schöneberg address.",mushroom_Orders_v1.rtf
178,2024-11-22,14:02,Dark and frosty,Autumn,"SMS from Chef Thomas (Restaurant Mitte): Evening crowd is asking for rich, deeply warming dishes now. Let's maximize the rustic, earthy profiles in our Tuesday B2B delivery. The current herb pairing is spot on for this November gloom.",mushroom_Orders_v1.rtf
179,2025-01-18,11:45,Snow showers,Winter,"From: ordering@the-workspace-coffee.de Hello, checking in for the new year. We want to maintain our high-volume order for the morning focus and restoration blends. The winter weather always drives high demand for these specific functional profiles. 30kg weekly remains our baseline.",mushroom_Orders_v1.rtf
180,2025-03-29,08:50,Crisp morning air,Spring,"From: kitchen@bistro-neukoelln.de Hi, we are starting our spring menu planning sessions this week. Can you send over a overview of what seasonal varieties and herb pairings will be stable for the next 6 weeks? We want to ensure consistent branding alignment.",mushroom_Orders_v1.rtf
181,2025-05-15,13:10,Mild and sunny,Spring,"SMS from Michael K.: Hey, need a quick reorder of the fresh spring blend. Feeling like I need a serious energy boost after a hectic week of corporate deadlines. Let me know if I can grab it today.",mushroom_Orders_v1.rtf
182,2025-07-10,16:30,Hot and sunny,Summer,"From: contact@restaurant-pure.de Dear Mushroom House, please note our adjusted delivery hours for the summer season due to afternoon kitchen heat closures. All weekly shipments must arrive before 10:00 AM on Thursdays. Quantities remain at 15kg of light summer profiles.",mushroom_Orders_v1.rtf
183,2025-09-24,10:05,Chilly wind,Autumn,"Order Note - Webshop: Customer Stefan Weber. ""Looking for the transition blend. Something that bridges late summer freshness with early autumn grounding, as the nights are getting cold.""",mushroom_Orders_v1.rtf
184,2025-11-12,14:22,Overcast and cold,Autumn,"From: info@hotel-am-stein.de Dear Mushroom House team, our upcoming culinary theme weekend focuses on seasonal local truth. We want to highlight your long-standing philosophy in our guest documentation. Please confirm our standard winter supply delivery for Thursday morning.",mushroom_Orders_v1.rtf
185,2026-01-09,09:12,Freezing temperatures,Winter,"SMS from Chef Thomas (Restaurant Mitte): happy new year! Let's resume our B2B schedule this week. The city is frozen and people want deep comfort food, so please send us the most robust, warming profiles you have ready.",mushroom_Orders_v1.rtf
186,2026-02-27,11:40,Grey skies,Winter,"From: ordering@the-workspace-coffee.de Hi, we are experiencing higher foot traffic than usual this winter. Can we add an extra 5kg of the morning restoration blend to our standard Tuesday drop for all locations? Please update the invoice accordingly.",mushroom_Orders_v1.rtf
187,2026-03-15,15:18,Chilly but sunny,Spring,"SMS from Lena: Hi! Just checked the shop site, looking to order the first spring box of the year. Need something to help clear out the winter sluggishness. Let me know when you are running the delivery route.",mushroom_Orders_v1.rtf
188,2026-04-08,08:30,Crisp and bright,Spring,"From: kitchen@bistro-neukoelln.de Hello, we are updating our weekend menu to align with the fresh spring weather. Please ensure our next delivery contains high-vibrancy herb pairings to match our clean, seasonal brand identity. Standard volume confirmed.",mushroom_Orders_v1.rtf
189,2026-04-29,13:55,Gentle rain,Spring,"Order Log #8432: B2C customer Clara B. Request: ""Custom mix for a quiet rainy evening. Something cozy but fresh, balancing spring herbs with deeper mushroom tones."" Pickup scheduled at the workshop.",mushroom_Orders_v1.rtf
190,2026-05-20,10:12,Warm sunshine,Summer,"From: contact@restaurant-pure.de Dear Mushroom House, our summer outdoor terrace opens this weekend. We need our weekly 15kg delivery to consist entirely of light, energetic summer profiles with strong aromatic herb notes. Please confirm dispatch for Thursday morning.",mushroom_Orders_v1.rtf
191,2020-03-16,09:12,Overcast and chilly,Spring,"From: marta.schulz88@web.de Hi, with the sudden lockdown announcements, we are stuck inside and feeling very anxious. Can you put together a grounding mushroom and herb basket for delivery this week? We want something that brings a bit of the outside world into our apartment.",mushroom_Orders_v1.rtf
192,2020-03-17,14:22,Grey skies,Spring,"SMS from Chef Thomas (Restaurant Mitte): Hey, everything is upside down. We are shifting entirely to high-end takeaway boxes starting tomorrow to survive this shutdown. Keep our weekly supply coming but drop the volume by half until we see how this goes.",mushroom_Orders_v1.rtf
193,2020-03-18,11:05,Cold drizzle,Spring,"From: ordering@the-workspace-coffee.de Hello, our seating areas are officially closed due to government regulations, but our takeaway window remains open. We want to continue offering the morning focus blends to our neighborhood regulars who are transitioning to home office. Please maintain our regular Tuesday delivery schedule for now.",mushroom_Orders_v1.rtf
194,2020-03-19,16:40,Windy and clear,Spring,"Order Note - Webshop: Customer Julia Voss. Request: ""Stuck in home office and feeling incredibly stagnant. Please send a light spring-energizing box to help me stay focused during remote work."" Delivery to Kreuzberg.",mushroom_Orders_v1.rtf
195,2020-03-20,08:55,Crisp morning,Spring,"From: info@hotel-am-stein.de Dear Mushroom House, due to the complete lockdown on tourism, our hotel kitchen is closing indefinitely. We must pause our B2B standing order effective immediately. We will contact you as soon as restrictions ease and we can welcome guests again.",mushroom_Orders_v1.rtf
196,2020-03-21,13:12,Sunny but cold,Spring,SMS from Lena: Hi! Are you still doing direct apartment deliveries during the lockdown? I desperately need a box that feels like a spring reset to counter all this screen time. Let me know how to pay online.,mushroom_Orders_v1.rtf
197,2020-03-23,10:30,Clear and frosty,Spring,"From: kitchen@bistro-neukoelln.de Hi, we are launching a neighborhood contactless pickup menu this weekend. We want to feature a rustic mushroom pot to offer some comfort to our community right now. Can you supply 8kg of earthy varieties by Friday?",mushroom_Orders_v1.rtf
198,2020-03-24,15:45,Chilly wind,Spring,"Order Log #5601: B2C customer Stefan Weber. ""Requesting contactless drop-off on the porch. Feeling very overwhelmed with the lockdown news, looking for something grounding and simple to cook.""",mushroom_Orders_v1.rtf
199,2020-03-26,09:18,Overcast,Spring,"SMS from Ben: Hey man, hope you are managing. My cafe is doing window-only service now, and people are asking for functional hot drinks. Do you have any extra immune-supporting herbs or mushroom bases you can add to my order this week?",mushroom_Orders_v1.rtf
200,2020-03-27,12:20,Cold rain,Spring,"From: ania.berlin@gmx.de Hello, I want to set up a bi-weekly subscription for a personalized box while this isolation continues. I am finding it hard to structure my days, so I want a mix that helps with transition from daytime focus to evening rest. Please send the setup link.",mushroom_Orders_v1.rtf
201,2020-03-28,17:02,Sleet,Spring,"Order Note - Email: Customer Michael K. ""Stuck in Berlin instead of traveling for business. Need a substantial, comforting basket to deal with this lockdown stress and the horrible weekend weather."" Pickup left in the outdoor lockbox.",mushroom_Orders_v1.rtf
202,2020-03-30,11:15,Freezing temperatures,Spring,"SMS from Chef Thomas (Restaurant Mitte): The takeaway boxes are flying out the door, people want comfort food at home. Please double our mushroom order for this Thursday. Let's adjust the billing via the usual online link.",mushroom_Orders_v1.rtf
203,2020-04-01,08:45,Sunny but crisp,Spring,"From: mail@elisa-k.de Hello, my partner and I are both working from home in a small space and the tension is high. Can you design a custom box with calming, balancing herb pairings for us? Contactless courier delivery to Charlottenburg preferred.",mushroom_Orders_v1.rtf
204,2020-04-03,14:10,Clear skies,Spring,"From: ordering@the-workspace-coffee.de Hi, quick update for our Friedrichshain window. Demand for morning takeaway options is steady despite the lockdown. Please keep our current volume unchanged for next week's drop-off.",mushroom_Orders_v1.rtf
205,2020-04-04,16:35,Warm sunshine,Spring,"SMS from Jonas: Hey, saw your update about contactless shop pickups. Can I get a basket of whatever fresh spring varieties you have right now? Need a reason to take a short walk outside to collect it.",mushroom_Orders_v1.rtf
206,2020-04-06,10:22,Bright and pleasant,Spring,"Order Note - Web: New customer Sandra Meyer. ""Found your shop through a local Berlin forum. Looking for a restorative mix to help with sleep issues brought on by the current pandemic stress.""",mushroom_Orders_v1.rtf
207,2020-04-08,13:50,Sunny,Spring,"From: purchase@cafe-flora-berlin.de Dear Mushroom House, we are adapting our lockdown takeaway brunch menu to feature lighter spring profiles. Can you shift our standing order to include more bitter greens and fresh wild varieties? Delivery to our back gate on Thursday morning.",mushroom_Orders_v1.rtf
208,2020-04-10,09:11,Clear air,Spring,"SMS from Sarah Lang: Hi there, hope you are staying safe. Can you send the usual grounding mix to my apartment this Friday? Feeling very disconnected from nature sitting inside all day.",mushroom_Orders_v1.rtf
209,2020-04-11,15:30,Warm rain,Spring,"Order Log #5642: B2C customer Oliver H. Contactless delivery instruction: ""Leave box in the blue bin by the entrance."" Request notes a desire for a warming, rich profile due to the rainy spring weekend.",mushroom_Orders_v1.rtf
210,2020-04-13,11:04,Overcast,Spring,"From: kitchen@bistro-neukoelln.de Hi, our lockdown pickup window has been very busy on weekends. We need to add an extra 4kg of your early seasonal mushroom selection for our special Easter takeaway boxes. Please confirm if stock allows.",mushroom_Orders_v1.rtf
211,2020-04-15,16:18,Chilly breeze,Spring,"SMS from Chef Thomas (Restaurant Mitte): Hey, the spring rain has everyone wanting rustic comfort again. Let's tweak tomorrow's takeaway supply to feature slightly more robust, earthy profiles instead of the ultra-light ones. Thanks!",mushroom_Orders_v1.rtf
212,2020-04-17,08:30,Bright and sunny,Spring,"From: lars.v@web.de Hello, I am ordering another box for delivery. This quarantine routine is exhausting and I need a mix that feels uplifting and fresh for the weekend. No heavy varieties this time, please.",mushroom_Orders_v1.rtf
213,2020-04-18,14:55,Warm sun,Spring,"Order Note - Webshop: Customer Hanna Winter. ""Requesting a custom herb pairing that feels like an outdoor walk. Missing the forest deeply during this lockdown."" Contactless delivery to Prenzlauer Berg.",mushroom_Orders_v1.rtf
214,2020-04-21,10:40,Sunny and dry,Spring,"From: ordering@the-workspace-coffee.de Hello, we are seeing a drop in afternoon takeaway traffic, so we want to scale back our order slightly. Please reduce our total weekly delivery by 5kg until the lockdown rules change. Focus purely on the morning energizing blends.",mushroom_Orders_v1.rtf
215,2020-04-23,12:15,Crisp air,Spring,"SMS from Lena: Morning! Ready for my next quarantine box. Let's do something very vibrant and green this time, feeling like I need a total system refresh. Thanks for keeping the shop running.",mushroom_Orders_v1.rtf
216,2020-04-24,17:10,Clear evening,Spring,"From: contact@restaurant-pure.de Dear Mushroom House, our team is preparing a special vacuum-sealed cook-at-home kit for our regulars during this closure. We want to include your premium seasonal mushrooms and herb pairings as a central feature. Let's coordinate a delivery of 12kg for next Wednesday.",mushroom_Orders_v1.rtf
217,2020-04-27,09:45,Overcast,Spring,"Order Log #5690: B2C customer Julia Voss. ""Desperately need something to break the monotony of isolation. Give me your most unusual seasonal flavor pairing for this week."" Contactless courier dispatched.",mushroom_Orders_v1.rtf
218,2020-04-29,15:22,Rainy and cold,Spring,"SMS from Ben: Hey, rain is keeping people inside today but we expect a busy weekend for coffee and takeaway bowls. Can we ensure our Thursday delivery has a good balance of those warming, comforting herb profiles?",mushroom_Orders_v1.rtf
219,2020-05-01,11:30,Chilly rain,Spring,"From: mail@elisa-k.de Hi, following up on our previous order. The calming mix was a lifesaver last week during home office arguments. We would love a repeat order for this weekend, same delivery instructions apply.",mushroom_Orders_v1.rtf
220,2020-05-02,14:05,Dynamic clouds,Spring,"Order Note - Web: Customer Stefan Weber. ""Feeling very ungrounded with the endless news cycle. Requesting a box that focuses entirely on deep, rustic, earthy elements to help me reset over the weekend.""",mushroom_Orders_v1.rtf
221,2020-05-04,08:22,Cool breeze,Spring,"From: purchase@cafe-flora-berlin.de Hello, we are seeing a surge in outdoor takeaway line-ups now that the weather is shifting. We want to increase our weekly order of your spring mushroom selections by 3kg. Please adjust the invoice for this week.",mushroom_Orders_v1.rtf
222,2020-05-06,13:15,Mild and sunny,Spring,"SMS from Chef Thomas (Restaurant Mitte): Hey, the lockdown restrictions might ease soon for outdoor dining! Let's start planning a transition menu. For this week's takeaway boxes, give me a mix that feels bright and optimistic.",mushroom_Orders_v1.rtf
223,2020-05-08,16:45,Warm and bright,Spring,"From: info@hotel-am-stein.de Dear Mushroom House team, while our rooms remain closed to travelers, we are allowed to open our garden terrace for local residents next week under strict distancing rules. We would like to reactivate a small portion of our B2B order '975kg of fresh spring profiles per week.",mushroom_Orders_v1.rtf
224,2020-05-09,10:02,Beautiful spring day,Spring,"Order Note - Email: Customer Ania Berlin. ""The sun is out but lockdown continues. Looking for an ultra-fresh, light blend with lots of aromatic herbs for an indoor picnic mood."" Pickup from the outdoor crate arranged.",mushroom_Orders_v1.rtf
225,2020-05-11,12:40,Overcast,Spring,"From: kitchen@bistro-neukoelln.de Hi, we are transitioning our lockdown pickup menu to early summer flavors. Please alter our standard Tuesday delivery to phase out the heavy winter-residual profiles and bring in the light, zesty herb combinations.",mushroom_Orders_v1.rtf
226,2020-05-13,15:10,Mild rain,Spring,"SMS from Jonas: Hey, stuck inside on a rainy afternoon. Do you have any slots left for courier delivery this week? Need something comforting to cook while watching the rain from my window.",mushroom_Orders_v1.rtf
227,2020-05-15,09:30,Chilly morning,Spring,"From: ordering@the-workspace-coffee.de Hello, our Kreuzberg window is experiencing high demand for morning wellness options. Can we increase our order of the focus blend by 4kg for next week? All staff are instructed on zero-contact delivery receiving.",mushroom_Orders_v1.rtf
228,2020-05-16,14:20,Clear and windy,Spring,"Order Log #5744: B2C customer Markus S. Request: ""High-energy mix needed to counter intense fatigue from working 12-hour days in my bedroom. Please include sharp, refreshing herb accents."" Contactless drop-off confirmed.",mushroom_Orders_v1.rtf
229,2020-05-18,11:12,Warm sun,Spring,"From: contact@restaurant-pure.de Dear Mushroom House, we are finally preparing to open our outdoor seating area under the new hygiene protocols next week. We want our launch menu to celebrate local resilience. Let's scale our order back up to 15kg of your finest early summer selections.",mushroom_Orders_v1.rtf
230,2020-05-20,16:55,Sunny and dry,Spring,SMS from Lena: Morning! The weather is amazing but being cooped up is getting harder. Can you make me a box that feels incredibly fresh and vibrant? Something to lift the mood for the long weekend.,mushroom_Orders_v1.rtf
231,2020-05-22,08:44,Hot sunshine,Summer,"From: s.beck@posteo.net Hello, I am ordering a custom box for a friend who lives alone and is finding this extended isolation very difficult. I want to surprise her with something deeply caring and beautiful. Please deliver to the wedding address listed in the notes.",mushroom_Orders_v1.rtf
232,2020-05-23,13:22,Humid,Summer,"Order Note - Web: Customer Sarah Lang. ""The heat is making my home office unbearable today. Requesting a very light summer profile, heavy on cooling herbs like mint or thyme, no rich or heavy varieties.""",mushroom_Orders_v1.rtf
233,2020-05-25,10:05,Heavy thunderstorms,Summer,"SMS from Chef Thomas (Restaurant Mitte): Wow, these storms broke the heat wave fast. Outdoor terrace is empty today but takeaway is booming again. Can you add some comforting, earthy varieties to tomorrow's delivery to balance the sudden temperature drop?",mushroom_Orders_v1.rtf
234,2020-05-27,15:30,Crisp and wet,Summer,"From: kitchen@bistro-neukoelln.de Hi, our terrace tables were fully booked last night despite the rain. We are running low on the seasonal herb supply. Can we get an emergency delivery of 2kg of your current pairing herbs by Friday morning?",mushroom_Orders_v1.rtf
235,2020-05-29,11:15,Sunny intervals,Summer,"Order Log #5810: B2B delivery for purchase@cafe-flora-berlin.de completed. 8kg summer transition stock dropped at the side entrance. Sanitization protocols followed, digital invoice sent via email.",mushroom_Orders_v1.rtf
236,2020-06-01,14:40,Hot sun,Summer,"From: ordering@the-workspace-coffee.de Hello, with summer starting and some office restrictions lifting, our morning takeaway rush has shifted. Customers are asking for lighter, more refreshing profiles. Please adjust our standing order to reflect this summer mood.",mushroom_Orders_v1.rtf
237,2020-06-03,09:22,Clear and bright,Summer,"SMS from Oliver: Hey, doing a small, socially-distanced park gathering this evening. Do you have a quick 2kg box of summer fresh mushrooms I can grab from the lockbox around 16:00? Let me know the price.",mushroom_Orders_v1.rtf
238,2020-06-05,12:18,Warm and breezy,Summer,"From: mail@elisa-k.de Hi Mushroom House, we are continuing our weekend home routine. Looking for a mix that feels light and joyful to celebrate making it through another week of remote work. Courier delivery to our usual spot, please.",mushroom_Orders_v1.rtf
239,2020-06-06,16:05,Intense sunshine,Summer,"Order Note - Webshop: Customer Stefan Weber. ""Too hot to spend hours cooking in an apartment with no AC. Give me something that needs minimal heat, light and crisp textures only.""",mushroom_Orders_v1.rtf
240,2020-06-09,10:45,Humid and overcast,Summer,"From: info@hotel-am-stein.de Dear Mushroom House, our outdoor terrace is operating smoothly under the current distancing guidelines. Guests are highly appreciating the hyper-local focus of your mushroom and herb pairings. Please keep our weekly 5kg order running exactly as is.",mushroom_Orders_v1.rtf
241,2020-06-11,14:12,Thunderstorms,Summer,"SMS from Chef Thomas (Restaurant Mitte): Hey, rain is messing with our outdoor seating plans today. Shifting focus back to our premium home-delivery kits for the weekend. Can you make sure our Thursday batch has those comforting, deep flavor profiles to match the rainy mood?",mushroom_Orders_v1.rtf
242,2020-06-13,08:30,Fresh and cool,Summer,"From: hanna.w@posteo.de Hello, I missed the pickup window last week because of a last-minute Zoom meeting. Is it possible to reschedule for this Saturday morning? I really need that balancing blend to survive this week's screen fatigue.",mushroom_Orders_v1.rtf
243,2020-06-15,11:55,Clear skies,Summer,"From: contact@restaurant-pure.de Hi, our terrace service has been incredibly successful with the sunny weather. We need to expand our weekly B2B supply from 15kg to 20kg to meet the demand for our seasonal summer plates. Please confirm if your current forage yields can support this increase.",mushroom_Orders_v1.rtf
244,2020-06-17,15:40,Balmy afternoon,Summer,"SMS from Lena: Morning! I'm planning a quiet weekend in my garden plot. Want a basket that feels like pure summer energy, lots of aromatic herb accents. Let me know when it's ready in the workshop crate.",mushroom_Orders_v1.rtf
245,2020-06-19,09:10,Hot and sticky,Summer,"Order Note - Web: Customer Julia Voss. ""Feeling completely drained by the humidity and isolation. Requesting an ultra-light, cooling combination to help me stay alert during my afternoon video calls.""",mushroom_Orders_v1.rtf
246,2020-06-20,13:22,Scorching heat,Summer,"From: purchase@cafe-flora-berlin.de Dear Mushroom House, the heat wave is keeping people away during midday, but our early morning coffee and brunch line is massive. Please keep our supply focused heavily on the crisp, energizing spring/summer herb profiles. Delivery at 07:30 AM on Tuesday, please.",mushroom_Orders_v1.rtf
247,2020-06-23,11:04,Overcast and warm,Summer,"SMS from Ben: Hey man, quick check on availability for this weekend. Need a small top-up of the light mushroom varieties for our takeaway lunch bowls. About 3kg extra if you have the capacity.",mushroom_Orders_v1.rtf
248,2020-06-25,16:15,Gentle rain,Summer,"From: kitchen@bistro-neukoelln.de Hello, the sudden rain is a relief from the heat. Our customers are looking for slightly warmer, more comforting options on the terrace tonight. Please include a few deeper, savory elements in our delivery tomorrow morning.",mushroom_Orders_v1.rtf
249,2020-06-27,09:44,Chilly morning,Summer,"Order Log #5899: B2C customer Markus S. ""Contactless delivery to my workplace box. Looking for a hearty, grounding mix to deal with a sudden wave of pandemic exhaustion and long hours.""",mushroom_Orders_v1.rtf
250,2020-06-29,14:30,Sunny intervals,Summer,"From: ordering@the-workspace-coffee.de Hi, we are opening our indoor seating at 25% capacity next week per new city guidelines! We want to keep our menu streamlined and focused on our top-selling functional items. Please maintain our current 25kg weekly baseline across all locations.",mushroom_Orders_v1.rtf
251,2020-07-01,11:12,Clear and hot,Summer,"SMS from Jonas: Hey, hope you are surviving the heat. Can I get a small custom basket for tomorrow? Something light and refreshing that pairs well with fresh summer salads. I will use the contactless lockbox.",mushroom_Orders_v1.rtf
252,2020-07-03,15:50,Scorching sun,Summer,"From: mail@elisa-k.de Hello, my parents are finally visiting me in Berlin after months of lockdown separation. I want to cook them a beautiful, light summer dinner on my balcony. Please create a premium basket with your best seasonal varieties and delicate herbs.",mushroom_Orders_v1.rtf
253,2020-07-04,10:05,Heavy humidity,Summer,"Order Note - Webshop: Customer Sarah Lang. ""The air is so thick today and I am feeling completely stuck indoors. Requesting a very clean, crisp profile to help break the sluggishness."" Courier delivery requested.",mushroom_Orders_v1.rtf
254,2020-07-07,08:55,Thunderstorms,Summer,"From: info@hotel-am-stein.de Dear Mushroom House, our terrace was rained out yesterday but our indoor dining room is now open for limited hotel guests. We would like to increase our weekly order to 8kg, introducing some more substantive flavor profiles to match the stormy summer mood.",mushroom_Orders_v1.rtf
255,2020-07-09,13:15,Cool and fresh,Summer,"SMS from Chef Thomas (Restaurant Mitte): Morning! The storm cleared out the heat and the terrace is packed today. Need an extra 5kg of the light, zesty summer mix for the weekend rush. Let me know if you can drop it off today.",mushroom_Orders_v1.rtf
256,2020-07-11,16:40,Warm sunshine,Summer,"From: contact@restaurant-pure.de Hi, we are keeping our summer menu stable for the rest of July. The feedback on the current local mushroom and herb distribution has been fantastic during these strange reopening weeks. Standard 20kg order for Thursday is locked in.",mushroom_Orders_v1.rtf
257,2020-07-14,09:22,Overcast,Summer,"Order Log #5944: B2C customer Ania Berlin. ""Home office routine continues indefinitely. Requesting a balancing, restorative blend to help me disconnect from work in the evenings."" Courier delivery arranged.",mushroom_Orders_v1.rtf
258,2020-07-16,14:10,Clear skies,Summer,"From: purchase@cafe-flora-berlin.de Hello, we need to adjust our delivery schedule for next week due to a brief staff quarantine closure on Monday. Please move our standard Tuesday morning drop-off to Wednesday afternoon instead. Volume remains unchanged.",mushroom_Orders_v1.rtf
259,2020-07-18,11:30,Hot and dry,Summer,"SMS from Lena: Hey! Ready for my mid-summer box. Make it super light and heavy on the wild herbs, please. The isolation is tough but the summer sun helps. Will pick up from the crate at noon.",mushroom_Orders_v1.rtf
260,2020-07-21,15:02,Intense heat,Summer,"From: ordering@the-workspace-coffee.de Hi, with the extreme heat this week, our hot drink sales are down but our functional cold bowls are selling fast. Please make sure our weekly delivery focuses on the most refreshing, crisp flavor profiles available. Thank you!",mushroom_Orders_v1.rtf
261,2020-07-23,08:45,Humid and sticky,Summer,"Order Note - Web: Customer Stefan Weber. ""Feeling very sluggish from the combination of home confinement and this heavy summer air. Looking for something light and uplifting for a quick dinner.""",mushroom_Orders_v1.rtf
262,2020-07-25,13:12,Balmy evening,Summer,"SMS from Ben: Hey man, running low on the fresh herb pairings for our weekend brunch plates. Any chance you can drop off an extra kilo tomorrow morning? The outdoor seating has been full every day.",mushroom_Orders_v1.rtf
263,2020-07-28,10:35,Overcast,Summer,"From: kitchen@bistro-neukoelln.de Dear Mushroom House, please check the attached updated hygiene guidelines for our delivery drop-off zone. Our staff will meet you at the back ramp for a zero-contact transfer. Standard Tuesday volume remains at 10kg.",mushroom_Orders_v1.rtf
264,2020-07-30,16:18,Sudden downpour,Summer,"Order Log #6012: B2C customer Oliver H. Requesting a change to a more grounding, warming combination due to the sudden temperature drop and rainy weekend forecast. Delivered via contactless courier.",mushroom_Orders_v1.rtf
265,2020-08-01,09:11,Clear and cool,Summer,"From: s.beck@posteo.net Hello, looking to order a special basket for a family member who is recovering from a long illness during this isolation period. Something very gentle, nurturing, and easy to digest. Please advise on delivery options for this Saturday.",mushroom_Orders_v1.rtf
266,2020-08-04,14:40,Warm sunshine,Summer,"SMS from Chef Thomas (Restaurant Mitte): Morning! We are seeing a steady stream of locals dining out this week. Let's keep our summer menu vibrant. Need the standard 15kg of light, zesty profiles for Thursday morning service.",mushroom_Orders_v1.rtf
267,2020-08-06,11:15,Hot and dry,Summer,"From: contact@restaurant-pure.de Hi, we are experiencing some supply delays with other vendors due to logistics disruptions, but your local delivery has been our most reliable anchor. Please maintain our 20kg order for this week, keeping the focus on high-vibrancy summer combinations.",mushroom_Orders_v1.rtf
268,2020-08-08,15:30,Intense heat,Summer,"Order Note - Webshop: Customer Julia Voss. ""Too hot to exist in the city right now. Give me a box with the absolute lightest varieties and maximum cooling herbs to help me survive another weekend indoors.""",mushroom_Orders_v1.rtf
269,2020-08-11,08:55,Heavy air,Summer,"From: info@hotel-am-stein.de Dear Mushroom House, our indoor dining room traffic is stable but our spa guests are requesting very light, clean options. Please adjust our weekly 8kg order to emphasize delicate textures and refreshing herbal notes for the rest of August.",mushroom_Orders_v1.rtf
270,2020-08-13,13:22,Thunderstorms,Summer,"SMS from Jonas: Wow, what a storm. Safe inside but craving something a bit more substantial tonight since the air cooled down. Do you have a box ready with a richer, more savory profile? Can pick up from the shop lockbox.",mushroom_Orders_v1.rtf
271,2020-08-15,16:10,Clear and fresh,Summer,"From: mail@elisa-k.de Hello, we are planning a quiet weekend transition. Looking for a custom box that helps ground our energy after a very frantic week of remote team management. Courier delivery to Charlottenburg, please.",mushroom_Orders_v1.rtf
272,2020-08-18,10:05,Warm breeze,Summer,"From: ordering@the-workspace-coffee.de Hi, we need to temporarily reduce our volume by 5kg for next week due to scheduled building maintenance at our Mitte location. The Kreuzberg and Friedrichshain sites will receive their standard morning focus blends as usual.",mushroom_Orders_v1.rtf
273,2020-08-20,14:55,Overcast,Summer,SMS from Lena: Morning! Feeling the first hints of late summer in the air today. Want a basket that balances that deep summer warmth with some grounding elements. Let me know when it's in the crate.,mushroom_Orders_v1.rtf
274,2020-08-22,11:12,Chilly rain,Summer,"Order Note - Web: Customer Markus S. ""The rain is keeping me inside my tiny apartment today. Requesting a rich, comforting blend to make a warming weekend meal and counter this lockdown boredom.""",mushroom_Orders_v1.rtf
275,2020-08-25,08:30,Grey and cool,Summer,"From: purchase@cafe-flora-berlin.de Dear Mushroom House, the sudden end-of-August chill has shifted our customers' preferences back to hearty options. Please alter our Tuesday delivery to include your deeper, more rustic mushroom varieties. Volume remains at 8kg.",mushroom_Orders_v1.rtf
276,2020-08-27,15:40,Windy and bright,Summer,"SMS from Chef Thomas (Restaurant Mitte): Hey, people are sitting outside with jackets today! Let's pivot our menu slightly toward the early autumn transition profiles. Need 12kg of something more robust and comforting for the weekend.",mushroom_Orders_v1.rtf
277,2020-08-29,09:15,Crisp air,Summer,"Order Log #6110: B2C customer Sarah Lang. Contactless delivery instruction: ""Leave on the third-floor landing."" Requesting a grounding mix to deal with ongoing home office stress and the chilly weather.",mushroom_Orders_v1.rtf
278,2020-09-01,12:20,Overcast and damp,Autumn,"From: kitchen@bistro-neukoelln.de Hello, autumn is officially here and we are updating our outdoor terrace menu with warmer blankets and richer comfort foods. Please shift our standard 10kg Tuesday delivery to your signature early autumn grounding profiles.",mushroom_Orders_v1.rtf
279,2020-09-03,16:35,Golden sunshine,Autumn,"SMS from Ben: Hey man, the golden autumn weather is bringing a lot of people out for takeaway coffee. Can we increase our weekly herb pairing supply? Need more of those warming, focus-enhancing elements for our morning bowls.",mushroom_Orders_v1.rtf
280,2020-09-05,10:45,Chilly morning,Autumn,"From: ania.berlin@gmx.de Hi, I want to renew my bi-weekly subscription for the autumn season. The current routine of working from home is still tough, and your grounding mixes are the only thing that gives my weekends a sense of structure. Please confirm the next delivery date.",mushroom_Orders_v1.rtf
281,2020-09-08,14:12,Cool rain,Autumn,"Order Note - Webshop: Customer Stefan Weber. ""Feeling very tired and worn out by the constant restriction changes. Requesting a heavy, earthy mushroom basket to help me slow down and rest this weekend.""",mushroom_Orders_v1.rtf
282,2020-09-10,09:30,Thick fog,Autumn,"From: contact@restaurant-pure.de Dear Mushroom House, our autumn menu concept 'Grounded' is now live. Your local, seasonal mushroom and robust herb pairings are the absolute highlight for our socially-distanced indoor diners. Please lock in our weekly 20kg delivery for the next month.",mushroom_Orders_v1.rtf
283,2020-09-12,13:50,Clear and cold,Autumn,"SMS from Oliver: Hey, need a custom basket for a small indoor dinner with my bubble this Saturday. Something deeply savory and comforting to match this sudden autumn freeze. I will collect from the workshop box at 17:00.",mushroom_Orders_v1.rtf
284,2020-09-15,11:04,Overcast,Autumn,"From: info@hotel-am-stein.de Dear Mushroom House, with the new autumn health protocols in place, our dining room occupancy limits have been reduced again. Please downscale our weekly order to 5kg, but maintain the rich, comforting seasonal profiles that our remaining guests love.",mushroom_Orders_v1.rtf
285,2020-09-17,15:22,Rain and wind,Autumn,"Order Log #6188: B2C customer Julia Voss. ""The grey weather and the endless lockdown routine are making me feel very low energy. Send me a box that feels deeply warming and restorative, please."" Contactless courier dispatched.",mushroom_Orders_v1.rtf
286,2020-09-19,08:44,Cold and bright,Autumn,"SMS from Chef Thomas (Restaurant Mitte): The rain has everyone ordering our takeaway mushroom broths this week. Need an emergency top-up of 4kg of your most rustic, earthy varieties by Friday afternoon if possible. Let me know if you have the stock.",mushroom_Orders_v1.rtf
287,2020-09-22,12:15,Chilly autumn day,Autumn,"From: ordering@the-workspace-coffee.de Hello, update for the autumn schedule. We are seeing a high demand for grounding, immune-supportive profiles across all three active windows. Total volume requirement is steady at 25kg per week. Zero-contact receiving remains standard.",mushroom_Orders_v1.rtf
288,2020-09-24,16:40,Overcast,Autumn,"Order Note - Email: Customer Hanna Winter. ""Requesting a custom box with lots of robust, bitter herbs to counter this dark September mood. Missing my usual outdoor routines deeply right now."" Pickup arranged.",mushroom_Orders_v1.rtf
289,2020-09-26,10:02,Cold drizzle,Autumn,"SMS from Lena: Morning! Ready for my next seasonal box. Let's go fully into the deep forest flavor profile this week, feeling like I need something heavy and grounding to deal with this isolation fatigue. Thanks!",mushroom_Orders_v1.rtf
290,2020-09-29,13:10,Chilly and wet,Autumn,"From: purchase@cafe-flora-berlin.de Hi, we are experiencing a very busy takeaway season despite the damp weather. Please ensure our Tuesday morning delivery contains your best local autumn yields, focusing heavily on robust textures that hold up well in travel containers.",mushroom_Orders_v1.rtf
291,2020-10-01,09:12,Freezing morning,Autumn,"From: mail@elisa-k.de Hello, my partner and I are feeling completely burnt out from months of home office in this small flat. We want a special weekend box that helps us unwind and disconnect from our screens. Delivery to Charlottenburg on Friday evening, please.",mushroom_Orders_v1.rtf
292,2020-10-03,14:55,Heavy rain,Autumn,"Order Log #6245: B2C customer Stefan Weber. Contactless drop-off instruction: ""Leave under the waterproof tarp by the garage."" Request notes a need for a rich, warming mushroom profile to counter the damp weather.",mushroom_Orders_v1.rtf
293,2020-10-06,11:30,Grey fog,Autumn,"SMS from Chef Thomas (Restaurant Mitte): Hey, with talk of tighter winter restrictions coming, we want to maximize our current menu flow. Keep the standard 15kg of deep grounding autumn profiles coming for our Thursday service. The feedback has been incredible.",mushroom_Orders_v1.rtf
294,2020-10-08,16:18,Chilly and overcast,Autumn,"From: contact@restaurant-pure.de Dear Mushroom House, please note an adjustment for next week's B2B supply. We are adding an extra 3kg of your robust herb pairings to help transition our menu toward more intense winter warming profiles. Thank you for the consistent quality during this unpredictable year.",mushroom_Orders_v1.rtf
295,2020-10-10,08:30,Crisp and clear,Autumn,"Order Note - Web: Customer Sarah Lang. ""The autumn cold is really setting in and my energy levels are hitting a wall with this ongoing quarantine. Requesting a deeply restorative, comforting mushroom mix for the weekend.""",mushroom_Orders_v1.rtf
296,2020-10-13,12:40,Dark and rainy,Autumn,"From: kitchen@bistro-neukoelln.de Hi, due to a localized staff contact tracing pause, our kitchen will be closed for the next 5 days. Please cancel our standard Tuesday delivery for this week. We plan to resume our 10kg rustic autumn order on the following Tuesday.",mushroom_Orders_v1.rtf
297,2020-10-15,15:10,Bitterly cold,Autumn,"SMS from Ben: Hey, the cold weather is keeping the takeaway lines short today, but we are doing a lot of pre-orders for weekend wellness kits. Can you ensure our Thursday batch has a strong focus on the warming, protective herb elements?",mushroom_Orders_v1.rtf
298,2020-10-17,10:05,Overcast,Autumn,"From: s.beck@posteo.net Hello, I am ordering a custom grounding box for myself this time. The anxiety of this prolonged lockdown is getting heavy, and I need a mix that feels very slow, substantive, and soothing to cook over the weekend. Contactless courier preferred.",mushroom_Orders_v1.rtf
299,2020-10-20,14:22,Thick fog,Autumn,Order Log #6311: B2B delivery for ordering@the-workspace-coffee.de completed. 25kg of autumn grounding and morning focus blends dropped at the central hub. All sanitation steps checked and signed off digitally.,mushroom_Orders_v1.rtf
300,2020-10-22,08:55,Chilly drizzle,Autumn,"SMS from Jonas: Morning! Do you have any of those rich, deep forest varieties available for pickup today? Need a serious comfort meal tonight after a grueling week of remote client meetings. I'll use the lockbox.",mushroom_Orders_v1.rtf
301,2020-10-24,13:15,Cold and grey,Autumn,"From: info@hotel-am-stein.de Dear Mushroom House team, with the announcement of the upcoming partial lockdown ('lockdown light') for November, our restaurant will have to close to the public again, serving only internal business travelers. Please adjust our weekly supply down to a minimal 3kg baseline.",mushroom_Orders_v1.rtf
302,2020-10-27,11:04,Overcast,Autumn,"From: purchase@cafe-flora-berlin.de Hi, we are shifting back entirely to our lockdown takeaway model starting next week. We want to keep spirits high in the neighborhood with our comforting autumn stews. Please maintain our 8kg weekly order of robust, earthy varieties.",mushroom_Orders_v1.rtf
303,2020-10-29,15:45,Cold rain,Autumn,"Order Note - Webshop: Customer Julia Voss. ""Pre-lockdown anxiety is hitting hard today. Please send me your most grounding, rustic combination with heavy, comforting herb profiles to help me get through this upcoming weekend inside.""",mushroom_Orders_v1.rtf
304,2020-10-31,09:22,Freezing rain,Autumn,"SMS from Chef Thomas (Restaurant Mitte): Well, here we go again with the full closures next week. Shifting completely back to the high-end takeaway kits that saved us in spring. Please keep our Thursday B2B order at 12kg of the deepest, most comforting forest profiles. Let's stick together.",mushroom_Orders_v1.rtf
305,2015-03-01,08:14,Grey clouds,Spring,"Customer emails: wants a small ""Mushroom Mood Today"" box for two, vegetarian, pickup this evening in Kreuzberg. They mention feeling a bit tired after travel and ask for something not too heavy. You confirm availability and propose pickup window 19:00–19:30.",mushroom_Orders_v1.rtf
306,2015-03-01,11:29,Light rain,Spring,"Webshop order: 3-portion box, note says ""no garlic, no onions, working tomorrow early"". Customer asks if contents can keep in fridge until Tuesday. You reply that's fine and set aside a medium box under their name.",mushroom_Orders_v1.rtf
307,2015-03-01,16:52,Overcast,Spring,"SMS from repeat customer: ""Anything left for tonight? For one person, mood a bit low."" They ask for a very small portion and say they can only come by 21:00. You confirm you can still prepare a mini box and ask them to text when they are outside.",mushroom_Orders_v1.rtf
308,2015-03-02,07:41,Foggy,Spring,"Email subject: ""Monday morning support."" Customer asks if you can have a small box ready before 9:00 near Görlitzer Bahnhof, on their way to work. Plant-based, low stimulation, just for one breakfast and one lunch. You reply that you can meet at 8:30 at the usual corner.",mushroom_Orders_v1.rtf
309,2015-03-02,10:18,"Grey, light drizzle",Spring,"New webshop customer selects ""surprise box"" and writes: ""I feel scattered, please keep it simple."" They ask for two portions and mention lactose intolerance. You confirm order and schedule pickup for 18:00–18:30 at your place.",mushroom_Orders_v1.rtf
310,2015-03-02,18:03,Clear evening,Spring,Cafe in Neukölln writes: they want to test a small weekend special and need 1.5 kg this Saturday. They ask if you can deliver before opening at 8:30 and send a simple list of varieties. You reply that this week you can do 1–1.5 kg and confirm 8:15 delivery.,mushroom_Orders_v1.rtf
311,2015-03-03,08:09,Grey clouds,Spring,"Webshop note: ""First time ordering, mostly vegan, sensitive stomach."" Customer chooses a 2-portion box and asks you to avoid anything very intense. You confirm preparation for this evening and ask if 19:30 pickup works.",mushroom_Orders_v1.rtf
312,2015-03-03,11:54,Light rain,Spring,"Short email from past buyer: ""Same as in January, but for three people now."" They remind you of their no-gluten preference. You reply that quantities are fine and ask them to confirm pickup day, Wednesday or Thursday.",mushroom_Orders_v1.rtf
313,2015-03-03,17:22,Overcast,Spring,"SMS: ""Running late, can I still pick up the box from yesterday's order around 21:15?"" You respond yes, but ask them to ring the bell only once because you may already be resting. They confirm and send a quick thank-you.",mushroom_Orders_v1.rtf
314,2015-03-04,07:32,Misty,Spring,"Cafe Sonnenweg emails: ""Saturday forecast looks good, can we push to 3 kg this weekend?"" They ask to keep the mix similar to last time as guests responded well. You answer that 3 kg is possible, confirming delivery for Saturday 9:00.",mushroom_Orders_v1.rtf
315,2015-03-04,09:57,Weak sun,Spring,"Private customer requests a small weekly box every Wednesday in March, for one person. They prefer vegetarian and mention they feel mentally overloaded from work. You log a recurring order and confirm the first pickup for tonight at 19:00.",mushroom_Orders_v1.rtf
316,2015-03-04,18:46,Cloudy evening,Spring,"New yoga teacher writes: planning a small brunch this Sunday after class, needs enough for 6 people. Mostly plant-based participants, one person gluten-free. You offer approx. 2 kg and ask if they can collect Saturday afternoon.",mushroom_Orders_v1.rtf
317,2015-03-05,08:21,Grey sky,Spring,"Webshop ticket: customer asks if same-day orders are possible for a ""Mushroom Mood Today"" box. They want something for dinner, for two, no meat. You inform them that yes, as long as they can pick up after 18:00 today.",mushroom_Orders_v1.rtf
318,2015-03-05,12:35,Light drizzle,Spring,"Email from regular customer: ""Bad sleep week, feel wired."" They ask for a smaller-than-usual box, 1–2 light portions, plant-based. You confirm and mention you'll keep the total amount modest.",mushroom_Orders_v1.rtf
319,2015-03-05,20:02,"Clear, cold",Spring,"SMS from Neukölln cafe: ""Can we add 0.5 kg to Saturday's test order? Bookings increased."" You say that's fine and adjust their total from 1.5 kg to 2 kg in your notes.",mushroom_Orders_v1.rtf
320,2015-03-06,07:05,Overcast,Spring,Restaurant in Friedrichshain sends inquiry: they want to test 3 kg next Friday for a new evening dish. They ask about approximate price range and whether you can issue an invoice. You respond with your standard restaurant pricing and confirm invoicing is possible.,mushroom_Orders_v1.rtf
321,2015-03-06,09:48,Weak sun,Spring,"Webshop order: 4-portion box, note ""mood: hopeful but exhausted"". Customer says they are vegetarian and can pick up tonight after 20:30. You confirm and ask them to bring a backpack as you're low on paper bags.",mushroom_Orders_v1.rtf
322,2015-03-06,15:57,Light rain,Spring,"Quick email from long-term client: ""Any chance for a mini box for tonight, unplanned friends visiting."" They only need enough for 2 small plates and prefer gentler options. You confirm you can spare a small portion if they come before 18:30.",mushroom_Orders_v1.rtf
323,2015-03-07,06:59,"Grey, cool",Spring,"Cafe Sonnenweg messages: ""We're open slightly earlier, can you aim for 8:45 instead of 9:00?"" You reply ""yes, 8:45 ok,"" and remind them this week is 3 kg. They answer with a thumbs-up emoji.",mushroom_Orders_v1.rtf
324,2015-03-07,10:22,Cloudy,Spring,"Webshop customer chooses ""surprise box"", 3 portions, and writes ""no dairy, no eggs, feeling overstimulated."" They ask if Saturday pickup at 18:00 is available. You confirm and allocate inventory accordingly.",mushroom_Orders_v1.rtf
325,2015-03-07,18:37,Clear evening,Spring,Restaurant from Friedrichshain follows up: confirms 3 kg for next Friday and asks to keep varieties flexible. You note their booking in your calendar and request a delivery window between 10:00 and 11:00.,mushroom_Orders_v1.rtf
326,2015-03-08,08:12,Light fog,Spring,Yoga teacher from earlier confirms collection of 2 kg for brunch and asks if you can help carry the crate to their car. You agree and remind them to pay in cash today. They confirm arrival around 9:00.,mushroom_Orders_v1.rtf
327,2015-03-08,12:28,Weak sun,Spring,"Private customer: ""Sunday reset box?"" They ask for two gentle portions for the coming days, plant-based, nothing too stimulating. You respond that you have enough left and offer pickup around 17:30.",mushroom_Orders_v1.rtf
328,2015-03-08,19:51,Overcast,Spring,"New webshop user orders a 1-portion test box, noting that they are very sensitive and want to see how they react. They ask several sourcing questions and if you wash everything already. You answer briefly about handling and confirm pickup tomorrow.",mushroom_Orders_v1.rtf
329,2015-03-09,07:38,Grey clouds,Spring,"Email: ""Can I start a Monday routine?"" Customer suggests a small weekly box every Monday morning to stabilize their week. You reply that morning pickups are possible if they can come before 9:15 and confirm start date next week.",mushroom_Orders_v1.rtf
330,2015-03-09,11:14,Light drizzle,Spring,"Webshop note: ""Mushroom Mood Today – anxious about work week."" They select a 2-portion box and write vegan, no coffee-related items near. You confirm and reserve a box for evening pickup.",mushroom_Orders_v1.rtf
331,2015-03-09,17:06,Overcast,Spring,"SMS from Neukölln cafe: they report yesterday's test special sold out fast and ask if this coming weekend you can go to 3 kg. You agree but mention that forest yield will decide the exact mix, not all varieties guaranteed.",mushroom_Orders_v1.rtf
332,2015-03-10,08:03,Foggy,Spring,"Private customer from January writes: they want to restart with one box every two weeks, always gluten-free and vegetarian. They ask to start this Thursday if you have capacity. You confirm and schedule them as ""Thursday/bi-weekly"".",mushroom_Orders_v1.rtf
333,2015-03-10,10:55,Grey sky,Spring,"Webshop order: 5-portion family box, note ""two adults, two kids, one vegetarian"". They ask you to separate anything very intense into a smaller bag. You agree and note to label bags clearly.",mushroom_Orders_v1.rtf
334,2015-03-10,19:18,"Clear, cold",Spring,Quick message from a hotel in Mitte: they tried your mushrooms at a friend's bistro and want a trial 2 kg box next week Thursday. They ask about typical delivery time and payment terms. You reply that Thursday mornings are possible and payment by bank transfer at month end works.,mushroom_Orders_v1.rtf
335,2015-03-11,07:47,Overcast,Spring,Regular Wednesday customer asks if this week's box can be slightly smaller due to travel. They want just enough for two light meals. You adjust their standing order and confirm pickup time unchanged.,mushroom_Orders_v1.rtf
336,2015-03-11,13:32,Weak sun,Spring,"Webshop user: ""Impulse order, mood shaky."" They choose 2 portions and request ""as simple as possible, please nothing extreme,"" vegetarian. You confirm availability and propose pickup window 19:00–20:00.",mushroom_Orders_v1.rtf
337,2015-03-11,18:59,Light rain,Spring,"Bistro from Friedrichshain sends message: ""Chef liked the sample, can we fix 3 kg every Friday for the next four weeks."" They mention guests reacted well too. You accept and mark the dates as a temporary standing order.",mushroom_Orders_v1.rtf
338,2015-03-12,08:29,Grey clouds,Spring,"Webshop order: 1-portion ""Mushroom Mood Today"" for someone working night shifts. They say they'll pick up at 21:30 and need something easy to manage when tired. You reply that late pickup is fine and ask them to buzz only once.",mushroom_Orders_v1.rtf
339,2015-03-12,11:02,Light drizzle,Spring,"Email from new customer: ""Do you ship outside Berlin?"" They would like a box sent to Hamburg. You explain that at the moment you only do local pickups and deliveries and suggest they visit when in Berlin.",mushroom_Orders_v1.rtf
340,2015-03-12,16:16,Overcast,Spring,"Neukölln cafe confirms their 3 kg request for the weekend and asks you to keep the flavors softer for brunch crowds. You agree and tag their order as ""mild"".",mushroom_Orders_v1.rtf
341,2015-03-13,06:58,Foggy,Spring,Hotel in Mitte confirms next Thursday's 2 kg trial and sends their loading bay instructions. They request delivery before 10:00 due to kitchen prep. You acknowledge and save the access details.,mushroom_Orders_v1.rtf
342,2015-03-13,09:44,Weak sun,Spring,"Webshop customer books a 3-portion box, writing ""I feel numb and tired, please something stabilizing."" They indicate vegan and gluten-free preferences. You confirm and reserve stock accordingly.",mushroom_Orders_v1.rtf
343,2015-03-13,17:38,Cloudy,Spring,Private customer asks via SMS if they can convert tonight's planned pickup into tomorrow morning as they're stuck at work. You say that's okay and warn that one variety might be slightly less fresh but still fine. They accept.,mushroom_Orders_v1.rtf
344,2015-03-14,08:11,Grey sky,Spring,"Cafe Sonnenweg confirms receiving the 3 kg delivery and notes that one variety was particularly popular. They ask if you can include a bit more of that next week if available. You reply you'll try, depending on forest conditions.",mushroom_Orders_v1.rtf
345,2015-03-14,10:47,Weak sun,Spring,"Webshop order: ""Mood today: calm, want to keep it that way."" Two portions, vegetarian, pickup late afternoon. You confirm and send a short note that 17:30–18:30 is best.",mushroom_Orders_v1.rtf
346,2015-03-14,19:26,"Clear, cold",Spring,SMS from bistro: they sold more than expected and ask if there is any chance for an extra 1 kg top-up for Sunday lunch. You reply that this weekend stock is fully allocated and propose scheduling an increased amount next Friday instead.,mushroom_Orders_v1.rtf
347,2015-03-15,09:05,Light fog,Spring,"Private regular writes: ""Sunday check-in box please, same size as last week."" They mention feeling slightly more rested and want to keep the supportive rhythm. You agree and set aside a similar portion.",mushroom_Orders_v1.rtf
348,2015-03-15,12:58,Cloudy,Spring,"New customer at yoga studio hears about you and emails for a one-off order next weekend, 2–3 portions, mostly plant-based. They ask what info you need from them. You answer: mood, basic dietary notes, and preferred pickup day.",mushroom_Orders_v1.rtf
349,2015-03-15,18:32,Overcast,Spring,"Webshop tiny order: 1 portion, ""just to try, no onions, no dairy."" Pickup requested Monday evening. You accept and mark it as ""test customer"".",mushroom_Orders_v1.rtf
350,2015-03-16,07:53,Grey clouds,Spring,"Customer starting Monday routine appears for first pickup and afterward emails a quick thank-you, asking to keep roughly the same quantity next week. You record that the rhythm is confirmed. No adjustments requested.",mushroom_Orders_v1.rtf
351,2015-03-16,11:39,Light drizzle,Spring,"Webshop user: ""Mushroom Mood Today – nervous, heavy head."" They choose 3 portions, all vegetarian. You confirm evening pickup and mention that Wednesday might be a better day if they prefer less Monday pressure, leaving choice open.",mushroom_Orders_v1.rtf
352,2015-03-16,17:11,Overcast,Spring,Neukölln cafe asks if you can send a simple printed label with your name for their counter. They also confirm 3 kg again for next weekend. You say you'll bring a small info card with the next delivery.,mushroom_Orders_v1.rtf
353,2015-03-17,08:06,Foggy,Spring,"Private customer writes: ""Need something gentle, no big group, just me this week."" They request only one small portion instead of their usual two. You adjust the standing order for this round.",mushroom_Orders_v1.rtf
354,2015-03-17,10:52,Grey sky,Spring,"Webshop order: 4-portions family box, note: ""kids are curious but picky, please keep it not too strange."" They prefer vegetarian. You confirm and promise a straightforward mix.",mushroom_Orders_v1.rtf
355,2015-03-17,19:37,"Clear, cold",Spring,"Bistro asks if next Friday's 3 kg can be shifted to 2.5 kg due to fewer bookings. You agree and modify the order sheet, marking the remaining 0.5 kg for private customers.",mushroom_Orders_v1.rtf
356,2015-03-18,07:42,Overcast,Spring,"Regular Wednesday client confirms they still want their weekly box but slightly heavier this time due to visitors. They request ""same style, just more"". You increase their allocation by one portion.",mushroom_Orders_v1.rtf
357,2015-03-18,12:21,Weak sun,Spring,"Webshop user: ""First time here, read about you via a friend."" They want a 2-portion box and mention being vegan with a sensitive gut. You confirm, suggest evening pickup, and ask them to text you if they can't make it.",mushroom_Orders_v1.rtf
358,2015-03-18,18:58,Light rain,Spring,Hotel in Mitte asks if you can also provide a simple weekly email stating what's coming in Thursday's box. You answer yes and agree to send a short list by Wednesday evening each week.,mushroom_Orders_v1.rtf
359,2015-03-19,08:17,Grey clouds,Spring,"Webshop mini order: 1 portion, ""I just want something simple after a long day."" Pickup planned for tonight at 20:00. You accept and make a note not to overload the box.",mushroom_Orders_v1.rtf
360,2015-03-19,11:03,Overcast,Spring,Email from new cafe: they are considering a collaboration for weekend brunch in April and want to know minimum quantities. You reply that 1.5–2 kg per weekend is your usual minimum for B2B and suggest a trial in early April.,mushroom_Orders_v1.rtf
361,2015-03-19,16:44,Weak sun,Spring,"Bistro confirms tomorrow's 2.5 kg and asks if you can label one crate ""lunchtime"" and the other ""evening"". You agree and prepare two separate containers.",mushroom_Orders_v1.rtf
362,2015-03-20,07:02,Misty,Spring,"Private customer from yoga studio sends first detailed ""mood"" email: stressed, low appetite, wants very small portions. You decide to prepare a compact box with fewer total grams and confirm pickup Saturday.",mushroom_Orders_v1.rtf
363,2015-03-20,09:51,Grey sky,Spring,"Webshop: 3-portion box, ""mood: nervous before travel"". Vegetarian, pickup tonight. You confirm and mention they can freeze leftovers if too much, but keep explanation brief.",mushroom_Orders_v1.rtf
364,2015-03-20,18:29,Clear evening,Spring,"Neukölln cafe writes that they sold out again and consider raising their standing order in April. You suggest waiting one more weekend to see if the pattern holds, then adjusting.",mushroom_Orders_v1.rtf
365,2015-03-21,08:24,Overcast,Spring,Cafe Sonnenweg confirms 3 kg delivery and asks for invoice details for March. You promise to send a simple monthly summary next week. They also mention guest feedback is positive.,mushroom_Orders_v1.rtf
366,2015-03-21,11:47,Weak sun,Spring,"Webshop order: family of three, 3 portions, plant-based. Note says ""no strong bitterness please"". You confirm and choose milder available options.",mushroom_Orders_v1.rtf
367,2015-03-21,19:03,"Clear, cold",Spring,"Private customer messages: ""Can we add a spontaneous small box for tomorrow if you still have something left?"" You check inventory and confirm a last mini box, requesting pickup before noon.",mushroom_Orders_v1.rtf
368,2015-03-22,09:11,Light fog,Spring,Yoga teacher picks up ordered box and later emails asking if for the next event you can slightly increase variety but keep overall quantity similar. You record the preference and agree.,mushroom_Orders_v1.rtf
369,2015-03-22,13:18,Cloudy,Spring,"Webshop user: ""Mood today: heavy, but want gentle support."" They choose a 2-portion box, vegan, pickup Monday. You confirm and put it in the Monday queue.",mushroom_Orders_v1.rtf
370,2015-03-22,18:54,Overcast,Spring,Restaurant in Friedrichshain asks if on the last Friday of March they can get 4 kg instead of 2.5 kg for a special event. You say you'll aim for 4 kg but warn that strong rain might limit yield slightly.,mushroom_Orders_v1.rtf
371,2015-03-23,07:49,Grey clouds,Spring,Monday routine customer confirms that last week's quantity was good and asks to keep it stable. They propose paying monthly to reduce transfers. You agree to monthly invoicing starting April.,mushroom_Orders_v1.rtf
372,2015-03-23,11:26,Light drizzle,Spring,"Webshop mini test order: 1 portion, ""curious, no specific mood request"". They are vegan and can pick up at 20:00. You confirm and mark it as a new client.",mushroom_Orders_v1.rtf
373,2015-03-23,17:33,Weak sun,Spring,Neukölln cafe confirms they want 3.5 kg next weekend due to planned promotion. You update their standing order for that date and mention you'll revert to 3 kg afterward unless they say otherwise.,mushroom_Orders_v1.rtf
374,2015-03-24,08:02,Foggy,Spring,"Private customer asks if you can add a handwritten reminder on the bag ""for evening use"" so they don't forget. You say you'll write a simple note and confirm pickup as usual.",mushroom_Orders_v1.rtf
375,2015-03-24,10:49,Grey sky,Spring,"Webshop user: 4-portion box, ""family visiting, two vegetarians, one omnivore, keep it inclusive."" They ask if they can split payment between two people. You respond that's fine as long as it's done via one transfer reference.",mushroom_Orders_v1.rtf
376,2015-03-24,19:41,"Clear, cold",Spring,Hotel in Mitte confirms Thursday's 2 kg and asks for slightly more of the variety that worked well last week. You reply that you'll adjust proportion accordingly if harvest allows.,mushroom_Orders_v1.rtf
377,2015-03-25,07:45,Overcast,Spring,"Regular Wednesday customer shortens their note: ""same as last week, no change."" You prepare the usual amount without further questions. Pickup time remains 19:00.",mushroom_Orders_v1.rtf
378,2015-03-25,12:17,Weak sun,Spring,"Webshop new customer: ""Therapist told me about your service."" They request a small starter box, 2 portions, vegan, and say they'll describe mood in more detail after trying. You confirm tonight pickup.",mushroom_Orders_v1.rtf
379,2015-03-25,18:40,Light rain,Spring,Bistro confirms they are happy with Friday deliveries so far and want to extend the 3 kg arrangement into April. You agree and block the next four Fridays for them.,mushroom_Orders_v1.rtf
380,2015-03-26,08:14,Grey clouds,Spring,"Webshop order: ""Mushroom Mood Today – restless, can't focus."" They choose 2 portions and mention dairy-free. You confirm and ask if they prefer pickup today or tomorrow.",mushroom_Orders_v1.rtf
381,2015-03-26,11:31,Overcast,Spring,"New cafe from Prenzlauer Berg calls and follows up by email: wants trial 1.5 kg in early April. They ask if you can deliver before 9:00 and if there is a minimum contract. You respond that no contract is needed, just clear communication.",mushroom_Orders_v1.rtf
382,2015-03-26,16:57,Weak sun,Spring,"Hotel in Mitte reconfirms tomorrow's 2 kg, asks for a printed delivery note with your address for their records. You agree and print a simple note.",mushroom_Orders_v1.rtf
383,2015-03-27,07:01,Foggy,Spring,"Private customer: ""Short week ahead, smaller box please."" They ask for half their usual quantity. You adjust and confirm new total.",mushroom_Orders_v1.rtf
384,2015-03-27,09:43,Grey sky,Spring,"Webshop user: 3-portion box, mood ""nervous before big meeting"". Vegan, pickup tonight. You reserve stock and send short confirmation.",mushroom_Orders_v1.rtf
385,2015-03-27,18:22,"Clear, cold",Spring,"Bistro receives delivery and texts that everything arrived fine but they'd like slightly smaller sizes next time for plate aesthetics. You note ""smaller pieces"" in their profile.",mushroom_Orders_v1.rtf
386,2015-03-28,08:19,Overcast,Spring,"Cafe Sonnenweg: ""3 kg received, all good."" They mention one variety didn't sell as fast and ask you to reduce that in the next mix. You agree and ask for feedback again after two weeks.",mushroom_Orders_v1.rtf
387,2015-03-28,11:36,Weak sun,Spring,"Webshop order: 2-portion box, ""weekend, want to stay calm for Monday."" They mark lactose-free and gluten-free. You confirm pickup for 18:00.",mushroom_Orders_v1.rtf
388,2015-03-28,19:17,"Clear, cold",Spring,"Neukölln cafe says their brunch special sold out early and they want to keep the new 3.5 kg level for all April weekends. You log the change and reply ""ok, set for April"".",mushroom_Orders_v1.rtf
389,2015-03-29,09:27,Light fog,Spring,"Private customer: ""Sunday grounding box?"" They ask for a small portion for tonight only, vegan. You check remaining stock and confirm you can put together one last box.",mushroom_Orders_v1.rtf
390,2015-03-29,13:02,Cloudy,Spring,"Webshop test order: 1 portion, ""for one, no onions, no garlic, early Monday pickup"". You accept and schedule pickup for 08:30 Monday.",mushroom_Orders_v1.rtf
391,2015-03-29,18:46,Overcast,Spring,Yoga teacher sends dates for next month's post-class brunch and asks you to pencil in approximate quantities. You respond with a rough estimate per date and ask to confirm numbers 5 days before each.,mushroom_Orders_v1.rtf
392,2015-03-30,07:56,Grey clouds,Spring,Monday routine customer picks up and later writes that current quantity still feels right. They ask if you can send one reminder email Sunday evening so they don't forget. You say you'll add a short reminder to your calendar.,mushroom_Orders_v1.rtf
393,2015-03-30,11:22,Light drizzle,Spring,"Webshop user: 3-portion box, ""mood: heavy, want gentle support this week."" They indicate vegan, pickup today or tomorrow. You suggest today between 19:00–20:00 and they agree.",mushroom_Orders_v1.rtf
394,2015-03-30,17:19,Weak sun,Spring,Hotel in Mitte checks if you can increase this week's delivery by 0.5 kg due to a small group booking. You confirm you can add a bit more and adjust the crate weights.,mushroom_Orders_v1.rtf
395,2015-03-31,08:10,Overcast,Spring,"Regular Wednesday client writes they'll be away and want to skip this week's box, resuming next Wednesday. You confirm cancellation and free up that allocation.",mushroom_Orders_v1.rtf
396,2015-03-31,12:53,Weak sun,Spring,"Webshop order: 2 portions, mood ""stressed but functional"". They mention no gluten, no dairy, pickup after 20:00. You accept and leave the box near the entrance with clear labeling in case of late arrival.",mushroom_Orders_v1.rtf
397,2015-03-31,19:03,"Clear, cold",Spring,"Bistro confirms they want to keep their Friday deliveries at 3 kg through April, not 4 kg, after reviewing reservations. You adjust the numbers and reply ""ok, 3 kg fixed for April"".",mushroom_Orders_v1.rtf
398,2015-04-01,08:05,Grey clouds,Spring,"Private customer writes: ""Starting April, can we do every second Wednesday only, my schedule is tight."" They want same box size, just less often. You update their recurring pattern.",mushroom_Orders_v1.rtf
399,2015-04-01,11:43,Light rain,Spring,"Webshop: 3-portion box, note ""first day at new job, want some stabilizing food for evenings."" Vegetarian, pickup tonight. You confirm and block inventory.",mushroom_Orders_v1.rtf
400,2015-04-01,18:15,Overcast,Spring,New cafe in Prenzlauer Berg confirms their trial 1.5 kg for Saturday and sends address and entry instructions. You log the route and ask for their opening time.,mushroom_Orders_v1.rtf
401,2015-04-02,07:58,Foggy,Spring,"Webshop 1-portion order: ""curious micro-dose of your service, so to speak."" Vegan, pickup after 19:00. You acknowledge and tag as ""micro test"".",mushroom_Orders_v1.rtf
402,2015-04-02,10:39,Grey sky,Spring,Hotel in Mitte asks if you can keep their 2 kg steady through April and warns that one week they may need a last-minute cut if occupancy drops. You agree and ask for at least 24 hours notice.,mushroom_Orders_v1.rtf
403,2015-04-02,17:12,Weak sun,Spring,"Neukölln cafe sends message: ""First April weekend, 3.5 kg confirmed, please a bit more of the brunch-friendly mix."" You confirm and note ""brunch focus"" for this date.",mushroom_Orders_v1.rtf
404,2015-04-03,07:06,Overcast,Spring,"Webshop user: 2-portion box, ""mood: hopeful, but tired after a long week."" Vegetarian. They request pickup at 20:30. You agree and add them to tonight's pickup list.",mushroom_Orders_v1.rtf
405,2015-04-03,11:51,Light drizzle,Spring,Bistro asks if you can deliver 30 minutes earlier today due to a team meeting. You check your schedule and agree to shift from 10:30 to 10:00. They confirm.,mushroom_Orders_v1.rtf
406,2015-04-03,18:23,"Clear, cold",Spring,Private customer requests a quick small box for Sunday and asks if they can pay together with their next order. You accept and note the amount to the next invoice.,mushroom_Orders_v1.rtf
407,2015-04-04,08:13,Grey clouds,Spring,Cafe Sonnenweg acknowledges receiving 3 kg and mentions Saturday bookings look strong. They ask if you can keep the same for next weekend. You answer yes and confirm date.,mushroom_Orders_v1.rtf
408,2015-04-04,11:42,Weak sun,Spring,Prenzlauer Berg cafe trial delivery: they write that 1.5 kg arrived on time and looks good. They say they'll see how it sells and get back about a standing order. You reply wishing them a good weekend and ask for brief feedback Monday.,mushroom_Orders_v1.rtf
409,2015-04-04,19:37,"Clear, cold",Spring,"Webshop order: 2-portion box, ""holiday weekend, want something gentle for two evenings."" Vegan, pickup Sunday afternoon. You confirm and schedule for tomorrow.",mushroom_Orders_v1.rtf
410,2015-04-05,09:21,Light fog,Spring,"Private customer: ""Easter Sunday support box please."" They want a small box for two people, plant-based, no onions. You respond that you can provide a compact box if they pick up before 13:00.",mushroom_Orders_v1.rtf
411,2015-04-05,13:06,Cloudy,Spring,"Webshop mini order: 1 portion, ""just something small to not skip dinner."" Pickup later tonight. You accept and note to keep portion size modest.",mushroom_Orders_v1.rtf
412,2015-04-05,18:50,Overcast,Spring,"Yoga teacher confirms next weekend's brunch and requests about 2.5 kg, as more participants are registered. You agree but flag that you'll confirm final weight on Friday depending on harvest.",mushroom_Orders_v1.rtf
413,2015-04-06,08:01,Grey clouds,Spring,"Monday routine customer sends quick note: they'll be 20 minutes late but still coming. You answer ""ok, I'll be here"" and keep their box in the fridge until arrival.",mushroom_Orders_v1.rtf
414,2015-04-06,11:28,Light drizzle,Spring,"Webshop user: 3-portion box, mood ""nervous, trying to stabilize week."" They indicate vegan, pickup tonight after 19:00. You confirm and send your address details again.",mushroom_Orders_v1.rtf
415,2015-04-06,17:39,Weak sun,Spring,"Hotel in Mitte asks if you can test adding a small separate bag labeled ""staff"" from this week, using leftover bits they can use for staff meal. You agree to try, as long as quantities permit.",mushroom_Orders_v1.rtf
416,2015-04-07,07:54,Foggy,Spring,Private customer from bi-weekly Thursday writes that they'd like to move to Tuesdays instead. You respond that Tuesday works if they can pick up after 19:00. They confirm.,mushroom_Orders_v1.rtf
417,2015-04-07,11:17,Grey sky,Spring,"Webshop 4-portion order, ""friends visiting midweek, two vegans, one omnivore."" They ask to avoid very strong bitterness. You confirm and mark Wednesday pickup.",mushroom_Orders_v1.rtf
418,2015-04-07,19:29,"Clear, cold",Spring,Bistro checks if they can get a small extra 0.5 kg this Friday only due to a group booking. You reply that you can stretch to 3.5 kg and adjust the plan.,mushroom_Orders_v1.rtf
419,2015-04-08,08:09,Overcast,Spring,"Reduced-frequency Wednesday customer confirms they are skipping this week and will return next. You mark ""skip"" on calendar and free up 2 portions.",mushroom_Orders_v1.rtf
420,2015-04-08,12:33,Weak sun,Spring,"Webshop user: 2-portion box, mood ""tired but stable, want low effort evenings."" Vegetarian. Pickup tonight around 20:00. You acknowledge and prepare.",mushroom_Orders_v1.rtf
421,2015-04-08,18:52,Light rain,Spring,Prenzlauer Berg cafe reports their first trial went well and wants to schedule 1.5 kg every Saturday for the rest of April. You confirm and integrate them into your Saturday route.,mushroom_Orders_v1.rtf
422,2015-04-09,07:59,Grey clouds,Spring,"Webshop small order: 1 portion, ""I'm low appetite, just something very small."" Vegan, pickup tonight. You agree and plan a mini-box.",mushroom_Orders_v1.rtf
423,2015-04-09,11:36,Overcast,Spring,Hotel in Mitte confirms today's 2 kg and asks if you can ring the side entrance bell instead of main door due to construction. You note the change and confirm.,mushroom_Orders_v1.rtf
424,2015-04-09,16:55,Weak sun,Spring,"Neukölln cafe clarifies that they'd prefer slightly more variety in their brunch mix, same total weight. You respond that you'll spread varieties more evenly from this weekend onward.",mushroom_Orders_v1.rtf
425,2015-04-10,07:03,Foggy,Spring,"Webshop: 3-portion box, ""mood: anxious, want some routine for weekend."" Vegetarian, pickup tonight. You confirm time window 19:00–20:00.",mushroom_Orders_v1.rtf
426,2015-04-10,10:51,Grey sky,Spring,Bistro receives 3.5 kg and later writes that quantity was perfect for the event. They ask to go back to 3 kg next week. You adjust the standing order.,mushroom_Orders_v1.rtf
427,2015-04-10,18:18,"Clear, cold",Spring,"Private customer asks if you still have capacity for a very small box for Sunday, one person, plant-based. You check your list and confirm you can add one micro order.",mushroom_Orders_v1.rtf
428,2015-04-11,08:16,Overcast,Spring,"Cafe Sonnenweg: ""3 kg arrived, everything fine."" They ask if you can email them a simple description of your service for their team. You promise to send a short text early next week.",mushroom_Orders_v1.rtf
429,2015-04-11,11:39,Weak sun,Spring,Prenzlauer Berg cafe confirms their 1.5 kg looks good and asks if next week they can test 2 kg. You say yes and update the order size for next Saturday.,mushroom_Orders_v1.rtf
430,2015-04-11,19:12,"Clear, cold",Spring,"Webshop 2-portion order, ""quiet weekend, need gentle support, vegetarian."" Pickup Sunday evening. You reserve stock and note ""Sunday 19:00"".",mushroom_Orders_v1.rtf
431,2015-04-12,09:18,Light fog,Spring,Yoga teacher picks up about 2.5 kg and texts that next time they might need slightly more if sign-ups continue rising. You suggest they send you numbers at least a week in advance. They agree.,mushroom_Orders_v1.rtf
432,2015-04-12,13:04,Cloudy,Spring,"Webshop mini order: 1 portion, ""for tonight only, low energy."" Vegan. You confirm immediate preparation and ask them to come by 18:00.",mushroom_Orders_v1.rtf
433,2015-04-12,18:48,Overcast,Spring,"Private regular writes: ""Can we schedule a fixed Sunday box every two weeks until June?"" They want a medium size, plant-based, low stimulation. You agree and set repeating events.",mushroom_Orders_v1.rtf
434,2015-04-13,08:07,Grey clouds,Spring,"Monday routine customer continues unchanged, quick message: ""same as last week, thank you."" You prepare the box and note that the rhythm is holding.",mushroom_Orders_v1.rtf
435,2015-04-13,11:30,Light drizzle,Spring,"Webshop 3-portion box, mood ""overwhelmed, want to stabilize evenings."" Vegan, pickup tonight. You confirm and reply with a short, practical message.",mushroom_Orders_v1.rtf
436,2015-04-13,17:42,Weak sun,Spring,Hotel in Mitte asks if this week's delivery can come 30 minutes later due to kitchen repairs. You adjust to 10:30 and send confirmation.,mushroom_Orders_v1.rtf
437,2015-04-14,07:51,Foggy,Spring,"Bi-weekly Tuesday customer confirms they are coming tonight, same quantity as before. You prepare their box and leave it by the entrance.",mushroom_Orders_v1.rtf
438,2015-04-14,11:24,Grey sky,Spring,"Webshop: 4-portion family box, ""two adults, one teenager, one child, mostly vegetarian."" They ask to keep things not too extreme. You confirm Wednesday pickup.",mushroom_Orders_v1.rtf
439,2015-04-14,19:33,"Clear, cold",Spring,"Bistro messages: ""No change for this Friday, 3 kg fine."" They add a quick note that one variety last week was very popular, asking for more of that if possible. You mark it in their profile.",mushroom_Orders_v1.rtf
440,2015-04-15,08:03,Overcast,Spring,Reduced-frequency Wednesday customer says they'll resume next week but keep the new 2-week rhythm. You update the calendar and remove any confusion.,mushroom_Orders_v1.rtf
441,2015-04-15,12:44,Weak sun,Spring,"Webshop 2-portion order, ""mood: exhausted, can't think about food planning."" Vegetarian, pickup tonight. You confirm and tag it as ""low bandwidth"".",mushroom_Orders_v1.rtf
442,2015-04-15,18:39,Light rain,Spring,Prenzlauer Berg cafe sends quick feedback: 2 kg sold well but they prefer slightly earlier delivery window to prep. You promise to aim for 8:15–8:30 next Saturday instead of 8:45.,mushroom_Orders_v1.rtf
443,2015-04-16,07:57,Grey clouds,Spring,"Webshop mini order: 1 portion, ""just me this weekend, need minimal effort."" Vegan, pickup Friday. You agree and schedule preparation for tomorrow.",mushroom_Orders_v1.rtf
444,2015-04-16,11:19,Overcast,Spring,Hotel in Mitte confirms 2 kg again and says next week they may add 0.5 kg for a group booking. You note potential increase and ask them to confirm by Monday.,mushroom_Orders_v1.rtf
445,2015-04-16,16:51,Weak sun,Spring,"Neukölln cafe reconfirms 3.5 kg for weekend and asks for one smaller crate plus one bigger, easier for storage. You agree and pack accordingly.",mushroom_Orders_v1.rtf
446,2015-04-17,07:04,Foggy,Spring,"Webshop: 3-portion box, ""weekend ahead, want something steady, vegetarian."" Pickup tonight between 19:00–20:00. You confirm.",mushroom_Orders_v1.rtf
447,2015-04-17,10:56,Grey sky,Spring,"Bistro reports that their Friday special is now mentioned in a local blog, expecting more guests next week. They ask if you could consider 3.5 kg again soon. You say you'll aim for it if yield allows.",mushroom_Orders_v1.rtf
448,2015-04-17,18:21,"Clear, cold",Spring,Private customer from Sunday schedule asks if they can move this week's box to Saturday evening due to plans. You agree and adjust the date.,mushroom_Orders_v1.rtf
449,2015-04-18,08:10,Overcast,Spring,"Cafe Sonnenweg: ""All good with 3 kg, keep steady."" They also ask if prices will remain the same through summer. You reply that you don't plan changes before autumn.",mushroom_Orders_v1.rtf
450,2015-04-18,11:47,Weak sun,Spring,Prenzlauer Berg cafe receives 2 kg and messages that delivery timing is now perfect. They confirm they want the same amount next Saturday. You note consistent 2 kg.,mushroom_Orders_v1.rtf
451,2015-04-18,19:10,"Clear, cold",Spring,"Webshop 2-portion order, ""quiet weekend, need gentle evening support, vegan."" Pickup Sunday evening. You reserve portions.",mushroom_Orders_v1.rtf
452,2015-04-19,09:23,Light fog,Spring,"Yoga teacher writes that next month's event list changed and sends updated dates. They still want similar quantities, around 2.5–3 kg per event. You update your calendar.",mushroom_Orders_v1.rtf
453,2015-04-19,13:00,Cloudy,Spring,"Webshop mini box: 1 portion, ""I forgot to order earlier, any chance for today?"" Vegan. You check stock and confirm yes, if they pick up before 18:00.",mushroom_Orders_v1.rtf
454,2015-04-19,18:52,Overcast,Spring,Private regular on Sunday schedule acknowledges the new Saturday pick-up worked fine and suggests alternating between Saturday and Sunday depending on your forest days. You agree and keep communication flexible.,mushroom_Orders_v1.rtf
455,2015-04-20,08:09,Grey clouds,Spring,Monday routine customer notes that current size sometimes feels slightly too big. They ask if you can reduce by about one third next week. You agree to downsize gradually.,mushroom_Orders_v1.rtf
456,2015-04-20,11:33,Light drizzle,Spring,"Webshop: 3-portion box, mood ""numb, but want to maintain rhythm."" Vegetarian, pickup tonight. You confirm, leaving details unchanged from previous orders.",mushroom_Orders_v1.rtf
457,2015-04-20,17:36,Weak sun,Spring,"Hotel in Mitte confirms they'll add 0.5 kg this week, total 2.5 kg. They ask you to write the total weight on the crate. You agree.",mushroom_Orders_v1.rtf
458,2015-04-21,07:56,Foggy,Spring,Bi-weekly Tuesday client says last box size was perfect and no changes needed. They confirm tonight's pickup at 19:30. You prepare the same portion.,mushroom_Orders_v1.rtf
459,2015-04-21,11:27,Grey sky,Spring,"Webshop 4-portion family order: ""visitors in town, mixed diets, keep inclusive."" They mention one person is gluten-free. You confirm Wednesday pickup and plan a balanced mix.",mushroom_Orders_v1.rtf
460,2015-04-21,19:31,"Clear, cold",Spring,"Bistro texts: ""This Friday 3 kg is good, but next Friday we might need 2.5 kg only."" You mark the change and reply ""ok, will adjust.""",mushroom_Orders_v1.rtf
461,2015-04-22,08:02,Overcast,Spring,"Reduced-frequency Wednesday customer confirms they are on for this week's box, same vegetarian preferences. You note ""active this week"" and prepare.",mushroom_Orders_v1.rtf
462,2015-04-22,12:40,Weak sun,Spring,"Webshop 2-portion order, mood ""stressed but stable, need easy options."" Vegan, pickup tonight 20:00. You confirm and log.",mushroom_Orders_v1.rtf
463,2015-04-22,18:47,Light rain,Spring,"Prenzlauer Berg cafe wants to know if you could occasionally add a very small separate bag for their staff tasting, no charge needed. You say you'll do it when stock permits.",mushroom_Orders_v1.rtf
464,2015-04-23,07:58,Grey clouds,Spring,"Webshop tiny 1-portion order, ""minimal energy, just a bit of support."" Vegan, pickup Friday. You accept and mark for next-day prep.",mushroom_Orders_v1.rtf
465,2015-04-23,11:21,Overcast,Spring,Hotel in Mitte notes that 2.5 kg worked well and they may keep that level for upcoming weeks. They ask you to check in with them next Monday. You agree.,mushroom_Orders_v1.rtf
466,2015-04-23,16:50,Weak sun,Spring,"Neukölln cafe confirms 3.5 kg again and asks if mid-May you foresee any major seasonal shift they should plan around. You answer briefly that late spring usually changes variety, not total availability.",mushroom_Orders_v1.rtf
467,2015-04-24,07:06,Foggy,Spring,"Webshop: 3-portion box, ""weekend ahead, mood mixed, want stable support."" Vegetarian, pickup tonight. You confirm, no special constraints beyond usual.",mushroom_Orders_v1.rtf
468,2015-04-24,10:54,Grey sky,Spring,"Bistro receives 3 kg and lets you know they are testing a slightly different dish but same core ingredients. They say quantity felt right. You log ""no change requested"".",mushroom_Orders_v1.rtf
469,2015-04-24,18:16,"Clear, cold",Spring,Private Sunday-schedule customer asks if they can skip this weekend entirely due to travel. You agree and free the allocation for other clients.,mushroom_Orders_v1.rtf
470,2015-04-25,08:11,Overcast,Spring,"Cafe Sonnenweg confirms again: 3 kg is stable and they want to keep it at least through June. You note ""3 kg fixed"" for upcoming weeks.",mushroom_Orders_v1.rtf
471,2015-04-25,11:45,Weak sun,Spring,"Prenzlauer Berg cafe gets 2 kg and asks if next week they can test 2.5 kg for a special brunch. You respond yes, with the note that it's a one-time increase unless they confirm continuation.",mushroom_Orders_v1.rtf
472,2015-04-25,19:15,"Clear, cold",Spring,"Webshop 2-portion order, ""quiet weekend, need grounding, vegan."" Pickup Sunday evening as usual. You reserve and reply with time window.",mushroom_Orders_v1.rtf
473,2015-04-26,09:25,Light fog,Spring,"Yoga teacher sends quick message: ""Next event headcount: 14."" They ask if 3 kg will be enough. You confirm 3 kg should be fine and mark it in your notes.",mushroom_Orders_v1.rtf
474,2015-04-26,13:03,Cloudy,Spring,"Webshop tiny 1-portion box, ""for tonight only, low appetite."" Vegan, pickup 18:30. You confirm and keep portion modest.",mushroom_Orders_v1.rtf
475,2015-04-26,18:55,Overcast,Spring,Private regular says the alternating Saturday/Sunday pattern is working and asks to pre-book dates for May. You agree and set a repeating series.,mushroom_Orders_v1.rtf
476,2015-04-27,08:12,Grey clouds,Spring,Monday routine customer tries the reduced size and later writes that it feels better. They ask you to keep this new portion as the standard. You update their profile.,mushroom_Orders_v1.rtf
477,2015-04-27,11:34,Light drizzle,Spring,"Webshop: 3-portion box, mood ""tired but relatively calm."" Vegetarian, pickup tonight. You confirm quickly, no extra questions.",mushroom_Orders_v1.rtf
478,2015-04-27,17:38,Weak sun,Spring,Hotel in Mitte checks in as agreed and confirms they want to stay at 2.5 kg per week for now. You lock in that quantity for May.,mushroom_Orders_v1.rtf
479,2015-04-28,07:59,Foggy,Spring,"Bi-weekly Tuesday client says they'll be slightly early, at 18:45 instead of 19:30. You confirm you'll have the box ready and cooled.",mushroom_Orders_v1.rtf
480,2015-04-28,11:22,Grey sky,Spring,"Webshop 4-portion family order, ""relatives visiting this week, vegetarian focus."" They ask for two separate bags for easier sharing. You agree and note ""2 bags"" on the order.",mushroom_Orders_v1.rtf
481,2015-04-28,19:35,"Clear, cold",Spring,"Bistro informs you that early May they may pause one Friday due to renovation. They will confirm next week. You mark ""possible skip"" in your calendar.",mushroom_Orders_v1.rtf
482,2015-04-29,08:06,Overcast,Spring,"Reduced-frequency Wednesday customer confirms they are on this week, same smaller quantity. You prepare accordingly and keep to their usual preferences.",mushroom_Orders_v1.rtf
483,2015-04-29,12:42,Weak sun,Spring,"Webshop 2-portion order, ""mood: anxious, want something steady in the fridge."" Vegan, pickup tonight at 20:30. You confirm and package with clear labeling.",mushroom_Orders_v1.rtf
484,2015-04-29,18:43,Light rain,Spring,"Prenzlauer Berg cafe asks if from next month they can settle at 2 kg standard, with occasional 2.5 kg on special weekends. You agree and define the baseline.",mushroom_Orders_v1.rtf
485,2015-04-30,07:55,Grey clouds,Spring,"Webshop small order: 1 portion, ""end of month, low energy, need something simple."" Vegan, pickup Friday. You schedule prep for next day.",mushroom_Orders_v1.rtf
486,2015-04-30,11:29,Overcast,Spring,Hotel in Mitte confirms tomorrow's 2.5 kg and notes an internal event may require slightly more in two weeks. They'll confirm early next week. You log the potential increase.,mushroom_Orders_v1.rtf
487,2015-04-30,17:14,Weak sun,Spring,Neukölln cafe reviews April numbers and says 3.5 kg felt right most weekends. They propose keeping the same for May unless weather or bookings change significantly. You agree and close the month with that as the new default.,mushroom_Orders_v1.rtf
488,2021-01-05,09:12,Deep freeze and snow,Winter,"From: kitchen@bistro-neukoelln.de Hi, with the winter lockdown extension officially confirmed through January, we are locked into our takeaway window model. We need 10kg of your heaviest warming winter mushroom profile for our outdoor soup kitchen line. Please ensure zero-contact delivery rules are maintained at our back ramp.",mushroom_Orders_v1.rtf
489,2021-01-07,14:22,Freezing fog,Winter,"SMS from Chef Thomas (Restaurant Mitte): Hey, the new restriction update means we can't even do customer pickups past 21:00 now. We are restructuring our vacuum kit delivery times. Keep our standard Thursday B2B order at 12kg but drop it off before noon so we can pack early.",mushroom_Orders_v1.rtf
490,2021-01-08,11:05,Grey skies,Winter,"From: ordering@the-workspace-coffee.de Hello, our Friedrichshain and Kreuzberg locations are seeing massive morning queues for takeaway focus hot drinks under the new curfew rules. People are anxious and freezing outside. Please increase our weekly morning restoration blend supply to 30kg total starting next Tuesday.",mushroom_Orders_v1.rtf
491,2021-01-09,16:40,Light snow,Winter,"Order Note - Webshop: Customer Julia Voss. Request: ""Stuck in home office under full lockdown again and the winter dark is brutal. Please send a rich, grounding basket with plenty of bitter, warming herb accents to help with my low energy levels.""",mushroom_Orders_v1.rtf
492,2021-01-12,08:55,Frosty and clear,Winter,"From: purchase@cafe-flora-berlin.de Dear Mushroom House, our team is adjusting to the mandatory FFP2 mask requirement for all staff and customers at the pickup counter this week. To minimize contact time, please leave our 8kg winter supply directly in our external locked courtyard cage. Digital invoice confirmation via email is fine.",mushroom_Orders_v1.rtf
493,2021-01-14,13:12,Chilly rain,Winter,"SMS from Lena: Hi! Are you still allowed to run your courier routes with the new travel radius restrictions in Berlin? If yes, I desperately need my weekly survival box. The screen fatigue from this endless quarantine is getting unbearable.",mushroom_Orders_v1.rtf
494,2021-01-15,10:30,Overcast,Winter,"From: s.beck@posteo.net Hello, I am ordering a custom box to be left at my doorstep in Schöneberg. Feeling completely ungrounded by the constant updates regarding school closures and remote work extensions. Give me a mix that focuses entirely on deep, rustic comfort.",mushroom_Orders_v1.rtf
495,2021-01-19,15:45,Heavy snow,Winter,"Order Log #6402: B2C customer Stefan Weber. Contactless delivery instruction: ""Leave box inside the green plastic bin by the front gate."" Customer notes extreme exhaustion from corporate home office routine during the extended winter shutdown.",mushroom_Orders_v1.rtf
496,2021-01-21,09:18,Freezing fog,Winter,"SMS from Ben: Hey man, hope you are holding up with the new business support application delays. My cafe is surviving solely on morning takeaway windows. Can you add an extra 2kg of the immune-supportive herbal elements to our Thursday drop?",mushroom_Orders_v1.rtf
497,2021-01-22,12:20,Bitter cold,Winter,"From: info@hotel-am-stein.de Dear Mushroom House, our rooms remain strictly restricted to essential business travelers only under current Senate emergency orders. Our kitchen is running a skeleton shift. Please maintain our minimum 3kg weekly baseline of restorative winter profiles to keep our room service functional.",mushroom_Orders_v1.rtf
498,2021-01-26,17:02,Sleet,Winter,"Order Note - Email: Customer Michael K. ""Back in lockdown isolation after a brief family visit. Need a substantive, deeply warming mushroom basket to counter this terrible weather and the general sense of stagnation."" Zero-contact drop-off requested.",mushroom_Orders_v1.rtf
499,2021-01-28,11:15,Grey skies,Winter,"SMS from Chef Thomas (Restaurant Mitte): The regulatory changes are exhausting but our weekend home kits are keeping us alive. Please double our order of the earthy, grounding varieties for this Thursday. All staff are tested daily, drop-off protocol remains safe.",mushroom_Orders_v1.rtf
500,2021-01-29,08:45,Freezing rain,Winter,"From: mail@elisa-k.de Hello, my roommate and I are hitting a major wall with this winter lockdown routine. Can you design a custom box with balancing, restorative herb pairings to help us reset over the weekend? Contactless delivery to Charlottenburg preferred.",mushroom_Orders_v1.rtf
501,2021-02-02,14:10,Clear and cold,Winter,"From: ordering@the-workspace-coffee.de Hi, due to a mandatory rapid testing protocol we are implementing for all our barista staff, our delivery window hours must be strictly regulated next week. Please ensure our 30kg order is delivered precisely between 08:00 and 09:00 AM on Tuesday.",mushroom_Orders_v1.rtf
502,2021-02-04,16:35,Snowing,Winter,"SMS from Jonas: Hey, saw your post about the updated online payment options for safety. Can I get a basket of whatever rich winter varieties you have right now? Need a valid reason to go out for a brief walk in the snow to collect it from your lockbox.",mushroom_Orders_v1.rtf
503,2021-02-05,10:22,Freezing temperatures,Winter,"Order Note - Web: New customer Sandra Meyer. ""Recommended by a friend who uses your service for stress management. Looking for a restorative, grounding mix to help with sleep anxiety caused by the ongoing lockdown extension.""",mushroom_Orders_v1.rtf
504,2021-02-09,13:50,Heavy snow,Winter,"From: purchase@cafe-flora-berlin.de Dear Mushroom House, the massive blizzard has slowed down our takeaway foot traffic today, but we expect a huge weekend rush for hot drinks and brunch boxes. Please maintain our standing 8kg winter order. Leave it at the side gate per usual safety protocols.",mushroom_Orders_v1.rtf
505,2021-02-11,09:11,Clear and frosty,Winter,"SMS from Sarah Lang: Hi there, hope you are staying safe in this extreme cold. Can you send the usual grounding winter mix to my flat this Friday? Feeling completely disconnected from nature sitting in front of my radiator all day.",mushroom_Orders_v1.rtf
506,2021-02-12,15:30,Bitter cold,Winter,"Order Log #6488: B2C customer Oliver H. Contactless delivery instruction: ""Leave in the package locker in the hallway."" Request notes a desire for a warming, substantive profile due to the prolonged freezing temperatures and isolation.",mushroom_Orders_v1.rtf
507,2021-02-16,11:04,Overcast,Winter,"From: kitchen@bistro-neukoelln.de Hi, our contactless pickup window has been a lifeline for the neighborhood during this freeze. We need to add an extra 5kg of your rustic winter mushroom selection to meet weekend stew orders. Please confirm if your storage stock allows.",mushroom_Orders_v1.rtf
508,2021-02-18,16:18,Chilly breeze,Winter,"SMS from Chef Thomas (Restaurant Mitte): Hey, the senate is debating changing the restaurant reopening metrics again. The uncertainty is brutal, so we are sticking strictly to our high-end takeaway boxes. Keep tomorrow's supply heavy on the rich, comforting profiles.",mushroom_Orders_v1.rtf
509,2021-02-19,08:30,Frozen morning,Winter,"From: lars.v@web.de Hello, ordering another box for home delivery. This quarantine routine is draining my mental focus completely. I need a mix that feels slightly more uplifting and fresh, if you have any early greenhouse herb pairings ready yet.",mushroom_Orders_v1.rtf
510,2021-02-23,14:55,Grey skies,Winter,"Order Note - Webshop: Customer Hanna Winter. ""Requesting a custom herb pairing that feels protective and warming. Missing the forest deeply during these months of restricted movement."" Zero-contact delivery to Prenzlauer Berg.",mushroom_Orders_v1.rtf
511,2021-02-25,10:40,Chilly rain,Winter,"From: ordering@the-workspace-coffee.de Hello, under the latest city occupational health guidelines, we are reducing staff hours at our Friedrichshain window. Please scale back our weekly delivery by 5kg until March. Focus all volume on the morning energizing and focus blends for the Mitte and Kreuzberg sites.",mushroom_Orders_v1.rtf
512,2021-02-26,12:15,Crisp air,Winter,SMS from Lena: Morning! Ready for my next lockdown survival basket. Let's do something very earthy and substantial to get through this final stretch of February. Thanks for your amazing consistency throughout this whole year.,mushroom_Orders_v1.rtf
513,2021-03-02,17:10,Clear evening,Spring,"From: contact@restaurant-pure.de Dear Mushroom House, there is a rumor that outdoor dining might be permitted by late March with negative rapid tests. We want to start drafting a transitional menu kit for our regulars. Let's coordinate a testing delivery of 10kg of your earliest spring varieties for next Wednesday.",mushroom_Orders_v1.rtf
514,2021-03-04,09:45,Overcast,Spring,"Order Log #6550: B2C customer Julia Voss. ""Desperately need something to break the monotony of winter isolation. Give me your most vibrant, early spring flavor pairing to lift my mood."" Contactless courier dispatched to Schöneberg.",mushroom_Orders_v1.rtf
515,2021-03-05,15:22,Rainy and cold,Spring,"SMS from Ben: Hey, the rain is keeping people away from the coffee window today but we expect a busy weekend if the testing rules stabilize. Can we ensure our Thursday delivery has a great balance of those morning focus-enhancing herb profiles?",mushroom_Orders_v1.rtf
516,2021-03-09,11:30,Chilly rain,Spring,"From: mail@elisa-k.de Hi, following up on our previous home office subscription box. The balancing herb mix was a massive help last week during a very stressful remote corporate audit. We would love a repeat order for this Friday, same contactless delivery setup.",mushroom_Orders_v1.rtf
517,2021-03-11,14:05,Dynamic clouds,Spring,"Order Note - Web: Customer Stefan Weber. ""Feeling incredibly ungrounded with the constant updates about test centers and shifting opening strategies. Requesting a box that focuses entirely on deep, rustic, comforting elements to help me ground myself.""",mushroom_Orders_v1.rtf
518,2021-03-12,08:22,Cool breeze,Spring,"From: purchase@cafe-flora-berlin.de Hello, the city has just announced that click-and-collect rules are changing next week to allow outdoor customer ordering queues under strict spacing. We want to expand our weekly order of your spring mushroom selections by 4kg. Please adjust our recurring invoice.",mushroom_Orders_v1.rtf
519,2021-03-16,13:15,Mild and sunny,Spring,"SMS from Chef Thomas (Restaurant Mitte): Hey, the 'lockdown light' transition plan is a mess of paperwork but we are trying to set up an outdoor dining structure. For this week's takeaway boxes, give me an early spring mix that feels bright and optimistic.",mushroom_Orders_v1.rtf
520,2021-03-18,16:45,Warm and bright,Spring,"From: info@hotel-am-stein.de Dear Mushroom House team, while room occupancy laws remain unchanged for tourists, we are permitted to open our inner courtyard for limited local lunch service under strict rapid test verification rules starting Monday. Please reactivate our B2B order at 6kg of fresh spring profiles per week.",mushroom_Orders_v1.rtf
521,2021-03-19,10:02,Clear spring day,Spring,"Order Note - Email: Customer Ania Berlin. ""The sun is out but lockdown limits are still mostly active. Looking for an ultra-fresh, light blend with plenty of aromatic spring herbs for an indoor balcony lunch."" Pickup from the outdoor workshop crate arranged.",mushroom_Orders_v1.rtf
522,2021-03-23,12:40,Overcast,Spring,"From: kitchen@bistro-neukoelln.de Hi, we are transitioning our neighborhood pickup menu to early spring flavors as the winter stews drop in demand. Please alter our Tuesday delivery to phase out the heavy winter profiles and bring in the light, zesty herb combinations. Standard 10kg confirmed.",mushroom_Orders_v1.rtf
523,2021-03-25,15:10,Mild rain,Spring,"SMS from Jonas: Hey, stuck inside writing reports on a rainy afternoon under these ongoing home office rules. Do you have any slots left for courier delivery this week? Need something deeply comforting to cook while watching the rain.",mushroom_Orders_v1.rtf
524,2021-03-26,09:30,Chilly morning,Spring,"From: ordering@the-workspace-coffee.de Hello, our Kreuzberg window is experiencing high demand for our morning wellness options as people gather outside. Can we increase our order of the focus blend by 5kg for next week? All staff are fully briefed on zero-contact delivery receiving protocols.",mushroom_Orders_v1.rtf
525,2021-03-30,14:20,Clear and windy,Spring,"Order Log #6612: B2C customer Markus S. Request: ""High-energy mix needed to counter extreme pandemic burnout from endless screen time. Please include sharp, refreshing early herb accents."" Contactless drop-off confirmed.",mushroom_Orders_v1.rtf
526,2021-04-01,11:12,Warm sunshine,Spring,"From: contact@restaurant-pure.de Dear Mushroom House, the senate's new rapid-test-and-dine pilot project is highly complex, but we are participating to reopen our terrace next week. We want our menu to celebrate local resilience and freshness. Let's upgrade our order to 15kg of your finest early spring selections.",mushroom_Orders_v1.rtf
527,2021-04-02,16:55,Sunny and dry,Spring,SMS from Lena: Morning! The weather is amazing but these shifting curfew hours make planning impossible. Can you make me a box that feels incredibly fresh and vibrant for a quiet long weekend at home? Will collect from the workshop crate.,mushroom_Orders_v1.rtf
528,2021-04-06,08:44,Overcast and cool,Spring,"From: s.beck@posteo.net Hello, I am ordering a custom box for a colleague who lives alone and is struggling significantly with the extended home office mandate. I want to surprise him with something grounding and high-quality. Please deliver to the Prenzlauer Berg address listed.",mushroom_Orders_v1.rtf
529,2021-04-08,13:22,Chilly breeze,Spring,"Order Note - Web: Customer Sarah Lang. ""The constant changes in regulation are making me so anxious. Requesting a very clean, balancing spring profile, heavy on refreshing herbs, no heavy or rich varieties please.""",mushroom_Orders_v1.rtf
530,2021-04-09,10:05,Heavy rain,Spring,"SMS from Chef Thomas (Restaurant Mitte): Dammit, the city just suspended the test-and-dine pilot program due to rising case numbers. Shifting 100% back to takeaway boxes for the weekend. Can you adjust tomorrow's delivery to include more rustic, comforting varieties for indoor dining?",mushroom_Orders_v1.rtf
531,2021-04-13,15:30,Crisp and wet,Spring,"From: kitchen@bistro-neukoelln.de Hi, our terrace reopening plans are on ice again due to the federal 'emergency brake' laws. We are relying entirely on our window pickup menu. Please ensure our standard 10kg Tuesday shipment has plenty of savory, grounding options.",mushroom_Orders_v1.rtf
532,2021-04-15,11:15,Sunny intervals,Spring,"Order Log #6680: B2B delivery for purchase@cafe-flora-berlin.de completed. 8kg spring stock dropped at the side entrance per zero-contact rules. Staff updated on compliance, digital invoice transmitted via automated system.",mushroom_Orders_v1.rtf
533,2021-04-16,14:40,Mild sun,Spring,"From: ordering@the-workspace-coffee.de Hello, with the new nighttime curfew implemented after 21:00, our late afternoon traffic has completely disappeared, but our morning coffee window is busier than ever. Please maintain our 25kg weekly delivery, focusing strictly on the morning energizing blends.",mushroom_Orders_v1.rtf
534,2021-04-20,09:22,Clear and bright,Spring,"SMS from Oliver: Hey, since indoor meetings are banned and night curfews are active, doing a very small, distanced park lunch this afternoon with my bubble. Do you have a quick 2kg box of fresh spring mushrooms I can grab from the lockbox now?",mushroom_Orders_v1.rtf
535,2021-04-22,12:18,Warm and breezy,Spring,"From: mail@elisa-k.de Hi Mushroom House, we are continuing our weekend quarantine routine under the emergency brake. Looking for a mix that feels light and joyful to break up the monotony of another week in front of the computer. Courier delivery to our usual spot.",mushroom_Orders_v1.rtf
536,2021-04-23,16:05,Sunny,Spring,"Order Note - Webshop: Customer Stefan Weber. ""Stuck in my flat after 21:00 every night now. Give me a mushroom mix that needs minimal cooking time but provides deep, grounding comfort for quiet evenings.""",mushroom_Orders_v1.rtf
537,2021-04-27,10:45,Overcast and cool,Spring,"From: info@hotel-am-stein.de Dear Mushroom House, the federal emergency brake means our courtyard dining must close again to locals. We are back to serving only the handful of business travelers in their rooms. Please drop our weekly order to our minimal 3kg baseline for next Tuesday.",mushroom_Orders_v1.rtf
538,2021-04-29,14:12,Thunderstorms,Spring,"SMS from Chef Thomas (Restaurant Mitte): Hey, the curfew has everyone eating dinner at 18:00 via our home-delivery kits. Can you make sure our Thursday batch has those comforting, deep flavor profiles to match this rainy, anxious mood? Thanks for being flexible.",mushroom_Orders_v1.rtf
539,2021-04-30,08:30,Fresh and cool,Spring,"From: hanna.w@posteo.de Hello, I missed my pickup window yesterday because my remote presentation ran late. Is it possible to collect my box this Saturday morning instead? I really need that balancing spring blend to survive this week's isolation fatigue.",mushroom_Orders_v1.rtf
540,2021-05-04,11:55,Clear skies,Spring,"From: contact@restaurant-pure.de Hi, we are focusing entirely on premium weekend home kits until the emergency brake is lifted. The feedback on the local foraging focus has been our saving grace during these locked-down spring weeks. Standard 15kg order for Thursday is locked in.",mushroom_Orders_v1.rtf
541,2021-05-06,15:40,Mild afternoon,Spring,"SMS from Lena: Morning! Planning another quiet weekend in my garden plot since everything in the city is shut down. Want a basket that feels like pure spring energy, lots of aromatic herb accents. Let me know when it's in the crate.",mushroom_Orders_v1.rtf
542,2021-05-07,09:10,Warm and sunny,Spring,"Order Note - Web: Customer Julia Voss. ""Feeling completely drained by the ongoing emergency brake restrictions. Requesting an ultra-light, refreshing combination with plenty of bitter herbs to help me stay alert during my endless video calls.""",mushroom_Orders_v1.rtf
543,2021-05-11,13:22,Mild sun,Spring,"From: purchase@cafe-flora-berlin.de Dear Mushroom House, there is talk that outdoor dining might finally return by late May if incidence rates drop below 100. We want to be ready. Please keep our current 8kg supply focused heavily on the crisp, energizing spring herb profiles for our takeaway menu.",mushroom_Orders_v1.rtf
544,2021-05-13,11:04,Overcast and warm,Spring,"SMS from Ben: Hey man, quick check on availability for the Ascension Day long weekend. Need a small top-up of the light mushroom varieties for our takeaway lunch bowls since people will be walking in the parks. About 3kg extra if you have the capacity.",mushroom_Orders_v1.rtf
545,2021-05-14,16:15,Gentle rain,Spring,"From: kitchen@bistro-neukoelln.de Hello, the sudden spring rain is keeping people inside today. Our takeaway window is slower, but we expect a busy weekend if the weather clears up. Please include a few deeper, savory elements in our delivery tomorrow morning to balance the damp mood.",mushroom_Orders_v1.rtf
546,2021-05-18,09:44,Chilly morning,Spring,"Order Log #6755: B2C customer Markus S. ""Contactless delivery to my workplace box. Looking for a hearty, grounding mix to deal with a sudden wave of pandemic exhaustion and long winter-residual hours.""",mushroom_Orders_v1.rtf
547,2021-05-20,14:30,Sunny intervals,Spring,"From: ordering@the-workspace-coffee.de Hi, excellent news! The city has announced that indoor seating can reopen at limited capacity next week under the condition of strict negative tests or vaccination checks. We need to upgrade our baseline order to 30kg across all locations to prepare for the return of sit-down guests.",mushroom_Orders_v1.rtf
548,2021-05-21,11:12,Clear and warm,Spring,"SMS from Jonas: Hey, hope you are managing the shifting rules. Can I get a small custom basket for tomorrow? Something light and refreshing that pairs well with fresh early-summer salads. I will use the contactless lockbox.",mushroom_Orders_v1.rtf
549,2021-05-25,15:50,Sunny and hot,Summer,"From: mail@elisa-k.de Hello, outdoor dining is finally open without test requirements if the incidence stays low! To celebrate making it through the emergency brake, we are hosting a tiny balcony dinner for our closest friends. Please create a premium basket with your best summer varieties and delicate herbs.",mushroom_Orders_v1.rtf
550,2021-05-27,10:05,Heavy humidity,Summer,"Order Note - Webshop: Customer Sarah Lang. ""The heat is setting in and the city is finally waking up from lockdown, but my stress levels are still high. Requesting a clean, crisp profile to help break the sluggishness."" Courier delivery requested.",mushroom_Orders_v1.rtf
551,2021-05-28,08:55,Thunderstorms,Summer,"From: info@hotel-am-stein.de Dear Mushroom House, tourism restrictions are finally easing next week! We are allowed to welcome domestic travelers again under strict testing protocols. Please increase our weekly order to 10kg, introducing more vibrant summer profiles to match our reopening menu.",mushroom_Orders_v1.rtf
552,2021-06-01,13:15,Cool and fresh,Summer,"SMS from Chef Thomas (Restaurant Mitte): Morning! The emergency brake is gone and our terrace is completely booked out tonight under the new open-air rules. Need an extra 6kg of the light, zesty summer mix for the weekend rush. Let me know if you can drop it off today.",mushroom_Orders_v1.rtf
553,2021-06-03,16:40,Warm sunshine,Summer,"From: contact@restaurant-pure.de Hi, we are thrilled to welcome guests back to our terrace without mandatory rapid testing under the latest senate update. The energy in the city is incredible right now. Please upgrade our standard weekly order to 20kg of high-vibrancy summer combinations.",mushroom_Orders_v1.rtf
554,2021-06-04,09:22,Overcast,Summer,"Order Log #6812: B2C customer Ania Berlin. ""Transitioning out of full home office isolation as my company opens the workplace at 50% capacity. Requesting a balancing, grounding blend to help me manage the social anxiety of returning to the office.""",mushroom_Orders_v1.rtf
555,2021-06-08,14:10,Clear skies,Summer,"From: purchase@cafe-flora-berlin.de Hello, we are updating our delivery access protocol as lockdown rules soften. You no longer need to drop at the side gate; our kitchen staff can receive you directly at the counter if you wear a medical mask. Volume remains steady at 10kg of summer herb profiles.",mushroom_Orders_v1.rtf
556,2021-06-10,11:30,Hot and dry,Summer,"SMS from Lena: Hey! Ready for my first post-lockdown summer box. Make it super light and heavy on the wild herbs, please. The city feels so different now that things are reopening. Will pick up from the crate at noon.",mushroom_Orders_v1.rtf
557,2021-06-11,15:02,Intense heat,Summer,"From: ordering@the-workspace-coffee.de Hi, with the extreme heat wave and the lifting of indoor restrictions, our sit-in customer numbers are soaring. Please make sure our weekly 30kg delivery focuses entirely on the most refreshing, crisp flavor profiles available to match our summer cold drink menu.",mushroom_Orders_v1.rtf
558,2021-06-15,08:45,Humid and sticky,Summer,"Order Note - Web: Customer Stefan Weber. ""Feeling a bit overwhelmed by the sudden busyness of the city after months of quiet lockdown. Looking for something light and balancing for a quick, simple dinner on my balcony.""",mushroom_Orders_v1.rtf
559,2021-06-17,13:12,Balmy evening,Summer,"SMS from Ben: Hey man, running low on the fresh herb pairings for our outdoor weekend brunch service. Any chance you can drop off an extra kilo tomorrow morning? The terrace has been packed every single day since restrictions dropped.",mushroom_Orders_v1.rtf
560,2021-06-18,10:35,Overcast,Summer,"From: kitchen@bistro-neukoelln.de Dear Mushroom House, please note that we are finally operating at full outdoor capacity under the new hygiene adjustments. Our staff will meet you at the primary delivery door now. Standard weekly volume is confirmed at 12kg of summer profiles.",mushroom_Orders_v1.rtf
561,2021-06-22,16:18,Sudden downpour,Summer,"Order Log #6890: B2C customer Oliver H. Requesting a change to a more grounding, savory combination due to the intense summer storms and temporary drop in temperature over the weekend. Delivered via standard courier.",mushroom_Orders_v1.rtf
562,2021-06-24,09:11,Clear and cool,Summer,"From: s.beck@posteo.net Hello, looking to order a premium celebration basket for a friend who is finally celebrating her birthday after months of lockdown delays. Something very vibrant, energetic, and special. Please arrange delivery for this Saturday morning.",mushroom_Orders_v1.rtf
563,2021-06-25,14:40,Warm sunshine,Summer,"SMS from Chef Thomas (Restaurant Mitte): Morning! The new regulation updates mean zero mask requirements for guests seated outdoors. The atmosphere is amazing. Need our standard 15kg of light, zesty summer profiles locked in for Thursday morning service.",mushroom_Orders_v1.rtf
564,2021-06-29,11:15,Hot and dry,Summer,"From: contact@restaurant-pure.de Hi, we are keeping our summer menu stable through July as the reopening regulations have finally flattened into a predictable routine. Your local supply has been our strongest operational anchor this entire year. 20kg order for Thursday is fully confirmed.",mushroom_Orders_v1.rtf
565,2021-07-01,15:30,Intense heat,Summer,"Order Note - Webshop: Customer Julia Voss. ""The city is fully open but this extreme heat wave is keeping me indoors during the day. Give me a box with the absolute lightest varieties and maximum cooling herbs for a light weekend meal.""",mushroom_Orders_v1.rtf
566,2021-07-02,08:55,Heavy air,Summer,"From: info@hotel-am-stein.de Dear Mushroom House, our international guest numbers are steadily climbing now that travel regulations have normalized. Please keep our weekly 10kg order running smoothly, focusing on delicate textures and refreshing herbal notes that embody a local Berlin summer.",mushroom_Orders_v1.rtf
567,2021-07-06,13:22,Thunderstorms,Summer,"SMS from Jonas: Wow, what a storm system. Safe inside my flat but craving something a bit more substantial tonight since the temperature dropped fast. Do you have a box ready with a richer, more savory profile? Can pick up from the workshop lockbox.",mushroom_Orders_v1.rtf
568,2021-07-08,16:10,Clear and fresh,Summer,"From: mail@elisa-k.de Hello, we are planning a quiet weekend transition after our first full week back in the corporate office structure. Looking for a custom box that helps ground our energy after a very overwhelming week of in-person meetings. Courier delivery to Charlottenburg, please.",mushroom_Orders_v1.rtf
569,2021-07-09,10:05,Warm breeze,Summer,"From: ordering@the-workspace-coffee.de Hi, we are maintaining our high-volume contract for the summer season across all four locations now that hybrid office work is the standard. Total volume requirement is stable at 30kg per week. Please ensure the delivery notes reflect our updated venue managers' contacts.",mushroom_Orders_v1.rtf
570,2021-07-13,14:55,Overcast,Summer,"SMS from Lena: Morning! Feeling the height of summer in the air today. Want a basket that balances that intense seasonal energy with some calming, grounded herb pairings. Let me know when it's ready in the workshop crate.",mushroom_Orders_v1.rtf
571,2021-07-15,11:12,Heavy rain,Summer,"Order Note - Web: Customer Markus S. ""The rain is keeping me indoors today after a long week of commuting. Requesting a rich, comforting blend to make a warming weekend meal and counter this sudden gray weather.""",mushroom_Orders_v1.rtf
572,2021-07-16,08:30,Grey and cool,Summer,"From: purchase@cafe-flora-berlin.de Dear Mushroom House, the mid-July temperature dip has our customers asking for heartier lunch options on the terrace. Please alter our Tuesday delivery to include your deeper, more rustic mushroom varieties alongside the summer herbs. Volume remains at 10kg.",mushroom_Orders_v1.rtf
573,2021-07-20,15:40,Windy and bright,Summer,"SMS from Chef Thomas (Restaurant Mitte): Hey, people are loving the outdoor evening service this week. Let's keep our menu profile vibrant but substantive. Need 15kg of your finest summer varieties with a strong aromatic herb balance for Thursday morning.",mushroom_Orders_v1.rtf
574,2021-07-22,09:15,Crisp air,Summer,"Order Log #6950: B2C customer Sarah Lang. Standard courier delivery to her apartment. Requesting a grounding, balancing mix to manage the ongoing transition stress of returning to standard workplace routines.",mushroom_Orders_v1.rtf
575,2021-07-23,12:20,Overcast and damp,Summer,"From: kitchen@bistro-neukoelln.de Hello, please see the attached sheet for our late summer delivery schedule. Now that regulations are stable, we are focusing on consistent weekly terrace volumes. Please maintain our standard 12kg Tuesday drop-off with the early autumn transition profiles starting next month.",mushroom_Orders_v1.rtf
576,2021-07-27,16:35,Golden sunshine,Summer,"SMS from Ben: Hey man, the steady summer weather is keeping our morning coffee queues busy. Can we ensure our Thursday delivery has a great balance of those focus-enhancing herbal elements? The neighborhood regulars are loving it.",mushroom_Orders_v1.rtf
577,2021-07-29,10:45,Chilly morning,Summer,"From: ania.berlin@gmx.de Hi, looking to order a personalized box for my partner who is feeling very burnt out from corporate reopening logistics. He needs something that feels deeply grounding and slow. Let me know when is the next available slot for courier delivery.",mushroom_Orders_v1.rtf
578,2021-07-30,14:12,Cool rain,Summer,"Order Note - Webshop: Customer Stefan Weber. ""The sudden summer rain is keeping me inside tonight. Requesting a heavy, comforting mushroom basket to help me slow down and rest over the weekend.""",mushroom_Orders_v1.rtf
579,2021-08-03,09:30,Thick fog,Summer,"From: contact@restaurant-pure.de Dear Mushroom House, our late-summer menu concept is now active. Your local, sustainable mushroom and robust herb pairings remain a core pillar of our kitchen's identity. Please lock in our standard weekly 20kg delivery for the remainder of August.",mushroom_Orders_v1.rtf
580,2021-08-05,13:50,Clear and cold,Summer,"SMS from Oliver: Hey, need a custom basket for a small backyard gathering this Saturday evening. Something deeply savory but light enough for a summer night. I will collect from the workshop box at 16:00.",mushroom_Orders_v1.rtf
581,2021-08-06,11:04,Overcast,Summer,"From: info@hotel-am-stein.de Dear Mushroom House, our summer occupancy rates have completely stabilized under the current health framework. Please maintain our weekly 10kg order, keeping the focus on those beautiful, localized flavor profiles that our international guests highly appreciate.",mushroom_Orders_v1.rtf
582,2021-08-10,15:22,Rain and wind,Summer,"Order Log #7012: B2C customer Julia Voss. ""Feeling a bit low energy with the constant gray skies this week. Send me a box that feels deeply warming and restorative to balance the damp weather."" Standard courier delivery.",mushroom_Orders_v1.rtf
583,2021-08-12,08:44,Cold and bright,Summer,SMS from Chef Thomas (Restaurant Mitte): The cool evening breeze has everyone ordering our warm mushroom starters this week. Need a quick top-up of 4kg of your most rustic varieties by Friday afternoon. Let me know if the stock levels allow.,mushroom_Orders_v1.rtf
584,2021-08-13,12:15,Chilly morning,Summer,"From: ordering@the-workspace-coffee.de Hello, checking in for the mid-August schedule. We want to maintain our 30kg weekly delivery across all active locations. The morning focus and restoration blends continue to be our highest volume drivers. Invoice details remain unchanged.",mushroom_Orders_v1.rtf
585,2021-08-17,16:40,Overcast,Summer,"Order Note - Email: Customer Hanna Winter. ""Requesting a custom box with plenty of robust, bitter herbs to match this shifting seasonal mood. Looking forward to cooking something grounding this weekend."" Pickup arranged.",mushroom_Orders_v1.rtf
586,2021-08-19,10:02,Cold drizzle,Summer,"SMS from Lena: Morning! Ready for my late-summer box. Let's go fully into the deep forest flavor profile this week, feeling like I need something heavy and grounding to manage my energy levels. Thanks!",mushroom_Orders_v1.rtf
587,2021-08-20,13:10,Chilly and wet,Summer,"From: purchase@cafe-flora-berlin.de Hi, our terrace service is holding up well despite the damp weather. Please ensure our Tuesday morning delivery contains your best seasonal yields, focusing heavily on robust textures that pair well with our autumn-transition dishes.",mushroom_Orders_v1.rtf
588,2021-08-24,09:12,Freezing morning,Summer,"From: mail@elisa-k.de Hello, my partner and I are looking for a special weekend box to help us unwind after a very intense week of corporate planning. We want something that feels deeply comforting and rustic. Delivery to Charlottenburg on Friday evening, please.",mushroom_Orders_v1.rtf
589,2021-08-26,14:55,Heavy rain,Summer,"Order Log #7085: B2C customer Stefan Weber. Requesting standard courier delivery. Customer notes a need for a rich, warming mushroom profile to counter the heavy rain and cold evening temperatures.",mushroom_Orders_v1.rtf
590,2021-08-27,11:30,Grey fog,Summer,"SMS from Chef Thomas (Restaurant Mitte): Hey, the weather is forcing everyone indoors onto our limited indoor seating tables. Let's shift our Thursday B2B delivery to 15kg of deep grounding autumn transition profiles to match the indoor atmosphere.",mushroom_Orders_v1.rtf
591,2021-08-31,16:18,Chilly and overcast,Summer,"From: contact@restaurant-pure.de Dear Mushroom House, please note our upcoming seasonal menu shift next week. We are moving entirely toward deep, grounding forest flavors to match the early September weather. Please adjust our standard 20kg order to feature your heaviest rustic varieties.",mushroom_Orders_v1.rtf
592,2021-09-02,08:30,Crisp and clear,Autumn,"Order Note - Web: Customer Sarah Lang. ""The autumn cold is starting early this year and my energy levels are hitting a wall. Requesting a deeply restorative, comforting mushroom mix for a cozy weekend inside.""",mushroom_Orders_v1.rtf
593,2021-09-03,12:40,Dark and rainy,Autumn,"From: kitchen@bistro-neukoelln.de Hi, we are updating our indoor dining setup for the full autumn season. Please maintain our standard 12kg Tuesday delivery, focusing purely on your signature grounding profiles and robust herb pairings. Invoice details are attached.",mushroom_Orders_v1.rtf
594,2021-09-07,15:10,Bitterly cold,Autumn,"SMS from Ben: Hey, the morning coffee lines are packed with people looking for warm functional drinks today. Can you ensure our Thursday batch has a strong focus on the warming, protective herbal elements? Thanks man!",mushroom_Orders_v1.rtf
595,2021-09-09,10:05,Overcast,Autumn,"From: s.beck@posteo.net Hello, I am ordering a custom grounding box for the weekend. Feeling a bit overwhelmed by the changing workplace routines this month, and I need a mix that feels very slow, substantive, and soothing to cook. Standard courier delivery.",mushroom_Orders_v1.rtf
596,2021-09-10,14:22,Thick fog,Autumn,Order Log #7155: B2B delivery for ordering@the-workspace-coffee.de completed. 30kg of autumn grounding and morning focus blends dropped at the central hub. All delivery protocols verified and signed off.,mushroom_Orders_v1.rtf
597,2021-09-14,08:55,Chilly drizzle,Autumn,"SMS from Jonas: Morning! Do you have any of those rich, deep forest varieties available for pickup today? Need a serious comfort meal tonight after a grueling week of corporate deadlines. I'll use the workshop lockbox.",mushroom_Orders_v1.rtf
598,2021-09-16,13:15,Cold and grey,Autumn,"From: info@hotel-am-stein.de Dear Mushroom House team, our autumn conference bookings are steady and our dining room is operating smoothly. Please maintain our weekly supply at 10kg, utilizing the rich, comforting seasonal profiles that our business guests highly appreciate.",mushroom_Orders_v1.rtf
599,2021-09-17,11:04,Overcast,Autumn,"From: purchase@cafe-flora-berlin.de Hi, we are fully transitioning to our autumn indoor menu starting next week. We want to feature your local mushroom yields in our signature comforting stews. Please lock in our 10kg weekly order of robust, earthy varieties.",mushroom_Orders_v1.rtf
600,2021-09-21,15:45,Cold rain,Autumn,"Order Note - Webshop: Customer Julia Voss. ""The grey weather is making me feel very low energy. Please send me your most grounding, rustic combination with heavy, comforting herb profiles to help me reset over the weekend.""",mushroom_Orders_v1.rtf
601,2021-09-23,09:22,Freezing rain,Autumn,"SMS from Chef Thomas (Restaurant Mitte): The cold dampness has everyone ordering our signature autumn broths this week. Need to ensure our Thursday B2B order stays at 15kg of the deepest, most comforting forest profiles available. The quality lately has been spectacular.",mushroom_Orders_v1.rtf
602,2021-09-24,14:10,Crisp morning air,Autumn,"From: mail@elisa-k.de Hello, my partner and I are looking for an autumn reset box. The transition back to full-time office work has been exhausting, and we need a mix that feels grounding and slow for the weekend. Delivery to Charlottenburg on Friday evening.",mushroom_Orders_v1.rtf
603,2021-09-28,11:30,Thick grey fog,Autumn,"Order Log #7220: B2C customer Stefan Weber. Requesting contactless drop-off at the back entrance. Customer notes extreme fatigue from heavy project workloads, looking for deep comfort profiles.",mushroom_Orders_v1.rtf
604,2021-09-30,16:40,Bitter cold,Autumn,"SMS from Lena: Morning! Ready for my next seasonal basket. Let's do something incredibly rich and heavy on the warming herbs this time, feeling like I need a major grounding boost for the weekend. Will collect from the crate.",mushroom_Orders_v1.rtf
605,2021-10-05,09:15,Cold rain,Autumn,"From: kitchen@bistro-neukoelln.de Dear Mushroom House, our indoor service is running at maximum allowed capacity this week. We want to ensure our Tuesday delivery focuses entirely on your most robust, savory mushroom varieties to match our heavy autumn menu items. Standard 12kg confirmed.",mushroom_Orders_v1.rtf
606,2021-10-07,13:50,Overcast and damp,Autumn,"SMS from Chef Thomas (Restaurant Mitte): Evening crowd is packing out the indoor tables now that it's freezing outside. Let's maximize the rustic, earthy profiles in our Thursday B2B delivery. The current herb pairing is absolutely perfect for this October gloom.",mushroom_Orders_v1.rtf
607,2021-10-08,11:04,Thick fog,Autumn,"From: ordering@the-workspace-coffee.de Hello, update for the winter-prep schedule. We are experiencing high morning traffic across all four city locations. Can we increase our standard Tuesday delivery of the focus and restoration blends to 35kg total? Please update our billing account.",mushroom_Orders_v1.rtf
608,2021-10-12,15:22,Chilly wind,Autumn,"Order Note - Webshop: Customer Stefan Weber. ""Looking for the deep winter-transition blend. Something that provides strong grounding comfort as the nights are getting freezing cold."" Standard delivery arranged.",mushroom_Orders_v1.rtf
609,2021-10-14,08:44,Overcast and cold,Autumn,"From: info@hotel-am-stein.de Dear Mushroom House team, our upcoming culinary theme weeks focus entirely on regional truth and authenticity. We want to highlight your unique seasonal methodology in our guest literature. Please confirm our standard winter supply delivery of 10kg for Thursday morning.",mushroom_Orders_v1.rtf
610,2021-10-15,12:15,Freezing rain,Autumn,"SMS from Jonas: Hey, this weather is brutal today. Need my usual late-autumn grounding toolkit to get through a stressful weekend of corporate reporting. Let me know when the next batch is ready for pickup in the shop lockbox.",mushroom_Orders_v1.rtf
611,2021-10-19,16:40,Dark and frosty,Autumn,"From: contact@restaurant-pure.de Dear Mushroom House, our team is finalizing our high-winter menu matrix this week. We require a steady, high-volume supply of your deepest warming profiles to carry us through the end of the year. Please ensure our weekly 20kg contract is locked in.",mushroom_Orders_v1.rtf
612,2021-10-21,10:02,Cold drizzle,Autumn,"Order Log #7310: B2C customer Julia Voss. Request: ""Heavy autumn grounding mix needed. Feeling very disjointed with the sudden intense change of weather."" Dispatched via standard courier route to Schöneberg address.",mushroom_Orders_v1.rtf
613,2021-10-22,13:10,Freezing fog,Autumn,"SMS from Chef Thomas (Restaurant Mitte): Hey, the winter rush is definitely starting early this year. The city is frozen and people want heavy comfort food, so please send us the most robust, savory profiles you have ready for Tuesday's drop.",mushroom_Orders_v1.rtf
614,2021-10-26,09:12,Grey and cold,Autumn,"From: purchase@cafe-flora-berlin.de Hi, we are seeing a major shift toward our hot breakfast options as the morning temperature drops. Please alter our standing Tuesday delivery to focus entirely on your deepest, most substantive mushroom varieties. Volume remains stable at 10kg.",mushroom_Orders_v1.rtf
615,2021-10-28,14:55,Sleet,Autumn,"Order Note - Web: Customer Sarah Lang. ""The late-autumn dampness is really affecting my energy levels. Requesting an urgent delivery of a highly comforting, robust mushroom and herb blend for this weekend if possible.""",mushroom_Orders_v1.rtf
616,2021-10-29,11:30,Freezing temperatures,Autumn,"SMS from Lena: Hi! Just checked the shop site, looking to order a custom winter-prep box. Need something powerful to clear out the late-season sluggishness. Let me know when you are running the regular delivery route.",mushroom_Orders_v1.rtf
617,2021-11-02,16:18,Dark and cloudy,Autumn,"From: kitchen@bistro-neukoelln.de Hello, we are launching our official high-winter comfort menu next week. Please ensure our next 12kg delivery contains your most robust warming herb pairings to perfectly align with our clean, seasonal brand identity. Invoice details attached.",mushroom_Orders_v1.rtf
618,2021-11-04,08:30,Crisp morning air,Autumn,"Order Log #7402: B2C customer Clara B. Request: ""Custom mix for a quiet, freezing evening. Something deeply cozy and substantive, balancing rich mushroom tones with protective herbs."" Pickup scheduled at the workshop lockbox.",mushroom_Orders_v1.rtf
619,2021-11-05,12:40,Overcast and cold,Autumn,"From: contact@restaurant-pure.de Dear Mushroom House, our terrace is officially closed for the winter and all service has moved inside under the current capacity rules. We need our weekly 20kg delivery to consist entirely of rich, deep warming profiles with strong aromatic herb accents. Please confirm dispatch for Thursday.",mushroom_Orders_v1.rtf
620,2021-11-09,15:10,Thick fog,Autumn,"SMS from Michael K.: Hey, need a quick reorder of the heavy grounding blend. Feeling like I need a serious energy reset after a frantic week of corporate management deadlines. Let me know if I can collect it today from the crate.",mushroom_Orders_v1.rtf
621,2021-11-11,10:05,Cold drizzle,Autumn,"From: info@hotel-am-stein.de Dear Mushroom House, please note that we require an additional 5kg of the restorative winter blend for our specialty wellness weekend guests in late November. Please confirm if this fits within your current seasonal foraging and storage capacity.",mushroom_Orders_v1.rtf
622,2021-11-12,14:22,Freezing temperatures,Autumn,"Order Note - Webshop: Customer Stefan Weber. ""The winter freeze is fully here. Requesting a custom mix that focuses entirely on deep, rustic, comforting elements to help me ground myself after a long week of travel.""",mushroom_Orders_v1.rtf
623,2021-11-16,08:55,Snow showers,Winter,"From: ordering@the-workspace-coffee.de Hello, checking in for the high-winter schedule. We want to maintain our 35kg weekly delivery across all four active locations. The winter weather always drives immense demand for our functional morning focus and restoration profiles. Invoice details remain stable.",mushroom_Orders_v1.rtf
624,2021-11-18,13:15,Bitterly cold,Winter,"SMS from Chef Thomas (Restaurant Mitte): Morning! The winter menu is flying out the kitchen this week. Need an extra 5kg of the heavy, warming forest profiles for the weekend rush. Let me know if you can manage this short-notice addition by tomorrow afternoon.",mushroom_Orders_v1.rtf
625,2021-11-19,11:04,Grey skies,Winter,"From: purchase@cafe-flora-berlin.de Hi, we are experiencing higher morning foot traffic than usual this season. Can we add an extra 3kg of the deep warming blend to our standard Tuesday drop? Please update our recurring billing statement to reflect the change.",mushroom_Orders_v1.rtf
626,2021-11-23,15:45,Heavy snow,Winter,"Order Log #7499: B2C customer Julia Voss. Request: ""Heavy winter comfort mix needed. Feeling completely drained by the freezing weather and long work hours."" Dispatched via standard courier route to Schöneberg address.",mushroom_Orders_v1.rtf
627,2021-11-25,09:22,Freezing fog,Winter,SMS from Lena: Hi! Just wanted to make sure my weekly survival box is locked in for Friday. Need something deeply grounding and substantive to counter the winter dark. I will use the contactless workshop lockbox at noon.,mushroom_Orders_v1.rtf
628,2021-11-26,14:10,Crisp and cold,Winter,"From: kitchen@bistro-neukoelln.de Hello, please see the attached updated sheet for our December delivery volumes. We are keeping our winter comfort menu highly stable through the holidays. Standard 12kg Tuesday drop-off remains completely unchanged. Thank you for the incredible consistency this season.",mushroom_Orders_v1.rtf
629,2021-11-30,11:30,Dark and freezing,Winter,"Order Note - Web: Customer Sarah Lang. ""The late November darkness is really hitting my energy levels hard this week. Requesting a highly comforting, robust mushroom and herb blend for an urgent delivery if possible.""",mushroom_Orders_v1.rtf
630,2021-12-02,16:40,Bitterly cold,Winter,"From: contact@restaurant-pure.de Dear Mushroom House, our high-winter menu alignment has been a massive success with our guests during these freezing weeks. Please maintain our standard weekly 20kg contract for the rest of the month, keeping the focus entirely on the deep, rustic forest profiles.",mushroom_Orders_v1.rtf
631,2021-12-03,10:02,Snowing,Winter,"SMS from Jonas: Hey, need a custom basket for a cozy snowy Friday evening dinner with my bubble. Something deeply comforting and savory to match this amazing winter weather. I will collect from the workshop box around 16:30.",mushroom_Orders_v1.rtf
632,2021-12-07,13:10,Freezing rain,Winter,"From: info@hotel-am-stein.de Dear Mushroom House team, our holiday booking rates are highly stable and our dining room is operating smoothly. Please confirm our standard winter supply delivery of 10kg for this Thursday morning, utilizing the rich, grounding profiles our guests love.",mushroom_Orders_v1.rtf
633,2021-12-09,15:22,Overcast and cold,Winter,"Order Log #7580: B2C customer Stefan Weber. Requesting standard courier delivery to his apartment address. Customer notes extreme fatigue from year-end corporate reporting, looking for a highly substantive comfort profile.",mushroom_Orders_v1.rtf
634,2021-12-10,08:44,Chilly breeze,Winter,"SMS from Chef Thomas (Restaurant Mitte): Hey, the holiday crowd is ordering our signature winter stews at an incredible rate this week. Need an emergency top-up of 5kg of your most rustic, earthy varieties by tomorrow afternoon. Let me know if you have the stock ready.",mushroom_Orders_v1.rtf
635,2021-12-14,12:15,Grey fog,Winter,"From: ordering@the-workspace-coffee.de Hello, update for the pre-holiday schedule. We are seeing a massive surge in demand for our morning restoration and grounding blends across all active sites. Please ensure our weekly 35kg delivery is dispatched on time this Tuesday.",mushroom_Orders_v1.rtf
636,2021-12-16,16:40,Freezing temperatures,Winter,"Order Note - Email: Customer Hanna Winter. ""Requesting a custom winter box with plenty of robust, protective herbs to handle this intense seasonal cold. Looking forward to a quiet, grounding weekend of cooking at home."" Pickup arranged.",mushroom_Orders_v1.rtf
637,2021-12-17,09:12,Deep freeze,Winter,"SMS from Lena: Morning! Ready for my final box of the year before the holiday break. Let's go fully into the deepest, most comforting forest flavor profile you have, heavy on the warming herbs. Thanks for keeping me grounded all year!",mushroom_Orders_v1.rtf
638,2021-12-21,14:55,Light snow,Winter,"From: purchase@cafe-flora-berlin.de Hi, we are adjusting our delivery hours for the upcoming holiday week due to modified holiday opening times. Please move our standard Tuesday morning drop-off to Monday afternoon instead. Volume remains completely stable at 10kg of winter comfort profiles.",mushroom_Orders_v1.rtf
639,2021-12-23,11:30,Freezing rain,Winter,"Order Log #7650: B2B delivery for contact@restaurant-pure.de completed. 20kg of premium high-winter rustic stock dropped at the kitchen entrance. All seasonal parameters met, digital billing finalized via automated system.",mushroom_Orders_v1.rtf
640,2018-12-01,09:15,Grey frost and fog,Winter,"From: kitchen@bistro-neukoelln.de Hi, December is officially here and our holiday event bookings are filling up fast. We want to secure 10kg of your richest winter grounding mushroom varieties for our seasonal menu starting next Tuesday. Please confirm availability.",mushroom_Orders_v1.rtf
641,2018-12-01,14:30,Clear and freezing,Winter,"SMS from Chef Thomas (Restaurant Mitte): Hey, the December rush is starting early. We need to double our standard Thursday B2B order to 20kg for the next three weeks to cover corporate holiday parties. Keep the focus on deep, rustic comfort.",mushroom_Orders_v1.rtf
642,2018-12-03,11:04,Thick overcast,Winter,"From: ordering@the-workspace-coffee.de Hello, our corporate clients are requesting high-volume holiday catering boxes for their year-end team meetings. Please add an extra 5kg of the morning focus and restoration blends to our regular Tuesday delivery hub drop-off.",mushroom_Orders_v1.rtf
643,2018-12-03,16:22,Freezing rain,Winter,"Order Note - Webshop: Customer Julia Voss. Request: ""The year-end corporate crunch is driving me crazy and this dark weather isn't helping. Please send a highly grounding, comforting winter basket with extra warming herbs to my apartment.""",mushroom_Orders_v1.rtf
644,2018-12-04,08:50,Icy morning,Winter,"From: purchase@cafe-flora-berlin.de Dear Mushroom House, our breakfast terrace is winterized with heaters and blankets, and customers are looking for heavy, savory options. Please increase our weekly Tuesday order to 12kg of robust forest profiles for the rest of December.",mushroom_Orders_v1.rtf
645,2018-12-04,13:12,Light snow,Winter,SMS from Lena: Hi! Can you put together a special St. Nicholas Day basket for me to pick up this Thursday? I want something deeply restorative and comforting to help survive the frantic holiday workload.,mushroom_Orders_v1.rtf
646,2018-12-05,10:15,Overcast,Winter,"From: s.beck@posteo.net Hello, I am ordering a custom holiday gift box to be delivered to a colleague in Wilmersdorf. I want to include your most premium, rich winter mushroom selection and protective herbs to show appreciation for their hard work this year.",mushroom_Orders_v1.rtf
647,2018-12-05,15:40,Heavy snow,Winter,"Order Log #3102: B2C customer Stefan Weber. Requesting standard drop-off. Customer notes intense fatigue from closing out year-end financial files, seeking a deeply substantial, slow-cooking winter mix for the weekend.",mushroom_Orders_v1.rtf
648,2018-12-06,09:18,Fresh snow,Winter,SMS from Ben: Happy St. Nicholas Day! The snow has everyone in the neighborhood craving warm wellness drinks. Can you add an extra 2kg of your signature winter warming herbs to our delivery this morning?,mushroom_Orders_v1.rtf
649,2018-12-06,12:20,Bitterly cold,Winter,"From: info@hotel-am-stein.de Dear Mushroom House, our holiday banqueting schedule is fully locked in for the month. We require a consistent, high-volume B2B supply of 15kg per week of your finest earthy mushroom profiles to support our festive tasting menus.",mushroom_Orders_v1.rtf
650,2018-12-07,17:02,Freezing fog,Winter,"Order Note - Email: Customer Michael K. ""Heading into a very busy week of corporate holiday travel. Requesting a substantive, rich basket to help me ground myself when I get back home for the weekend."" Delivery to Charlottenburg.",mushroom_Orders_v1.rtf
651,2018-12-07,11:15,Grey skies,Winter,SMS from Chef Thomas (Restaurant Mitte): The corporate event tonight expanded last minute. Can we get an emergency delivery of 5kg of your signature savory mushroom blend by 15:00 today? Let me know the price change.,mushroom_Orders_v1.rtf
652,2018-12-08,08:45,Freezing drizzle,Winter,"From: mail@elisa-k.de Hello, my partner and I are hosting a small pre-Christmas dinner for our immediate family this Saturday. Can you design a premium basket with your most elegant winter varieties and aromatic herb accents? Delivery on Friday, please.",mushroom_Orders_v1.rtf
653,2018-12-08,14:10,Clear and cold,Winter,"From: ordering@the-workspace-coffee.de Hi, we need to adjust our delivery window for next Tuesday due to a scheduled building inspection. Please ensure our 25kg order arrives strictly between 07:30 and 08:30 AM. Standard safety and invoicing protocols apply.",mushroom_Orders_v1.rtf
654,2018-12-10,16:35,Snowing,Winter,"SMS from Jonas: Hey, looking to grab a basket for a cozy evening dinner with my flatmates. Need something deeply comforting to balance out the frantic pre-holiday city energy. I'll collect it from the lockbox around 18:00.",mushroom_Orders_v1.rtf
655,2018-12-10,10:22,Frozen morning,Winter,"Order Note - Web: New customer Sandra Meyer. ""Recommended by a regular customer. Looking for a restorative, balancing mix to help manage seasonal stress and anxiety brought on by the chaotic holiday season.""",mushroom_Orders_v1.rtf
656,2018-12-11,13:50,Heavy sleet,Winter,"From: purchase@cafe-flora-berlin.de Dear Mushroom House, the sleet is keeping people inside today but our weekend pre-orders for Christmas brunch boxes are massive. Please maintain our 12kg order for next week, focusing heavily on robust, savory profiles.",mushroom_Orders_v1.rtf
657,2018-12-11,09:11,Clear and frosty,Winter,"SMS from Sarah Lang: Hi there, hope you are staying warm. Can you send the usual grounding winter mix to my apartment this Friday? Feeling completely overwhelmed by holiday shopping and endless screen time.",mushroom_Orders_v1.rtf
658,2018-12-12,15:30,Bitter cold,Winter,"Order Log #3145: B2C customer Oliver H. Contactless delivery instruction: ""Leave inside the parcel box in the courtyard."" Request notes a desire for a warming, rich profile to counter the freezing mid-month temperatures.",mushroom_Orders_v1.rtf
659,2018-12-12,11:04,Overcast,Winter,"From: kitchen@bistro-neukoelln.de Hi, our festive evening menus have been highly popular this week. We need to add an extra 4kg of your rustic winter mushroom selection to our standard Tuesday drop-off to cover the final week before the Christmas closure.",mushroom_Orders_v1.rtf
660,2018-12-13,16:18,Chilly wind,Winter,"SMS from Chef Thomas (Restaurant Mitte): Hey, we are finalizing our premium menus for Christmas Eve and Christmas Day service. Please ensure next Thursday's delivery features your absolute finest, most pristine forest profiles. Total volume 20kg.",mushroom_Orders_v1.rtf
661,2018-12-13,08:30,Freezing fog,Winter,"From: lars.v@web.de Hello, ordering another box for home delivery. The frantic end-of-year corporate push is completely draining my focus. I need a mix that feels grounding yet mentally refreshing to help me push through the next few days.",mushroom_Orders_v1.rtf
662,2018-12-14,14:55,Grey skies,Winter,"Order Note - Webshop: Customer Hanna Winter. ""Requesting a custom holiday herb pairing that feels protective and deeply comforting. Looking forward to slowing down and cooking during the upcoming winter break.""",mushroom_Orders_v1.rtf
663,2018-12-14,10:40,Chilly rain,Winter,"From: ordering@the-workspace-coffee.de Hello, please note that we are scaling back our operations slightly over the core Christmas week as corporate offices close. For next Tuesday's delivery, please reduce our total volume to 15kg, focusing entirely on the morning focus blends.",mushroom_Orders_v1.rtf
664,2018-12-15,12:15,Crisp air,Winter,SMS from Lena: Morning! Ready for my pre-Christmas survival basket. Let's do something incredibly rich and heavy on the warming herbs to prepare for the long family holiday. Thanks for keeping the shop running all winter.,mushroom_Orders_v1.rtf
665,2018-12-15,17:10,Clear evening,Winter,"From: contact@restaurant-pure.de Dear Mushroom House, our high-winter festive concept 'Solstice' is fully booked through next week. Your local mushroom yields are the anchor of our signature holiday plates. Please lock in our 20kg delivery for next Wednesday morning.",mushroom_Orders_v1.rtf
666,2018-12-17,09:45,Overcast,Winter,"Order Log #3190: B2C customer Julia Voss. ""Desperately need a grounding reset before the Christmas holidays begin. Give me your most substantive, comforting variety and herb pairing this week."" Delivery to Schöneberg.",mushroom_Orders_v1.rtf
667,2018-12-17,15:22,Rainy and cold,Winter,"SMS from Ben: Hey, rain is keeping people away today but we expect a huge rush of locals grabbing coffee before heading out for Christmas break. Can we make sure our Thursday delivery has a great balance of focus-enhancing profiles?",mushroom_Orders_v1.rtf
668,2018-12-18,11:30,Chilly rain,Winter,"From: mail@elisa-k.de Hi, following up on our previous order. The holiday dinner was a massive success! We want a simple, grounding box for just the two of us to help us unwind over the upcoming long holiday weekend. Delivery this Friday, please.",mushroom_Orders_v1.rtf
669,2018-12-18,14:05,Freezing drizzle,Winter,"Order Note - Web: Customer Stefan Weber. ""Preparing for a very quiet Christmas holiday at home. Requesting a substantial basket that focuses entirely on deep, rustic, earthy elements to help me disconnect from work.""",mushroom_Orders_v1.rtf
670,2018-12-19,08:22,Cool breeze,Winter,"From: purchase@cafe-flora-berlin.de Hello, we are updating our opening hours for the Christmas holidays (closed Dec 24-26). Please move our standard Tuesday morning delivery to Monday afternoon instead. Total volume required is reduced to 6kg.",mushroom_Orders_v1.rtf
671,2018-12-19,13:15,Mild and overcast,Winter,"SMS from Chef Thomas (Restaurant Mitte): Hey, quick update for the Christmas Eve service logistics. Please drop off our 20kg order at the back kitchen door before 10:00 AM on Monday so the prep team can get started early. Thanks!",mushroom_Orders_v1.rtf
672,2018-12-20,16:45,Chilly morning air,Winter,"From: info@hotel-am-stein.de Dear Mushroom House team, our hotel is fully booked with holiday travelers for Christmas week. To ensure smooth operations, please maintain our 15kg order of rich winter profiles, delivered directly to our cold storage bay on Monday morning.",mushroom_Orders_v1.rtf
673,2018-12-20,10:02,Crisp winter day,Winter,"Order Note - Email: Customer Ania Berlin. ""Looking for a deeply comforting, rich mushroom blend with plenty of festive herbs to cook a special Christmas Eve dinner for my parents. Collection from the workshop box arranged.""",mushroom_Orders_v1.rtf
674,2018-12-21,12:40,Overcast,Winter,"From: kitchen@bistro-neukoelln.de Hi, please note that we will be completely closed for a winter break from December 24th through January 2nd. Please cancel our standing B2B deliveries for next week. We will resume our standard 10kg order on Tuesday, January 3rd. Merry Christmas!",mushroom_Orders_v1.rtf
675,2018-12-21,15:10,Mild rain,Winter,"SMS from Jonas: Hey, staying in Berlin for Christmas and want to avoid the grocery store chaos. Do you have any slots left for a custom delivery tomorrow? Need something substantial and comforting to cook over the holidays.",mushroom_Orders_v1.rtf
676,2018-12-22,09:30,Frozen morning,Winter,"From: ordering@the-workspace-coffee.de Hello, quick holiday notification. Our Mitte and Friedrichshain locations will close from Dec 24 to Jan 1, but our Kreuzberg hub remains open on a reduced schedule. Please route a single 10kg morning restoration delivery there this Monday.",mushroom_Orders_v1.rtf
677,2018-12-22,14:20,Clear and windy,Winter,"Order Log #3225: B2C customer Markus S. Request: ""High-comfort grounding mix needed to deal with intense fatigue after finishing a massive year-end project. Please deliver before the holiday shutdown."" Confirmed.",mushroom_Orders_v1.rtf
678,2018-12-24,09:12,Festive frost,Winter,"SMS from Chef Thomas (Restaurant Mitte): Merry Christmas Eve! Prep is running smoothly, your mushrooms look absolutely spectacular for the holiday menu tonight. Thanks for the incredible reliability this entire year. See you next week for the New Year's run!",mushroom_Orders_v1.rtf
679,2018-12-24,11:30,Cold and clear,Winter,"Order Note - Webshop: Customer Julia Voss. ""Spending a quiet Christmas Eve alone in the city. Thank you for the beautifully curated grounding box, it has made my apartment feel so warm and connected to nature.""",mushroom_Orders_v1.rtf
680,2018-12-27,10:40,Freezing fog,Winter,"From: contact@restaurant-pure.de Dear Mushroom House, hope you had a restful Christmas break. We are opening for a high-end New Year's Eve gala service next week. We need to scale our order back up to 18kg of your most sophisticated, savory winter profiles. Delivery on Monday, Dec 31st morning.",mushroom_Orders_v1.rtf
681,2018-12-27,15:15,Grey skies,Winter,"SMS from Ben: Hey man, hope you had a good holiday. We are bracing for a massive rush of people looking for post-Christmas detox options and New Year's prep. Can we get our standard Thursday delivery focused on refreshing, focus-enhancing herbs?",mushroom_Orders_v1.rtf
682,2018-12-28,08:45,Freezing rain,Winter,"From: mail@elisa-k.de Hello, we are planning a very quiet New Year's Eve transition at home. Looking for a custom box that helps us ground our energy and reflect after a frantic year. Courier delivery to Charlottenburg this Friday, please.",mushroom_Orders_v1.rtf
683,2018-12-28,13:22,Heavy overcast,Winter,"Order Note - Web: Customer Stefan Weber. ""Looking for a heavy, grounding forest profile to cook a slow, comforting meal for New Year's Eve. Want something that helps me clear my mind for the new year.""",mushroom_Orders_v1.rtf
684,2018-12-29,10:05,Sleet and wind,Winter,"SMS from Chef Thomas (Restaurant Mitte): Hey, updating our New Year's Eve delivery schedule. Please ensure our final 15kg batch of the year is dropped off at the kitchen before noon this Monday so we can prep for the holiday gala menu.",mushroom_Orders_v1.rtf
685,2018-12-29,15:30,Bitterly cold,Winter,"From: info@hotel-am-stein.de Dear Mushroom House, our New Year's Eve ball is fully booked and our kitchen is operating on an intensive schedule. Please confirm our final 15kg delivery of rich, grounding winter varieties for Monday morning to support our grand festive buffet.",mushroom_Orders_v1.rtf
686,2018-12-31,09:15,Crisp and frozen,Winter,Order Log #3299: B2B delivery for ordering@the-workspace-coffee.de completed. 15kg of New Year's morning focus and restoration blends dropped at the central hub for the early January reopening. Happy New Year!,mushroom_Orders_v1.rtf
687,2018-12-31,12:20,Festive evening frost,Winter,SMS from Lena: Happy New Year's Eve! Picking up my final box of the year from the workshop lockbox now. Thank you for being such an important part of my health and sanity routine throughout 2018. See you in the new year!,mushroom_Orders_v1.rtf
688,2019-01-02,10:15,Freezing fog,Winter,"From: kitchen@bistro-neukoelln.de Happy New Year! We are back from our winter break and ready to reactivate our regular schedule. Please dispatch our standard 10kg Tuesday delivery of rich, grounding winter profiles to our back ramp next week.",mushroom_Orders_v1.rtf
689,2019-01-02,14:40,Bitter cold,Winter,"SMS from Chef Thomas (Restaurant Mitte): Hey, hope you had a great New Year's! The festive season was intense but highly successful. Let's adjust our weekly B2B volume back to our standard winter baseline of 12kg starting this Thursday.",mushroom_Orders_v1.rtf
690,2019-01-03,09:30,Grey skies,Winter,From: ordering@the-workspace-coffee.de Hello and Happy New Year! All three city locations are fully operational again today. We are seeing a massive surge of office workers looking for morning restoration blends after the holidays. Please lock in our standard 25kg weekly delivery for January.,mushroom_Orders_v1.rtf
691,2019-01-03,13:50,Light snow,Winter,"Order Note - Webshop: Customer Julia Voss. ""Starting the new year with a heavy workload in the home office. Please send a rich, grounding winter basket with plenty of bitter herbs to help me maintain focus and energy.""",mushroom_Orders_v1.rtf
692,2019-01-04,11:04,Overcast,Winter,"From: purchase@cafe-flora-berlin.de Dear Mushroom House, Happy New Year to the whole team! We are returning to our standard winter routine after the holiday closures. Please deliver our regular 8kg of savory forest profiles to the courtyard gate this Tuesday morning.",mushroom_Orders_v1.rtf
693,2019-01-04,16:15,Freezing drizzle,Winter,"SMS from Jonas: Hey, hope you had a restful holiday break. Looking to get a grounding winter box delivered this Friday to help reset my routine after all the festive eating. Let me know if you have slots open.",mushroom_Orders_v1.rtf
694,2019-01-05,08:44,Frozen morning,Winter,"From: info@hotel-am-stein.de Dear Mushroom House team, post-holiday business travel is picking up steadily this week. Please return our weekly B2B supply to our standard winter baseline of 10kg, maintaining the rich, comforting flavor profiles that our corporate guests prefer.",mushroom_Orders_v1.rtf
695,2019-01-05,13:22,Overcast and cold,Winter,"Order Log #3342: B2C customer Markus S. Request: ""Restorative morning focus mix needed to handle the intense transition back to standard corporate routines after the winter break."" Courier delivery scheduled.",mushroom_Orders_v1.rtf
696,2019-01-07,10:05,Thick fog,Winter,"From: contact@restaurant-pure.de Hi, we hope you had a wonderful holiday season. We are transitioning out of our festive menu matrix into our core deep-winter alignment this week. Please lock in our regular 15kg weekly delivery of rustic forest profiles for Thursday morning.",mushroom_Orders_v1.rtf
697,2019-01-07,15:40,Chilly rain,Winter,"SMS from Lena: Morning! Ready for my first standard box of 2019. Let's go with a deeply grounding, substantive blend to help clear out the post-holiday sluggishness and kickstart the new year routine. Will pick up at noon.",mushroom_Orders_v1.rtf
698,2019-01-08,09:12,Freezing morning,Winter,"From: mail@elisa-k.de Hello, we are setting up our winter office nutrition routine for the new year. We would love to lock in a bi-weekly subscription box for our apartment, focusing on balancing, focus-enhancing herb profiles. Please send the setup link.",mushroom_Orders_v1.rtf
699,2019-01-08,14:55,Sleet,Winter,"Order Note - Web: Customer Stefan Weber. ""The January grayness is out in full force today. Requesting a custom mix that focuses entirely on deep, rustic, comforting forest elements to help me ground myself after work.""",mushroom_Orders_v1.rtf
700,2019-01-09,11:30,Grey fog,Winter,"SMS from Chef Thomas (Restaurant Mitte): Hey, the winter routine is back in full swing and the dining room was packed last night. Please ensure tomorrow's 12kg B2B drop-off features plenty of your most robust, savory varieties. The quality lately has been top notch.",mushroom_Orders_v1.rtf
701,2019-01-09,16:18,Bitterly cold,Winter,"From: kitchen@bistro-neukoelln.de Hello, please see the attached sheet for our updated January accounting details. Our staff will meet you at the primary delivery doors for our standard 10kg Tuesday drop-off. Looking forward to a great year of collaboration!",mushroom_Orders_v1.rtf
702,2019-01-10,08:30,Crisp morning air,Winter,"Order Note - Webshop: Customer Sarah Lang. ""Feeling a bit low energy with the return to long office hours this week. Requesting an urgent delivery of a highly comforting, restorative winter mushroom and herb blend if possible.""",mushroom_Orders_v1.rtf
703,2019-01-10,12:40,Dark and rainy,Winter,"From: s.beck@posteo.net Hello, ordering a custom grounding box for a family member who is recovering from a seasonal illness this week. Something very gentle, nurturing, and easy to digest. Please advise on standard delivery options for this Saturday.",mushroom_Orders_v1.rtf
704,2019-01-11,15:10,Thick fog,Winter,"SMS from Ben: Hey man, morning coffee queues are long today despite the freeze. Can you ensure our Thursday batch has a strong focus on the warming, immune-supportive herbal elements? The neighborhood regulars are asking for it.",mushroom_Orders_v1.rtf
705,2019-01-11,10:05,Overcast and cold,Winter,Order Log #3412: B2B delivery for purchase@cafe-flora-berlin.de completed. 8kg of high-winter savory stock dropped at the side entrance. Invoicing finalized via the central automated system.,mushroom_Orders_v1.rtf
706,2019-01-12,14:22,Freezing temperatures,Winter,"SMS from Jonas: Morning! Do you have any of those rich, deep forest varieties available for pickup today? Need a serious comfort meal tonight after a grueling week of corporate deadlines. I'll use the workshop lockbox around 17:00.",mushroom_Orders_v1.rtf
707,2019-01-12,08:55,Chilly drizzle,Winter,"From: info@hotel-am-stein.de Dear Mushroom House, our conference catering schedules are stable for the rest of January. Please maintain our weekly 10kg order, keeping the focus entirely on the rich, grounding seasonal profiles that our business guests highly appreciate.",mushroom_Orders_v1.rtf
708,2019-01-14,13:15,Cold and grey,Winter,"From: ordering@the-workspace-coffee.de Hello, update for the mid-January schedule. We want to maintain our 25kg weekly delivery across all active locations. The morning focus and restoration profiles continue to be our highest volume drivers for the winter season. Invoice details remain unchanged.",mushroom_Orders_v1.rtf
709,2019-01-14,11:04,Overcast,Winter,"Order Note - Email: Customer Hanna Winter. ""Requesting a custom winter box with plenty of robust, bitter herbs to handle this intense seasonal cold. Looking forward to a quiet, grounding weekend of cooking at home."" Pickup arranged.",mushroom_Orders_v1.rtf
710,2019-01-15,15:45,Cold rain,Winter,"SMS from Lena: Morning! Ready for my next seasonal basket. Let's do something incredibly rich and heavy on the warming herbs this time, feeling like I need a major grounding boost for the weekend. Will collect from the crate at noon.",mushroom_Orders_v1.rtf
711,2019-01-15,09:22,Freezing rain,Winter,"From: purchase@cafe-flora-berlin.de Hi, we are experiencing higher morning foot traffic than usual this season. Can we add an extra 3kg of the deep warming blend to our standard Tuesday drop? Please update our recurring billing statement to reflect the change.",mushroom_Orders_v1.rtf
712,2019-01-16,14:10,Crisp morning air,Winter,"Order Log #3485: B2C customer Julia Voss. Request: ""Heavy winter comfort mix needed. Feeling completely drained by the freezing weather and long work hours."" Dispatched via standard courier route to Schöneberg address.",mushroom_Orders_v1.rtf
713,2019-01-16,11:30,Thick grey fog,Winter,"SMS from Chef Thomas (Restaurant Mitte): Hey, the winter rush is definitely keeping the kitchen busy this week. The city is frozen and people want heavy comfort food, so please send us the most robust, savory profiles you have ready for Tuesday's drop.",mushroom_Orders_v1.rtf
714,2019-01-17,16:40,Bitter cold,Winter,"From: kitchen@bistro-neukoelln.de Hello, please see the attached updated sheet for our late January delivery volumes. We are keeping our winter comfort menu highly stable through the rest of the month. Standard 10kg Tuesday drop-off remains completely unchanged. Thanks for the consistency!",mushroom_Orders_v1.rtf
715,2019-01-17,09:12,Deep freeze,Winter,"Order Note - Web: Customer Sarah Lang. ""The late January darkness is really hitting my energy levels hard this week. Requesting a highly comforting, robust mushroom and herb blend for an urgent delivery if possible.""",mushroom_Orders_v1.rtf
716,2019-01-18,14:55,Light snow,Winter,"From: contact@restaurant-pure.de Dear Mushroom House, our deep-winter menu alignment has been a massive success with our guests during these freezing weeks. Please maintain our standard weekly 15kg contract for the rest of the month, keeping the focus entirely on the deep, rustic forest profiles.",mushroom_Orders_v1.rtf
717,2019-01-18,11:30,Freezing rain,Winter,"SMS from Jonas: Hey, need a custom basket for a cozy snowy Friday evening dinner with my bubble. Something deeply comforting and savory to match this amazing winter weather. I will collect from the workshop box around 16:30.",mushroom_Orders_v1.rtf
718,2019-01-19,13:10,Freezing rain,Winter,"From: info@hotel-am-stein.de Dear Mushroom House team, our holiday booking rates are highly stable and our dining room is operating smoothly. Please confirm our standard winter supply delivery of 10kg for this Thursday morning, utilizing the rich, grounding profiles our guests love.",mushroom_Orders_v1.rtf
719,2019-01-19,15:22,Overcast and cold,Winter,"Order Log #3540: B2C customer Stefan Weber. Requesting standard courier delivery to his apartment address. Customer notes extreme fatigue from year-end corporate reporting, looking for a highly substantive comfort profile.",mushroom_Orders_v1.rtf
720,2019-01-21,08:44,Chilly breeze,Winter,"SMS from Chef Thomas (Restaurant Mitte): Hey, the holiday crowd is ordering our signature winter stews at an incredible rate this week. Need an emergency top-up of 5kg of your most rustic, earthy varieties by tomorrow afternoon. Let me know if you have the stock ready.",mushroom_Orders_v1.rtf
721,2019-01-21,12:15,Grey fog,Winter,"From: ordering@the-workspace-coffee.de Hello, update for the pre-holiday schedule. We are seeing a massive surge in demand for our morning restoration and grounding blends across all active sites. Please ensure our weekly 25kg delivery is dispatched on time this Tuesday.",mushroom_Orders_v1.rtf
722,2019-01-22,16:40,Freezing temperatures,Winter,"Order Note - Email: Customer Hanna Winter. ""Requesting a custom winter box with plenty of robust, protective herbs to handle this intense seasonal cold. Looking forward to a quiet, grounding weekend of cooking at home."" Pickup arranged.",mushroom_Orders_v1.rtf
723,2019-01-22,09:12,Deep freeze,Winter,"SMS from Lena: Morning! Ready for my final box of the year before the holiday break. Let's go fully into the deepest, most comforting forest flavor profile you have, heavy on the warming herbs. Thanks for keeping me grounded all year!",mushroom_Orders_v1.rtf
724,2019-01-23,14:55,Light snow,Winter,"From: purchase@cafe-flora-berlin.de Hi, we are adjusting our delivery hours for the upcoming holiday week due to modified holiday opening times. Please move our standard Tuesday morning drop-off to Monday afternoon instead. Volume remains completely stable at 10kg of winter comfort profiles.",mushroom_Orders_v1.rtf
725,2019-01-23,11:30,Freezing rain,Winter,"Order Log #3590: B2B delivery for contact@restaurant-pure.de completed. 15kg of premium high-winter rustic stock dropped at the kitchen entrance. All seasonal parameters met, digital billing finalized via automated system.",mushroom_Orders_v1.rtf
726,2019-01-24,16:40,Overcast,Winter,"From: kitchen@bistro-neukoelln.de Hi, our festive evening menus have been highly popular this week. We need to add an extra 4kg of your rustic winter mushroom selection to our standard Tuesday drop-off to cover the final week before the Christmas closure.",mushroom_Orders_v1.rtf
727,2019-01-24,09:12,Festive frost,Winter,"SMS from Chef Thomas (Restaurant Mitte): Merry Christmas Eve! Prep is running smoothly, your mushrooms look absolutely spectacular for the holiday menu tonight. Thanks for the incredible reliability this entire year. See you next week for the New Year's run!",mushroom_Orders_v1.rtf
728,2019-01-25,11:30,Cold and clear,Winter,"Order Note - Webshop: Customer Julia Voss. ""Spending a quiet Christmas Eve alone in the city. Thank you for the beautifully curated grounding box, it has made my apartment feel so warm and connected to nature.""",mushroom_Orders_v1.rtf
729,2019-01-25,10:40,Freezing fog,Winter,"From: contact@restaurant-pure.de Dear Mushroom House, hope you had a restful Christmas break. We are opening for a high-end New Year's Eve gala service next week. We need to scale our order back up to 18kg of your most sophisticated, savory winter profiles. Delivery on Monday, Dec 31st morning.",mushroom_Orders_v1.rtf
730,2019-01-26,15:15,Grey skies,Winter,"SMS from Ben: Hey man, hope you had a good holiday. We are bracing for a massive rush of people looking for post-Christmas detox options and New Year's prep. Can we get our standard Thursday delivery focused on refreshing, focus-enhancing herbs?",mushroom_Orders_v1.rtf
731,2019-01-26,08:45,Freezing rain,Winter,"From: mail@elisa-k.de Hello, we are planning a very quiet New Year's Eve transition at home. Looking for a custom box that helps us ground our energy and reflect after a frantic year. Courier delivery to Charlottenburg this Friday, please.",mushroom_Orders_v1.rtf
732,2019-01-28,13:22,Heavy overcast,Winter,"Order Note - Web: Customer Stefan Weber. ""Looking for a heavy, grounding forest profile to cook a slow, comforting meal for New Year's Eve. Want something that helps me clear my mind for the new year.""",mushroom_Orders_v1.rtf
733,2019-01-28,10:05,Sleet and wind,Winter,"SMS from Chef Thomas (Restaurant Mitte): Hey, updating our New Year's Eve delivery schedule. Please ensure our final 15kg batch of the year is dropped off at the kitchen before noon this Monday so we can prep for the holiday gala menu.",mushroom_Orders_v1.rtf
734,2019-01-29,15:30,Bitterly cold,Winter,"From: info@hotel-am-stein.de Dear Mushroom House, our New Year's Eve ball is fully booked and our kitchen is operating on an intensive schedule. Please confirm our final 15kg delivery of rich, grounding winter varieties for Monday morning to support our grand festive buffet.",mushroom_Orders_v1.rtf
735,2019-01-29,09:15,Crisp and frozen,Winter,Order Log #3620: B2B delivery for ordering@the-workspace-coffee.de completed. 15kg of New Year's morning focus and restoration blends dropped at the central hub for the early January reopening. Happy New Year!,mushroom_Orders_v1.rtf
736,2019-01-30,12:20,Festive evening frost,Winter,SMS from Lena: Happy New Year's Eve! Picking up my final box of the year from the workshop lockbox now. Thank you for being such an important part of my health and sanity routine throughout 2018. See you in the new year!,mushroom_Orders_v1.rtf
737,2019-01-30,10:15,Freezing fog,Winter,"From: kitchen@bistro-neukoelln.de Happy New Year! We are back from our winter break and ready to reactivate our regular schedule. Please dispatch our standard 10kg Tuesday delivery of rich, grounding winter profiles to our back ramp next week.",mushroom_Orders_v1.rtf
738,2019-01-31,14:40,Bitter cold,Winter,"SMS from Chef Thomas (Restaurant Mitte): Hey, hope you had a great New Year's! The festive season was intensive but highly successful. Let's adjust our weekly B2B volume back to our standard winter baseline of 12kg starting this Thursday.",mushroom_Orders_v1.rtf
739,2019-01-31,09:30,Grey skies,Winter,From: ordering@the-workspace-coffee.de Hello and Happy New Year! All three city locations are fully operational again today. We are seeing a massive surge of office workers looking for morning restoration blends after the holidays. Please lock in our standard 25kg weekly delivery for January.,mushroom_Orders_v1.rtf
740,2019-02-01,13:50,Light snow,Winter,"Order Note - Webshop: Customer Julia Voss. ""Starting the new year with a heavy workload in the home office. Please send a rich, grounding winter basket with plenty of bitter herbs to help me maintain focus and energy.""",mushroom_Orders_v1.rtf
741,2019-02-01,11:04,Overcast,Winter,"From: purchase@cafe-flora-berlin.de Dear Mushroom House, Happy New Year to the whole team! We are returning to our standard winter routine after the holiday closures. Please deliver our regular 8kg of savory forest profiles to the courtyard gate this Tuesday morning.",mushroom_Orders_v1.rtf
742,2019-02-02,16:15,Freezing drizzle,Winter,"SMS from Jonas: Hey, hope you had a restful holiday break. Looking to get a grounding winter box delivered this Friday to help reset my routine after all the festive eating. Let me know if you have slots open.",mushroom_Orders_v1.rtf
743,2019-02-02,08:44,Frozen morning,Winter,"From: info@hotel-am-stein.de Dear Mushroom House team, post-holiday business travel is picking up steadily this week. Please return our weekly B2B supply to our standard winter baseline of 10kg, maintaining the rich, comforting flavor profiles that our corporate guests prefer.",mushroom_Orders_v1.rtf
744,2019-02-04,13:22,Overcast and cold,Winter,"Order Log #3680: B2C customer Markus S. Request: ""Restorative morning focus mix needed to handle the intense transition back to standard corporate routines after the winter break."" Courier delivery scheduled.",mushroom_Orders_v1.rtf
745,2019-02-04,10:05,Thick fog,Winter,"From: contact@restaurant-pure.de Hi, we hope you had a wonderful holiday season. We are transitioning out of our festive menu matrix into our core deep-winter alignment this week. Please lock in our regular 15kg weekly delivery of rustic forest profiles for Thursday morning.",mushroom_Orders_v1.rtf
746,2019-02-05,15:40,Chilly rain,Winter,"SMS from Lena: Morning! Ready for my first standard box of 2019. Let's go with a deeply grounding, substantive blend to help clear out the post-holiday sluggishness and kickstart the new year routine. Will pick up at noon.",mushroom_Orders_v1.rtf
747,2019-02-05,09:12,Freezing morning,Winter,"From: mail@elisa-k.de Hello, we are setting up our winter office nutrition routine for the new year. We would love to lock in a bi-weekly subscription box for our apartment, focusing on balancing, focus-enhancing herb profiles. Please send the setup link.",mushroom_Orders_v1.rtf
748,2019-02-06,14:55,Sleet,Winter,"Order Note - Web: Customer Stefan Weber. ""The January grayness is out in full force today. Requesting a custom mix that focuses entirely on deep, rustic, comforting forest elements to help me ground myself after work.""",mushroom_Orders_v1.rtf
749,2019-02-06,11:30,Grey fog,Winter,"SMS from Chef Thomas (Restaurant Mitte): Hey, the winter routine is back in full swing and the dining room was packed last night. Please ensure tomorrow's 12kg B2B drop-off features plenty of your most robust, savory varieties. The quality lately has been top notch.",mushroom_Orders_v1.rtf
750,2019-02-07,16:18,Bitterly cold,Winter,"From: kitchen@bistro-neukoelln.de Hello, please see the attached sheet for our updated January accounting details. Our staff will meet you at the primary delivery doors for our standard 10kg Tuesday drop-off. Looking forward to a great year of collaboration!",mushroom_Orders_v1.rtf
751,2019-02-07,08:30,Crisp morning air,Winter,"Order Note - Webshop: Customer Sarah Lang. ""Feeling a bit low energy with the return to long office hours this week. Requesting an urgent delivery of a highly comforting, restorative winter mushroom and herb blend if possible.""",mushroom_Orders_v1.rtf
752,2019-02-08,12:40,Dark and rainy,Winter,"From: s.beck@posteo.net Hello, ordering a custom grounding box for a family member who is recovering from a seasonal illness this week. Something very gentle, nurturing, and easy to digest. Please advise on standard delivery options for this Saturday.",mushroom_Orders_v1.rtf
753,2019-02-08,15:10,Thick fog,Winter,"SMS from Ben: Hey man, morning coffee queues are long today despite the freeze. Can you ensure our Thursday batch has a strong focus on the warming, immune-supportive herbal elements? The neighborhood regulars are asking for it.",mushroom_Orders_v1.rtf
754,2019-02-09,10:05,Overcast and cold,Winter,Order Log #3720: B2B delivery for purchase@cafe-flora-berlin.de completed. 8kg of high-winter savory stock dropped at the side entrance. Invoicing finalized via the central automated system.,mushroom_Orders_v1.rtf
755,2019-02-09,14:22,Freezing temperatures,Winter,"SMS from Jonas: Morning! Do you have any of those rich, deep forest varieties available for pickup today? Need a serious comfort meal tonight after a grueling week of corporate deadlines. I'll use the workshop lockbox around 17:00.",mushroom_Orders_v1.rtf
756,2019-02-11,08:55,Chilly drizzle,Winter,"From: info@hotel-am-stein.de Dear Mushroom House, our conference catering schedules are stable for the rest of January. Please maintain our weekly 10kg order, keeping the focus entirely on the rich, grounding seasonal profiles that our business guests highly appreciate.",mushroom_Orders_v1.rtf
757,2019-02-11,13:15,Cold and grey,Winter,"From: ordering@the-workspace-coffee.de Hello, update for the mid-January schedule. We want to maintain our 25kg weekly delivery across all active locations. The morning focus and restoration profiles continue to be our highest volume drivers for the winter season. Invoice details remain unchanged.",mushroom_Orders_v1.rtf
758,2019-02-12,11:04,Overcast,Winter,"Order Note - Email: Customer Hanna Winter. ""Requesting a custom winter box with plenty of robust, bitter herbs to handle this intense seasonal cold. Looking forward to a quiet, grounding weekend of cooking at home."" Pickup arranged.",mushroom_Orders_v1.rtf
759,2019-02-12,15:45,Cold rain,Winter,"SMS from Lena: Morning! Ready for my next seasonal basket. Let's do something incredibly rich and heavy on the warming herbs this time, feeling like I need a major grounding boost for the weekend. Will collect from the crate at noon.",mushroom_Orders_v1.rtf
760,2019-02-13,09:22,Freezing rain,Winter,"From: purchase@cafe-flora-berlin.de Hi, we are experiencing higher morning foot traffic than usual this season. Can we add an extra 3kg of the deep warming blend to our standard Tuesday drop? Please update our recurring billing statement to reflect the change.",mushroom_Orders_v1.rtf
761,2019-02-13,14:10,Crisp morning air,Winter,"Order Log #3780: B2C customer Julia Voss. Request: ""Heavy winter comfort mix needed. Feeling completely drained by the freezing weather and long work hours."" Dispatched via standard courier route to Schöneberg address.",mushroom_Orders_v1.rtf
762,2019-02-14,11:30,Thick grey fog,Winter,"SMS from Chef Thomas (Restaurant Mitte): Hey, the winter rush is definitely keeping the kitchen busy this week. The city is frozen and people want heavy comfort food, so please send us the most robust, savory profiles you have ready for Tuesday's drop.",mushroom_Orders_v1.rtf
763,2019-02-14,16:40,Bitter cold,Winter,"From: kitchen@bistro-neukoelln.de Hello, please see the attached updated sheet for our late January delivery volumes. We are keeping our winter comfort menu highly stable through the rest of the month. Standard 10kg Tuesday drop-off remains completely unchanged. Thanks for the consistency!",mushroom_Orders_v1.rtf
764,2019-02-15,09:12,Deep freeze,Winter,"Order Note - Web: Customer Sarah Lang. ""The late January darkness is really hitting my energy levels hard this week. Requesting a highly comforting, robust mushroom and herb blend for an urgent delivery if possible.""",mushroom_Orders_v1.rtf
765,2019-02-15,14:55,Light snow,Winter,"From: contact@restaurant-pure.de Dear Mushroom House, our deep-winter menu alignment has been a massive success with our guests during these freezing weeks. Please maintain our standard weekly 15kg contract for the rest of the month, keeping the focus entirely on the deep, rustic forest profiles.",mushroom_Orders_v1.rtf
766,2019-02-16,11:30,Freezing rain,Winter,"SMS from Jonas: Hey, need a custom basket for a cozy snowy Friday evening dinner with my bubble. Something deeply comforting and savory to match this amazing winter weather. I will collect from the workshop box around 16:30.",mushroom_Orders_v1.rtf
767,2019-02-16,13:10,Freezing rain,Winter,"From: info@hotel-am-stein.de Dear Mushroom House team, our holiday booking rates are highly stable and our dining room is operating smoothly. Please confirm our standard winter supply delivery of 10kg for this Thursday morning, utilizing the rich, grounding profiles our guests love.",mushroom_Orders_v1.rtf
768,2019-02-18,15:22,Overcast and cold,Winter,"Order Log #3825: B2C customer Stefan Weber. Requesting standard courier delivery to his apartment address. Customer notes extreme fatigue from year-end corporate reporting, looking for a highly substantive comfort profile.",mushroom_Orders_v1.rtf
769,2019-02-18,08:44,Chilly breeze,Winter,"SMS from Chef Thomas (Restaurant Mitte): Hey, the holiday crowd is ordering our signature winter stews at an incredible rate this week. Need an emergency top-up of 5kg of your most rustic, earthy varieties by tomorrow afternoon. Let me know if you have the stock ready.",mushroom_Orders_v1.rtf
770,2019-02-19,12:15,Grey fog,Winter,"From: ordering@the-workspace-coffee.de Hello, update for the pre-holiday schedule. We are seeing a massive surge in demand for our morning restoration and grounding blends across all active sites. Please ensure our weekly 25kg delivery is dispatched on time this Tuesday.",mushroom_Orders_v1.rtf
771,2019-02-19,16:40,Freezing temperatures,Winter,"Order Note - Email: Customer Hanna Winter. ""Requesting a custom winter box with plenty of robust, protective herbs to handle this intense seasonal cold. Looking forward to a quiet, grounding weekend of cooking at home."" Pickup arranged.",mushroom_Orders_v1.rtf
772,2019-02-20,09:12,Deep freeze,Winter,"SMS from Lena: Morning! Ready for my final box of the year before the holiday break. Let's go fully into the deepest, most comforting forest flavor profile you have, heavy on the warming herbs. Thanks for keeping me grounded all year!",mushroom_Orders_v1.rtf
773,2019-02-20,14:55,Light snow,Winter,"From: purchase@cafe-flora-berlin.de Hi, we are adjusting our delivery hours for the upcoming holiday week due to modified holiday opening times. Please move our standard Tuesday morning drop-off to Monday afternoon instead. Volume remains completely stable at 10kg of winter comfort profiles.",mushroom_Orders_v1.rtf
774,2019-02-21,11:30,Freezing rain,Winter,"Order Log #3890: B2B delivery for contact@restaurant-pure.de completed. 15kg of premium high-winter rustic stock dropped at the kitchen entrance. All seasonal parameters met, digital billing finalized via automated system.",mushroom_Orders_v1.rtf
775,2019-02-21,16:40,Overcast,Winter,"From: kitchen@bistro-neukoelln.de Hi, our festive evening menus have been highly popular this week. We need to add an extra 4kg of your rustic winter mushroom selection to our standard Tuesday drop-off to cover the final week before the Christmas closure.",mushroom_Orders_v1.rtf
776,2019-02-22,09:12,Festive frost,Winter,"SMS from Chef Thomas (Restaurant Mitte): Merry Christmas Eve! Prep is running smoothly, your mushrooms look absolutely spectacular for the holiday menu tonight. Thanks for the incredible reliability this entire year. See you next week for the New Year's run!",mushroom_Orders_v1.rtf
777,2019-02-22,11:30,Cold and clear,Winter,"Order Note - Webshop: Customer Julia Voss. ""Spending a quiet Christmas Eve alone in the city. Thank you for the beautifully curated grounding box, it has made my apartment feel so warm and connected to nature.""",mushroom_Orders_v1.rtf
778,2019-02-23,10:40,Freezing fog,Winter,"From: contact@restaurant-pure.de Dear Mushroom House, hope you had a restful Christmas break. We are opening for a high-end New Year's Eve gala service next week. We need to scale our order back up to 18kg of your most sophisticated, savory winter profiles. Delivery on Monday, Dec 31st morning.",mushroom_Orders_v1.rtf
779,2019-02-23,15:15,Grey skies,Winter,"SMS from Ben: Hey man, hope you had a good holiday. We are bracing for a massive rush of people looking for post-Christmas detox options and New Year's prep. Can we get our standard Thursday delivery focused on refreshing, focus-enhancing herbs?",mushroom_Orders_v1.rtf
780,2019-02-25,08:45,Freezing rain,Winter,"From: mail@elisa-k.de Hello, we are planning a very quiet New Year's Eve transition at home. Looking for a custom box that helps us ground our energy and reflect after a frantic year. Courier delivery to Charlottenburg this Friday, please.",mushroom_Orders_v1.rtf
781,2019-02-25,13:22,Heavy overcast,Winter,"Order Note - Web: Customer Stefan Weber. ""Looking for a heavy, grounding forest profile to cook a slow, comforting meal for New Year's Eve. Want something that helps me clear my mind for the new year.""",mushroom_Orders_v1.rtf
782,2019-02-26,10:05,Sleet and wind,Winter,"SMS from Chef Thomas (Restaurant Mitte): Hey, updating our New Year's Eve delivery schedule. Please ensure our final 15kg batch of the year is dropped off at the kitchen before noon this Monday so we can prep for the holiday gala menu.",mushroom_Orders_v1.rtf
783,2019-02-26,15:30,Bitterly cold,Winter,"From: info@hotel-am-stein.de Dear Mushroom House, our New Year's Eve ball is fully booked and our kitchen is operating on an intensive schedule. Please confirm our final 15kg delivery of rich, grounding winter varieties for Monday morning to support our grand festive buffet.",mushroom_Orders_v1.rtf
784,2019-02-27,09:15,Crisp and frozen,Winter,Order Log #3940: B2B delivery for ordering@the-workspace-coffee.de completed. 15kg of New Year's morning focus and restoration blends dropped at the central hub for the early January reopening. Happy New Year!,mushroom_Orders_v1.rtf
785,2019-02-27,12:20,Festive evening frost,Winter,SMS from Lena: Happy New Year's Eve! Picking up my final box of the year from the workshop lockbox now. Thank you for being such an important part of my health and sanity routine throughout 2018. See you in the new year!,mushroom_Orders_v1.rtf
786,2019-02-28,10:15,Freezing fog,Winter,"From: kitchen@bistro-neukoelln.de Happy New Year! We are back from our winter break and ready to reactivate our regular schedule. Please dispatch our standard 10kg Tuesday delivery of rich, grounding winter profiles to our back ramp next week.",mushroom_Orders_v1.rtf
787,2019-02-28,14:40,Bitter cold,Winter,"SMS from Chef Thomas (Restaurant Mitte): Hey, hope you had a great New Year's! The festive season was intensive but highly successful. Let's adjust our weekly B2B volume back to our standard winter baseline of 12kg starting this Thursday.",mushroom_Orders_v1.rtf
788,2019-03-01,09:30,Grey skies,Winter,From: ordering@the-workspace-coffee.de Hello and Happy New Year! All three city locations are fully operational again today. We are seeing a massive surge of office workers looking for morning restoration blends after the holidays. Please lock in our standard 25kg weekly delivery for January.,mushroom_Orders_v1.rtf
789,2019-03-01,13:50,Light snow,Winter,"Order Note - Webshop: Customer Julia Voss. ""Starting the new year with a heavy workload in the home office. Please send a rich, grounding winter basket with plenty of bitter herbs to help me maintain focus and energy.""",mushroom_Orders_v1.rtf
790,2019-03-02,11:04,Overcast,Winter,"From: purchase@cafe-flora-berlin.de Dear Mushroom House, Happy New Year to the whole team! We are returning to our standard winter routine after the holiday closures. Please deliver our regular 8kg of savory forest profiles to the courtyard gate this Tuesday morning.",mushroom_Orders_v1.rtf
791,2019-03-02,16:15,Freezing drizzle,Winter,"SMS from Jonas: Hey, hope you had a restful holiday break. Looking to get a grounding winter box delivered this Friday to help reset my routine after all the festive eating. Let know if you have slots open.",mushroom_Orders_v1.rtf
792,2019-03-04,08:44,Frozen morning,Winter,"From: info@hotel-am-stein.de Dear Mushroom House team, post-holiday business travel is picking up steadily this week. Please return our weekly B2B supply to our standard winter baseline of 10kg, maintaining the rich, comforting flavor profiles that our corporate guests prefer.",mushroom_Orders_v1.rtf
793,2019-03-04,13:22,Overcast and cold,Winter,"Order Log #3999: B2C customer Markus S. Request: ""Restorative morning focus mix needed to handle the intense transition back to standard corporate routines after the winter break."" Courier delivery scheduled.",mushroom_Orders_v1.rtf
794,2017-12-01,07:42,Low grey clouds,Winter,"Cafe Sonnenweg emails: ""December weekends will be busy, please keep our Saturday order at 4 kg all month."" They also ask if you can flag any weeks where snow might reduce availability. You confirm 4 kg as baseline and promise to send a short note if you see risk.",mushroom_Orders_v1.rtf
795,2017-12-01,09:15,Drizzle,Winter,"Hotel in Mitte writes: ""Advent brunch starting this Sunday – can you add 1 kg to this week's delivery only?"" They want a total of 7 kg, split into two crates labeled ""brunch"" and ""dinner"". You confirm and adjust the packing notes.",mushroom_Orders_v1.rtf
796,2017-12-01,11:38,Overcast,Winter,"Webshop order: 3-portion box, note says ""December is stressful, need something steady in the evenings."" Customer is vegetarian and asks for pick-up after 19:30. You confirm and send door instructions again.",mushroom_Orders_v1.rtf
797,2017-12-01,16:22,Light rain,Winter,"Bistro in Friedrichshain checks if next three Fridays can be fixed at 5 kg due to Christmas menus. They ask for the usual mix, just slightly more of the milder varieties for lunch service. You agree and mark ""5 kg Dec Fridays"" in your sheet.",mushroom_Orders_v1.rtf
798,2017-12-01,19:47,Damp cold,Winter,"Private customer messages: ""End of week, can I still get a small box for two meals?"" They mention they feel low energy before the holiday rush. You confirm a 2-portion box is still possible if they come by 21:00.",mushroom_Orders_v1.rtf
799,2017-12-02,08:05,Thin grey clouds,Winter,Cafe Sonnenweg confirms receipt of 4 kg and notes they're trialing a small Christmas brunch plate. They ask you to keep the mix stable for the next two Saturdays so guests can get used to it. You agree.,mushroom_Orders_v1.rtf
800,2017-12-02,10:56,Light drizzle,Winter,New small hotel in Kreuzberg writes: they heard from another chef and want a 3 kg trial box for next Saturday's Advent dinner. They ask for delivery around 14:00 and an invoice at month-end. You confirm that time and add them as a new B2B client.,mushroom_Orders_v1.rtf
801,2017-12-02,14:33,"Grey, wind picking up",Winter,"Webshop user: 2-portion ""Mushroom Mood Today"" box, note ""first weekend of Advent, want something calming, vegetarian."" They request pickup around 18:00. You confirm and allocate.",mushroom_Orders_v1.rtf
802,2017-12-02,18:59,Cold drizzle,Winter,"Neukölln cafe sends quick WhatsApp: ""Brunch special nearly sold out again, can we add +0.5 kg next Sunday only?"" You reply that you can stretch a bit for tomorrow morning, targeting 3.5 kg total.",mushroom_Orders_v1.rtf
803,2017-12-03,08:13,Light mist,Winter,"Yoga studio contacts you: they plan a small Advent brunch after Sunday classes and need 2 kg next weekend. Most guests are vegetarian, some vegan. You confirm and ask for exact headcount by Thursday.",mushroom_Orders_v1.rtf
804,2017-12-03,11:21,Grey sky,Winter,"Webshop mini order: 1-portion box, ""for quiet Sunday evening, low effort, vegan."" Pickup requested at 19:00. You accept and note to keep the portion modest.",mushroom_Orders_v1.rtf
805,2017-12-03,15:02,Drizzle,Winter,"Private regular writes: ""Can we set a small Sunday box every week in December, same size as today?"" They say the rhythm helps them not skip meals during the holidays. You confirm a four-week recurring order.",mushroom_Orders_v1.rtf
806,2017-12-03,19:31,Wet cold,Winter,Hotel in Mitte emails to say today's extra 1 kg worked well and asks if you can repeat it for the remaining Advent Sundays. You agree and update their weekly total to 7 kg for December Sundays.,mushroom_Orders_v1.rtf
807,2017-12-04,07:58,Low clouds,Winter,Monday private customer asks if their usual box can be slightly larger for the next three weeks because of visiting family. You increase their standing order by one portion and confirm.,mushroom_Orders_v1.rtf
808,2017-12-04,10:19,Grey drizzle,Winter,"Webshop user: 3-portion box, ""mood: anxious, year-end pressure."" Vegetarian, wants pick-up tonight after 20:00. You confirm and warn you'll likely be home the whole evening anyway.",mushroom_Orders_v1.rtf
809,2017-12-04,13:47,Dark grey sky,Winter,Catering company emails: they have two small corporate Christmas events and need 6 kg on the 12th and 8 kg on the 19th. They ask if you can handle both and invoice together in January. You agree but flag that extreme weather might reduce the second delivery by 1–2 kg.,mushroom_Orders_v1.rtf
810,2017-12-04,17:06,Light rain,Winter,"Neukölln cafe sends a forecast: ""Second Advent weekend we expect more bookings, can we lock 4 kg for that Sunday?"" You confirm, making a note to rebalance other orders accordingly.",mushroom_Orders_v1.rtf
811,2017-12-04,20:51,"Cold, damp",Winter,"Private customer from 2015 reappears by email: ""It's been a while, can I book two small December boxes, one before Christmas, one between the holidays?"" You reply with available dates and suggest 22nd and 28th for pick-up.",mushroom_Orders_v1.rtf
812,2017-12-05,07:40,Low grey,Winter,"Cafe Sonnenweg sends their December overview: they want 4 kg every Saturday, plus an extra 2 kg on the 24th brunch service. You remind them the 24th is tight but say you can do 1.5–2 kg early that morning.",mushroom_Orders_v1.rtf
813,2017-12-05,10:13,Drizzle,Winter,"Webshop order: 2-portion box, note ""dark mornings, need some structure."" Vegan, pickup tonight. You confirm and attach your usual short reminder with the address.",mushroom_Orders_v1.rtf
814,2017-12-05,13:35,"Grey, wind",Winter,Bistro in Friedrichshain asks if you can confirm total December capacity for them so they know how many mushroom-based specials to plan. You send their booked Fridays (5 kg each) and suggest not adding extra dates after the 27th.,mushroom_Orders_v1.rtf
815,2017-12-05,17:59,Light rain,Winter,"Yoga studio clarifies they now have 18 people for the Advent brunch, maybe 2.5–3 kg needed. You reply that 3 kg is realistic and lock that number for Sunday.",mushroom_Orders_v1.rtf
816,2017-12-05,21:14,Wet cold,Winter,Private late-night message: customer asks if any last-minute 1-portion box is possible for tomorrow because they forgot to order. You answer that you can add a small one if they pick up before 18:00.,mushroom_Orders_v1.rtf
817,2017-12-06,08:03,Grey sky,Winter,"Hotel in Mitte sends ""Nikolaus week"" update: group bookings slightly higher, request +0.5 kg for this Thursday only. You confirm total 3 kg for that delivery and adjust your route timing.",mushroom_Orders_v1.rtf
818,2017-12-06,10:49,Light drizzle,Winter,"Webshop order: 4-portion family box, ""family visiting for Nikolaus dinner."" They note one vegan and one lactose intolerant. You confirm and tag with their dietary notes.",mushroom_Orders_v1.rtf
819,2017-12-06,15:27,Low clouds,Winter,Prenzlauer Berg cafe asks if they can get a one-off 2 kg order for a St. Nicholas weekend brunch special. They want delivery Saturday morning before 9:00. You agree and fit them into your Saturday round.,mushroom_Orders_v1.rtf
820,2017-12-06,19:02,Damp cold,Winter,"Private regular: ""Can we bring forward next Sunday's box to Saturday evening, early family gathering?"" You accept and move their recurring slot for this week only.",mushroom_Orders_v1.rtf
821,2017-12-07,07:51,Dark grey,Winter,"Catering company confirms details for the 12th: they need clear labeling ""Event A"" on the crates. They also ask for a short SMS when you leave on delivery day. You acknowledge both.",mushroom_Orders_v1.rtf
822,2017-12-07,11:04,Light rain,Winter,"Webshop 2-portion order, mood ""stressed with year-end deadlines, want to avoid takeout."" Vegetarian, pickup tonight at 20:00. You confirm and log as repeat.",mushroom_Orders_v1.rtf
823,2017-12-07,14:42,Low clouds,Winter,"Neukölln cafe sends ""Second Advent adjustment"": they decide to keep 4 kg Sunday but ask you to lean a bit more toward milder options. You mark ""mild focus"" on that date.",mushroom_Orders_v1.rtf
824,2017-12-07,18:31,Drizzle,Winter,"Hotel in Mitte reminds you of tomorrow's 3 kg and asks again for a small ""staff"" bag if surplus allows. You respond you'll see what is available in the morning forage and not to rely on it.",mushroom_Orders_v1.rtf
825,2017-12-07,21:08,Wet cold,Winter,"Private customer from 2012 writes: ""Back in Berlin for December, can we do two small '91grounding' boxes this month?"" They suggest around the 10th and 20th. You confirm and send proposed pick-up windows.",mushroom_Orders_v1.rtf
826,2017-12-08,07:36,Grey sky,Winter,Bistro confirms today's 5 kg delivery and asks you to ring the side entrance bell because front is blocked with decorations. You agree and update the note for the driver (you).,mushroom_Orders_v1.rtf
827,2017-12-08,10:28,Light drizzle,Winter,"Webshop: 3-portion box, ""mood: scattered, too many invitations."" Vegan, pick-up tonight after 19:30. You confirm with a short one-line reply.",mushroom_Orders_v1.rtf
828,2017-12-08,13:57,Dark clouds,Winter,Cafe in Kreuzberg requests a trial 2 kg order for next Friday to test a small Christmas lunch special. They ask about payment terms. You answer that for the first order cash or immediate transfer is easiest.,mushroom_Orders_v1.rtf
829,2017-12-08,17:45,Drizzle,Winter,"Catering company asks if you can share a rough idea of how stable supply is the week before Christmas for planning. You reply that quantities will be tighter, so they should avoid last-minute increases after the 20th.",mushroom_Orders_v1.rtf
830,2017-12-08,20:23,"Cold, damp",Winter,"Private customer sends late email: ""Any leftover scraps for tomorrow brunch for two?"" They say they're fine with a very small mix. You reply that you may have a tiny box and ask them to text in the morning.",mushroom_Orders_v1.rtf
831,2017-12-09,08:02,Low grey,Winter,Cafe Sonnenweg acknowledges 4 kg delivery and says pre-Christmas Saturdays are filling up fast. They ask if on the 23rd you can add +0.5 kg. You note the change and confirm.,mushroom_Orders_v1.rtf
832,2017-12-09,10:37,Light rain,Winter,Prenzlauer Berg cafe receives 2 kg and writes they'd like to repeat the same amount next Saturday. You mark their order as 2 kg fixed for the rest of December weekends.,mushroom_Orders_v1.rtf
833,2017-12-09,14:21,Dark clouds,Winter,"Webshop 2-portion box, ""Advent weekend at home, want something steady and vegetarian."" Pickup requested 18:30. You confirm and schedule prep.",mushroom_Orders_v1.rtf
834,2017-12-09,18:56,Wet cold,Winter,"Neukölln cafe texts: ""We might run short tomorrow, is any extra 0.5 kg still possible?"" You check your list and reply that today everything is already allocated, but you'll shift 0.3 kg from a flexible private order if possible.",mushroom_Orders_v1.rtf
835,2017-12-10,08:19,Grey sky,Winter,Yoga studio confirms 3 kg worked out and asks for the same quantity for the next Advent Sunday. You agree and pencil in the following weekend.,mushroom_Orders_v1.rtf
836,2017-12-10,11:46,Drizzle,Winter,"Webshop 1-portion order: ""end of week, low appetite, just one small meal."" Vegan, pick-up at 19:00. You accept and prepare a mini box.",mushroom_Orders_v1.rtf
837,2017-12-10,15:04,Low clouds,Winter,Private recurring Sunday customer says this week's box was slightly too much with all the office parties. They ask to reduce next Sunday by about one third. You confirm and adjust.,mushroom_Orders_v1.rtf
838,2017-12-10,19:32,Damp cold,Winter,"Hotel in Mitte checks that next Sunday's 7 kg is still realistic with your other commitments. You reply yes, but mark ""no extra capacity"" for that weekend in your notes.",mushroom_Orders_v1.rtf
839,2017-12-11,07:48,Dark grey,Winter,"Monday private customer confirms they want to keep the larger December size for the next two weeks, then return to normal in January. You update their profile with an end date.",mushroom_Orders_v1.rtf
840,2017-12-11,10:25,Light rain,Winter,"Webshop 3-portion box, ""mood: anxious, too many deadlines, try to avoid sugar."" Vegetarian, pickup tonight. You confirm and log them as a repeat from earlier in the year.",mushroom_Orders_v1.rtf
841,2017-12-11,13:59,Low clouds,Winter,"Catering firm reconfirms the 12th event order: 6 kg, split into two crates. They request clear labeling with event name and today's date. You print simple labels and set a reminder.",mushroom_Orders_v1.rtf
842,2017-12-11,17:42,Drizzle,Winter,"Neukölln cafe sends short message: ""No change for upcoming weekend, 4 kg fine."" You reply ""noted, 4 kg as agreed"" and leave it at that.",mushroom_Orders_v1.rtf
843,2017-12-11,21:07,Wet cold,Winter,"Private customer asks if any slot remains for a small box on the 23rd, mentioning they'll be alone over Christmas and want something supportive. You check your calendar and offer a very narrow pickup window in the afternoon.",mushroom_Orders_v1.rtf
844,2017-12-12,07:54,Grey sky,Winter,Catering company's 6 kg delivery goes out; afterward they email to confirm everything arrived on time and quantities matched. They also tentatively ask about adding 2 kg for a spontaneous office gathering on the 20th. You say you'll confirm after checking other bookings.,mushroom_Orders_v1.rtf
845,2017-12-12,10:32,Light drizzle,Winter,"Webshop 2-portion order, ""mid-December, want to slow down evenings a bit."" Vegan, pick-up tonight. You confirm with a brief message and add them to the schedule.",mushroom_Orders_v1.rtf
846,2017-12-12,14:11,Dark clouds,Winter,"Hotel in Mitte asks if on the 24th you can shift their usual Sunday delivery to early morning, before 08:00. You answer that you can come at 07:30 if they have someone at the back entrance.",mushroom_Orders_v1.rtf
847,2017-12-12,18:03,Drizzle,Winter,"Yoga studio updates their list: next Sunday's headcount slightly higher, asking if 3.5 kg is still within reach. You reply that 3.5 kg should be okay and note that it's close to your personal upper limit that day.",mushroom_Orders_v1.rtf
848,2017-12-12,21:26,Wet cold,Winter,"Private long-term client sends ""December check-in"": they want two boxes, one around the 17th and one between Christmas and New Year, both vegetarian and low stimulation. You answer with two suggested pickup slots and wait for confirmation.",mushroom_Orders_v1.rtf
849,2017-12-13,08:00,Low grey,Winter,"Reduced-frequency Wednesday customer confirms they are on for this week, usual amount. They ask if you're working between Christmas and New Year as well. You say you'll operate at reduced capacity and will send them dates soon.",mushroom_Orders_v1.rtf
850,2017-12-13,11:37,Light rain,Winter,"Webshop 3-portion box, ""mood: exhausted, lots of social noise."" Vegan, pickup tonight 20:00. You confirm and keep the communication short.",mushroom_Orders_v1.rtf
851,2017-12-13,15:09,Dark sky,Winter,"Prenzlauer Berg cafe asks if on the 23rd they can increase from 2 kg to 3 kg, expecting more brunch guests before the holidays. You agree but flag that this might reduce what you have for private orders.",mushroom_Orders_v1.rtf
852,2017-12-13,19:18,Damp cold,Winter,"Bistro in Friedrichshain checks in: ""Can we see if 5 kg still works easily for the Friday before Christmas?"" You respond that you've planned around it and it should be fine, but no last-minute increases that day.",mushroom_Orders_v1.rtf
853,2017-12-14,07:46,Dark grey,Winter,"Webshop 1-portion order, ""just need something small for tonight, low appetite."" Vegetarian, pickup after 19:30. You accept and tag as micro-order.",mushroom_Orders_v1.rtf
854,2017-12-14,10:58,Drizzle,Winter,Hotel in Mitte confirms the early 24th delivery time and asks if they can also have a smaller top-up (2 kg) on the 31st for New Year's breakfast. You say yes but warn that your schedule on the 31st is already tight.,mushroom_Orders_v1.rtf
855,2017-12-14,14:40,Low clouds,Winter,"Neukölln cafe sends their detailed December plan: 4 kg on the 17th, 4.5 kg on the 24th, 3.5 kg on the 31st. You confirm all three, with a note that the 24th delivery will be earlier than usual.",mushroom_Orders_v1.rtf
856,2017-12-14,18:12,Light rain,Winter,"Catering company formally requests the 8 kg for the 19th, clarifying that they'll need two different crates labeled according to dish name. You approve and add label texts to your checklist.",mushroom_Orders_v1.rtf
857,2017-12-14,21:39,Wet cold,Winter,"Private customer asks if there is still any slot for a small New Year's Eve box, just 2 portions, mostly vegan. You check and offer an early pick-up on the 30th as your last private slot.",mushroom_Orders_v1.rtf
858,2017-12-15,07:39,Grey sky,Winter,"Bistro receives 5 kg and later messages the balance worked. They ask if next Friday (22nd) you can keep exactly the same composition if the forest allows. You reply that you'll aim for a similar mix, with small differences depending on what's available.",mushroom_Orders_v1.rtf
859,2017-12-15,10:46,Drizzle,Winter,"Webshop 4-portion family box, ""pre-Christmas weekend, guests staying over, mixed diets."" They mark vegetarian plus one vegan. You confirm tonight pickup and pack in two bags.",mushroom_Orders_v1.rtf
860,2017-12-15,13:53,Low clouds,Winter,Cafe in Kreuzberg confirms their 2 kg trial for today and asks if you can stop by briefly to explain your concept to the staff. You say you can spare 10 minutes after dropping off the crate.,mushroom_Orders_v1.rtf
861,2017-12-15,17:21,Rain,Winter,"Yoga studio sends last-minute change: a few people cancelled, so Sunday's 3.5 kg can stay at 3 kg. You accept the reduction and reassign some grams to a waitlisted private order.",mushroom_Orders_v1.rtf
862,2017-12-15,20:44,Damp cold,Winter,Private late pick-up: customer writes they're stuck in traffic and may arrive close to 22:00. You answer that's okay as long as they text 10 minutes before arriving so you stay awake.,mushroom_Orders_v1.rtf
863,2017-12-16,08:07,Grey sky,Winter,Cafe Sonnenweg confirms 4 kg delivery and says they will need the same on the 23rd plus the small extra already agreed. They also ask for a single consolidated December invoice. You agree and make a note.,mushroom_Orders_v1.rtf
864,2017-12-16,11:29,Light drizzle,Winter,Prenzlauer Berg cafe takes 2 kg and asks you for a rough projection of what New Year's weekend capacity looks like. You explain you're prioritizing long-term partners but can likely maintain 2 kg for them on the 30th.,mushroom_Orders_v1.rtf
865,2017-12-16,14:58,Dark clouds,Winter,"Webshop 2-portion order, ""second Advent weekend, want quiet evenings, vegetarian."" Pickup requested 18:00. You confirm and assign.",mushroom_Orders_v1.rtf
866,2017-12-16,18:37,Cold rain,Winter,"Neukölln cafe texts that tomorrow's 4 kg is confirmed and they will probably need to keep that level for Christmas Eve as well. You double-check your list, then confirm 4 kg for the 24th.",mushroom_Orders_v1.rtf
867,2017-12-16,21:05,Wet cold,Winter,Private customer on Sunday schedule asks if this week's reduced box was enough for you logistically. You answer yes and ask for a quick mood update next week to see if size needs further change.,mushroom_Orders_v1.rtf
868,2017-12-17,08:16,Low grey,Winter,"Yoga studio receives 3 kg and messages later that portioning was good, nothing left over. They plan to repeat similar numbers next Advent season. You save a note for future planning.",mushroom_Orders_v1.rtf
869,2017-12-17,11:52,Drizzle,Winter,"Webshop 1-portion order, ""Sunday evening only, very tired."" Vegan, pickup at 19:30. You confirm and keep message short.",mushroom_Orders_v1.rtf
870,2017-12-17,15:06,Grey sky,Winter,"Hotel in Mitte checks final headcount for next Sunday (Christmas Eve) brunch and is satisfied with the planned 7 kg. They ask if you can write ""24.12"" clearly on each crate. You agree.",mushroom_Orders_v1.rtf
871,2017-12-17,19:41,Damp cold,Winter,Private long-term client picks up their pre-Christmas box and later emails that they might want a slightly smaller second box between the holidays. You note the change and confirm the reduction for the post-Christmas order.,mushroom_Orders_v1.rtf
872,2017-12-18,07:45,Dark grey,Winter,Monday customer confirms they want their last larger December box today and then a pause until mid-January. You acknowledge and mark the pause in your calendar.,mushroom_Orders_v1.rtf
873,2017-12-18,10:23,Light rain,Winter,"Webshop 3-portion box, ""last work week, need support to not skip meals."" Vegetarian, pickup tonight. You confirm.",mushroom_Orders_v1.rtf
874,2017-12-18,13:57,Low clouds,Winter,"Catering company reconfirms 8 kg on the 19th and notes that one of the events might shrink, but they'll keep the order to avoid complexity. You accept and remind them you can't store leftovers for them.",mushroom_Orders_v1.rtf
875,2017-12-18,17:28,Drizzle,Winter,Neukölln cafe sends a planning note: they want to keep 4 kg on the 24th but only 3 kg on the 31st due to shorter brunch hours. You update their dates accordingly.,mushroom_Orders_v1.rtf
876,2017-12-18,21:02,Wet cold,Winter,"Private customer asks if a small box on the 27th is still realistic, only 2 portions. You look at capacity between the holidays and offer a mid-afternoon slot for them.",mushroom_Orders_v1.rtf
877,2017-12-19,07:51,Grey sky,Winter,"Catering company receives 8 kg and later emails that everything was on time, with clear labels. They say they'll likely book similar volumes next December if this format holds. You note the feedback for future reference.",mushroom_Orders_v1.rtf
878,2017-12-19,10:36,Light drizzle,Winter,"Webshop 2-portion order, ""almost Christmas, want something simple and grounding."" Vegan, pickup tonight around 20:00. You confirm and log them as first-time December customer.",mushroom_Orders_v1.rtf
879,2017-12-19,14:05,Dark clouds,Winter,"Hotel in Mitte asks if on the 31st they can also get 1 kg extra labeled ""kitchen staff only."" You reply that you can't guarantee extra that day but will try if forest and schedule allow.",mushroom_Orders_v1.rtf
880,2017-12-19,18:11,Drizzle,Winter,"Yoga studio sends updated attendee list for an end-of-year event on the 29th and asks for about 3 kg. You confirm, marking it as one of the last big deliveries of the year.",mushroom_Orders_v1.rtf
881,2017-12-19,21:37,Wet cold,Winter,"Private customer from 2010 era writes: ""I'm back in town briefly, any chance for a tiny box before Christmas?"" You offer one of the last small private slots on the 22nd, late afternoon.",mushroom_Orders_v1.rtf
882,2017-12-20,07:47,Low grey,Winter,"Bistro asks if Friday's (22nd) 5 kg can be split into 3 kg early morning and 2 kg early afternoon due to limited storage. You consider route timing and accept, noting two drops for the same day.",mushroom_Orders_v1.rtf
883,2017-12-20,10:59,Light rain,Winter,"Webshop 3-portion family box, ""family arriving on 23rd, mixed diets, want vegetarian-friendly options."" Pickup requested on the 22nd evening. You confirm and highlight that day as very full.",mushroom_Orders_v1.rtf
884,2017-12-20,13:48,Dark sky,Winter,"Catering company follows up about a small internal gathering and decides they no longer need the extra 2 kg they tentatively asked for. You mark the additional order as cancelled, freeing capacity.",mushroom_Orders_v1.rtf
885,2017-12-20,17:26,Drizzle,Winter,"Cafe in Kreuzberg checks if their next trial on the 22nd can be a bit larger, 2.5 kg instead of 2 kg. You accept but mention that this leaves little room for extra private orders that day.",mushroom_Orders_v1.rtf
886,2017-12-20,20:58,Wet cold,Winter,"Private customer asks if it's still possible to upgrade their 2-portion Christmas Eve box to 3 portions due to a last-minute guest. You answer that you can add a bit but can't fully increase to 3 full portions; they agree to a ""2.5"" compromise.",mushroom_Orders_v1.rtf
887,2017-12-21,08:01,Grey clouds,Winter,"Hotel in Mitte confirms final numbers for Christmas brunch and dinner, keeping the existing 7 kg plan. They also ask you to text once you leave home on the 24th. You agree.",mushroom_Orders_v1.rtf
888,2017-12-21,10:44,Light drizzle,Winter,"Webshop 2-portion order, ""last office days, want to avoid heavy restaurant food."" Vegetarian, pickup tomorrow. You accept and schedule preparation for the 22nd.",mushroom_Orders_v1.rtf
889,2017-12-21,13:59,Low clouds,Winter,Prenzlauer Berg cafe reconfirms they need 3 kg on the 23rd instead of 2 kg. They mention reservations are higher than expected. You confirm and adjust the allocation.,mushroom_Orders_v1.rtf
890,2017-12-21,17:33,Drizzle,Winter,Yoga studio fine-tunes the 29th event order and confirms 3 kg is enough. They ask for pickup around 14:00. You agree and mark time.,mushroom_Orders_v1.rtf
891,2017-12-21,20:46,Damp cold,Winter,"Private customer planning to be alone on New Year's Eve requests a small 2-portion box on the 30th, preferably earlier in the day. You reply with a 12:00–13:00 slot and mark it confirmed.",mushroom_Orders_v1.rtf
892,2017-12-22,07:39,Low grey,Winter,Bistro receives first 3 kg drop and texts that timing was perfect. They confirm they'll be ready for the second 2 kg drop at 14:00. You continue route as planned.,mushroom_Orders_v1.rtf
893,2017-12-22,10:11,Light rain,Winter,"Cafe Sonnenweg messages: ""Tomorrow's 4.5 kg still ok?"" They add that many regulars specifically asked if the ""mushroom house guy"" is still supplying over Christmas. You confirm and appreciate the feedback.",mushroom_Orders_v1.rtf
894,2017-12-22,13:27,Dark sky,Winter,"Webshop heavy day: a 4-portion box is ordered, ""family arriving from out of town, mostly vegetarian."" Pickup tonight at 19:30. You confirm but mark that this is one of the last big private orders before the holidays.",mushroom_Orders_v1.rtf
895,2017-12-22,16:54,Drizzle,Winter,"Hotel in Mitte sends final reminder for 24th delivery, checking address details and phone number. You double-check everything and send a short ""confirmed"" reply.",mushroom_Orders_v1.rtf
896,2017-12-22,19:38,Wet cold,Winter,"Private long-term client picks up their pre-Christmas box and asks at the door if their smaller box between the holidays is still in the calendar. You confirm the date and time verbally and add ""reconfirmed"" in your notes.",mushroom_Orders_v1.rtf
897,2017-12-23,07:50,Grey sky,Winter,"Cafe Sonnenweg confirms 4.5 kg delivered and says the brunch line is already forming. They request the same extra 0.5 kg if next year's pre-Christmas Saturday looks similar. You add a ""pattern"" note for future.",mushroom_Orders_v1.rtf
898,2017-12-23,10:23,Light drizzle,Winter,Prenzlauer Berg cafe gets 3 kg and writes that they may need 2.5–3 kg again on the 30th depending on bookings. You tentatively block 2.5 kg and ask them to confirm by the 27th.,mushroom_Orders_v1.rtf
899,2017-12-23,13:59,Dark clouds,Winter,"Webshop 2-portion box, ""Christmas Eve for two, mostly vegetarian, no onions."" Pickup requested this afternoon. You accept, noting it as one of the last pre-Christmas private orders.",mushroom_Orders_v1.rtf
900,2017-12-23,17:36,Light rain,Winter,Neukölln cafe checks that tomorrow's 4 kg delivery will come early enough for brunch prep. You confirm an 08:00 drop-off and adjust your morning timing accordingly.,mushroom_Orders_v1.rtf
901,2017-12-23,20:47,Wet cold,Winter,"Private customer sends a quick late message: ""If anything is left after all other orders, I'd take any tiny box for the holidays."" You reply that today everything is allocated but you can possibly help between Christmas and New Year.",mushroom_Orders_v1.rtf
902,2017-12-24,07:21,Dark grey,Winter,"Hotel in Mitte receives their Christmas Eve delivery and replies with a short ""all arrived, many thanks"" email. They confirm crates were correctly labeled for brunch and dinner. You log successful delivery.",mushroom_Orders_v1.rtf
903,2017-12-24,09:05,Light drizzle,Winter,"Neukölln cafe gets 4 kg and writes that pre-bookings are high, but they'll try not to over-portion so nothing goes to waste. You thank them for the update and move to the next stop.",mushroom_Orders_v1.rtf
904,2017-12-24,11:48,Low clouds,Winter,"Webshop small holiday order: 1-portion box, ""quiet Christmas evening, just me."" Vegan, pickup at 16:00. You confirm and fit it into the already tight schedule.",mushroom_Orders_v1.rtf
905,2017-12-24,15:12,Drizzle,Winter,"Private customer from early years sends a short email: ""Thank you for still doing this work; today's small box is enough."" Operationally, they confirm they picked up and everything was clear. You close the order as completed.",mushroom_Orders_v1.rtf
906,2017-12-24,18:39,Wet cold,Winter,"Hotel in Mitte asks if everything for the 31st is still feasible given today's load. You reply that you'll keep their 2 kg plus potential staff add-on, but cannot extend beyond that.",mushroom_Orders_v1.rtf
907,2017-12-25,09:17,Grey sky,Winter,"Private customer sends a brief ""all good with yesterday's box, nothing left over."" They mention they might want a similar size for New Year's Eve. You ask them to confirm within two days if they want to reserve a slot.",mushroom_Orders_v1.rtf
908,2017-12-25,12:52,Light drizzle,Winter,"Webshop places a 2-portion box for the 27th, ""between the holidays, need something simple and vegetarian."" You accept and assign a mid-week time slot.",mushroom_Orders_v1.rtf
909,2017-12-25,16:11,Low clouds,Winter,Hotel in Mitte thanks you again for the Christmas delivery and shares that guest feedback was positive. They confirm they definitely want to continue the cooperation next year. You make a note under their account.,mushroom_Orders_v1.rtf
910,2017-12-25,19:44,Damp cold,Winter,"Private customer from earlier in the month messages: ""Box carried me through the holidays well, no need for an extra one now."" You mark their optional New Year's order as cancelled, freeing a small amount of capacity.",mushroom_Orders_v1.rtf
911,2017-12-26,08:04,Grey sky,Winter,"Cafe Sonnenweg requests a modest 2 kg for the 27th as a ""between the holidays"" brunch test. They say they won't commit to a fixed number for that week. You accept and note flexible quantities.",mushroom_Orders_v1.rtf
912,2017-12-26,10:37,Light rain,Winter,"Webshop 3-portion order, ""tired after family days, need quiet meals between the years."" Vegetarian, pickup on the 28th. You confirm and schedule it in the quieter part of your day.",mushroom_Orders_v1.rtf
913,2017-12-26,14:06,Dark clouds,Winter,Yoga studio confirms the 29th event is full and they're happy with the 3 kg plan. They ask if you can mark the bag with the date so volunteers don't confuse deliveries. You agree.,mushroom_Orders_v1.rtf
914,2017-12-26,17:49,Drizzle,Winter,Neukölln cafe checks whether the 31st's 3 kg for shortened brunch is still secure. You reassure them you've blocked it and that it will be one of the last deliveries of the year.,mushroom_Orders_v1.rtf
915,2017-12-26,20:58,Wet cold,Winter,"Private customer asks if they can pick up their 27th box later than planned, closer to 21:00. You respond that it's okay as long as they text when they're on the way.",mushroom_Orders_v1.rtf
916,2017-12-27,08:02,Low grey,Winter,"Cafe Sonnenweg receives the 2 kg ""between the holidays"" delivery and notes that the lighter amount feels right for this quieter week. They suggest a similar approach next year. You log the pattern.",mushroom_Orders_v1.rtf
917,2017-12-27,11:13,Light drizzle,Winter,Webshop user picks up their scheduled box and afterwards writes that they might want to book a small subscription for the new year. You respond you'll discuss rhythms after January starts.,mushroom_Orders_v1.rtf
918,2017-12-27,14:41,Dark sky,Winter,"Prenzlauer Berg cafe confirms they indeed want 2.5 kg for the 30th, not 3 kg, after checking bookings again. You update the quantity and free 0.5 kg capacity.",mushroom_Orders_v1.rtf
919,2017-12-27,18:06,Drizzle,Winter,"Private between-holidays customer sends a short ""received, all good"" note and asks if you're also working on the 2nd of January. You mention you typically restart around the 3rd and will confirm later.",mushroom_Orders_v1.rtf
920,2017-12-27,21:29,Wet cold,Winter,Hotel in Mitte checks that 31st morning delivery can be closer to 09:00 than 08:00 this time. You agree and adjust timing slightly.,mushroom_Orders_v1.rtf
921,2017-12-28,08:09,Grey sky,Winter,"Webshop 2-portion order, ""end of year, want simple grounding food."" Vegan, pickup requested tonight between 19:00–20:00. You confirm with a short reply.",mushroom_Orders_v1.rtf
922,2017-12-28,11:35,Light rain,Winter,Yoga studio reaffirms 3 kg for the 29th and asks you to bring change for cash payment. You note to carry small bills. They also share door code again.,mushroom_Orders_v1.rtf
923,2017-12-28,15:07,Dark clouds,Winter,"Prenzlauer Berg cafe checks if your 2.5 kg for the 30th can arrive a bit earlier, around 08:15. You accept and align your Saturday route.",mushroom_Orders_v1.rtf
924,2017-12-28,18:42,Drizzle,Winter,"Private customer picking up on the 30th for New Year's Eve asks if you can label the bag ""NYE"" so they don't mix it with other groceries. You agree and add a short note on the bag.",mushroom_Orders_v1.rtf
925,2017-12-28,21:18,Wet cold,Winter,"Neukölln cafe confirms once more: 3 kg on the 31st is final, no further changes. You mark ""locked"" on that order and appreciate the certainty.",mushroom_Orders_v1.rtf
926,2017-12-29,08:03,Low grey,Winter,"Yoga studio collects 3 kg and later texts that quantities were about right, with a small amount left but manageable. They say they'll plan a similar event next December. You note recurring potential.",mushroom_Orders_v1.rtf
927,2017-12-29,11:40,Light drizzle,Winter,"Webshop 1-portion box, ""just for tonight, after a long week, vegetarian."" Pickup 19:00. You accept and keep it small.",mushroom_Orders_v1.rtf
928,2017-12-29,15:09,Dark sky,Winter,"Hotel in Mitte reconfirms 2 kg for New Year's breakfast and says they'll skip the extra ""staff"" bag due to vacation schedules. You adjust their order down to the baseline.",mushroom_Orders_v1.rtf
929,2017-12-29,19:37,Wet cold,Winter,"Private long-term customer writes: ""My between-years box was perfect, no need for more before January."" They ask to resume their usual schedule in mid-January. You add a note to restart then.",mushroom_Orders_v1.rtf
930,2017-12-30,08:06,Grey sky,Winter,"Prenzlauer Berg cafe receives 2.5 kg and notes that bookings for tomorrow brunch are moderate, so the amount feels safe. They tell you they'd like to repeat a similar pattern next year. You record their comment.",mushroom_Orders_v1.rtf
931,2017-12-30,11:19,Light rain,Winter,Private New Year's Eve customer picks up their box and later messages that timing worked fine. They ask if you'll be reachable at all on the 1st; you reply that the operation will be fully closed that day.,mushroom_Orders_v1.rtf
932,2017-12-30,15:42,Dark clouds,Winter,"Webshop 2-portion order, ""not for NYE, just tonight, need calm evening, vegan."" Pickup at 19:30. You confirm and fit it between other tasks.",mushroom_Orders_v1.rtf
933,2017-12-30,19:11,Damp cold,Winter,Neukölln cafe sends last-minute reminder about 3 kg for New Year's brunch. They confirm staff will be there at 08:00. You acknowledge and set early alarm.,mushroom_Orders_v1.rtf
934,2017-12-31,07:52,Grey sky,Winter,Neukölln cafe receives 3 kg and messages that everything arrived as planned. They mention they're curious to explore a more regular winter pattern with you next year. You reply you're open to that discussion in January.,mushroom_Orders_v1.rtf
935,2017-12-31,10:26,Light drizzle,Winter,"Hotel in Mitte gets their New Year's breakfast order and sends a short thanks, adding that they'll be in touch in a few weeks to plan spring menus. You note ""spring planning"" on their account.",mushroom_Orders_v1.rtf
936,2017-12-31,14:39,Dark clouds,Winter,"Private webshop customer with a small New Year's Eve box confirms pickup and wishes you a quiet evening. Operationally, they say the portion size is exactly right and they don't need any top-up. You close the last order of the year in your log.",mushroom_Orders_v1.rtf
937,2016-09-01,09:15,Crisp autumn air,Autumn,"From: order@cafe-kranzler.de Hi, we are kicking off our September seasonal special menu this week. Please deliver 15kg of your finest early autumn forest mushrooms along with the complementary warming herbs to match our signature lunch bowls.",mushroom_Orders_v1.rtf
938,2016-09-02,14:30,Sunny and clear,Autumn,"SMS from Chef Thomas (Restaurant Mitte): Hey, the September special sale is bringing in a lot of foot traffic. Let's increase our standard Thursday B2B order to 20kg. Keep the profile rustic and deeply grounding for the evening crowd.",mushroom_Orders_v1.rtf
939,2016-09-05,11:04,Overcast skies,Autumn,"From: booking@the-berlin-hub.de Hello, we are hosting a series of corporate workshops focused on autumn transitions. Please send 8kg of your morning focus and restoration blends for our catering line next Tuesday.",mushroom_Orders_v1.rtf
940,2016-09-06,16:22,Chilly rain,Autumn,"Order Note - Webshop: Customer Julia Voss. Request: ""The sudden shift to autumn weather is making me feel very ungrounded. Please send a rich, warming basket from your September special selection with plenty of bitter herbs.""",mushroom_Orders_v1.rtf
941,2016-09-08,08:50,Fresh morning dew,Autumn,"From: purchase@cafe-flora-berlin.de Dear Mushroom House, our guests are loving the outdoor terrace setup for the seasonal sale. Please maintain our weekly order at 12kg of robust forest profiles for our autumn breakfast menu.",mushroom_Orders_v1.rtf
942,2016-09-09,13:12,Cool breeze,Autumn,"SMS from Lena: Hi! Can I get a custom grounding basket from the September special line? Need something deeply comforting to cook after a long, intense week of project deadlines.",mushroom_Orders_v1.rtf
943,2016-09-12,10:15,Grey fog,Autumn,"From: s.beck@posteo.net Hello, I am ordering a custom gift box from your seasonal special menu to be delivered to a colleague in Prenzlauer Berg. Please include a vibrant, rustic selection with aromatic, protective herbs.",mushroom_Orders_v1.rtf
944,2016-09-13,15:40,Heavy rain,Autumn,"Order Log #1402: B2C customer Stefan Weber. Requesting standard drop-off. Customer notes severe fatigue from corporate end-of-quarter planning, seeking a slow-cooking, substantive autumn mix.",mushroom_Orders_v1.rtf
945,2016-09-15,09:18,Clear and frosty,Autumn,"SMS from Ben: Hey man, the September special sale has been a massive hit at our coffee counter. Can you add an extra 3kg of your signature warming herbs to our delivery this morning?",mushroom_Orders_v1.rtf
946,2016-09-16,12:20,Chilly afternoon,Autumn,"From: info@hotel-am-stein.de Dear Mushroom House, our autumn culinary weeks are officially underway. We require a consistent B2B supply of 15kg per week of your pristine earthy mushroom profiles to support our special tasting menus.",mushroom_Orders_v1.rtf
947,2016-09-19,17:02,Overcast,Autumn,"Order Note - Email: Customer Michael K. ""Heading into a very busy week of travel. Requesting a substantive, rich basket from the September seasonal special to help me ground myself over the weekend.""",mushroom_Orders_v1.rtf
948,2016-09-20,11:15,Dynamic clouds,Autumn,SMS from Chef Thomas (Restaurant Mitte): The terrace crowd expanded last minute for the seasonal special event tonight. Can we get an emergency delivery of 5kg of your signature savory mushroom blend by 15:00?,mushroom_Orders_v1.rtf
949,2016-09-22,08:45,Chilly drizzle,Autumn,"From: mail@elisa-k.de Hello, my partner and I are hosting a small autumn dinner party this Saturday. Can you design a premium basket featuring your best September special varieties and delicate herb pairings?",mushroom_Orders_v1.rtf
950,2016-09-23,14:10,Clear and cold,Autumn,"From: ordering@the-workspace-coffee.de Hi, we need to adjust our delivery window next week due to an early staff training session. Please ensure our 25kg order of focus and restoration blends arrives strictly between 07:30 and 08:30 AM.",mushroom_Orders_v1.rtf
951,2016-09-26,16:35,Rainy evening,Autumn,"SMS from Jonas: Hey, looking to grab a custom box from the September special line for a cozy dinner with my flatmates. Need something deeply comforting to balance out the frantic city energy.",mushroom_Orders_v1.rtf
952,2016-09-27,10:22,Frozen morning,Autumn,"Order Note - Web: New customer Sandra Meyer. ""Recommended by a regular. Looking for a restorative, balancing mix from your September seasonal sale to help manage high work stress and anxiety.""",mushroom_Orders_v1.rtf
953,2016-09-29,13:50,Thick grey fog,Autumn,"From: purchase@cafe-flora-berlin.de Dear Mushroom House, the fog is keeping people inside today but our weekend pre-orders for the autumn brunch boxes are massive. Please lock in our 12kg order of robust, savory profiles.",mushroom_Orders_v1.rtf
954,2016-09-30,09:11,Crisp morning air,Autumn,"SMS from Sarah Lang: Hi there, hope you are staying warm. Can you send the usual grounding autumn mix to my flat this Friday? Feeling completely overwhelmed by long hours in front of my monitor.",mushroom_Orders_v1.rtf
955,2019-09-02,09:15,Crisp and clear,Autumn,"From: kitchen@bistro-neukoelln.de Hi, September is here and our autumn seasonal special menu is live. We want to secure 10kg of your richest grounding mushroom varieties for our neighborhood lunch service next Tuesday.",mushroom_Orders_v1.rtf
956,2019-09-03,14:30,Warm autumn sun,Autumn,"SMS from Chef Thomas (Restaurant Mitte): Hey, the September seasonal special sale is bringing a huge crowd to our terrace. We need to upgrade our standard Thursday B2B order to 20kg to cover the weekend rush. Keep it rustic.",mushroom_Orders_v1.rtf
957,2019-09-04,11:04,Overcast,Autumn,"From: ordering@the-workspace-coffee.de Hello, our corporate clients are requesting high-volume catering boxes for their autumn kickoff meetings. Please add an extra 5kg of the morning focus and restoration blends to our regular Tuesday delivery.",mushroom_Orders_v1.rtf
958,2019-09-05,16:22,Cool drizzle,Autumn,"Order Note - Webshop: Customer Julia Voss. Request: ""The return to the intense post-summer work routine is exhausting. Please send a highly grounding, comforting winter-transition basket from the September sale.""",mushroom_Orders_v1.rtf
959,2019-09-06,08:50,Icy breeze,Autumn,"From: purchase@cafe-flora-berlin.de Dear Mushroom House, our breakfast terrace is fully optimized for the autumn sale. Please increase our weekly Tuesday order to 12kg of robust forest profiles for the rest of the month.",mushroom_Orders_v1.rtf
960,2019-09-09,13:12,Dynamic clouds,Autumn,SMS from Lena: Hi! Can you put together a special autumn basket for me to pick up this Thursday? I want something deeply restorative and comforting to help survive the heavy workload this month.,mushroom_Orders_v1.rtf
961,2019-09-10,10:15,Heavy overcast,Autumn,"From: s.beck@posteo.net Hello, I am ordering a custom autumn gift box from the seasonal sale to be delivered to a friend in Charlottenburg. I want to include your most premium, rich mushroom selection and protective herbs.",mushroom_Orders_v1.rtf
962,2019-09-11,15:40,Chilly rain,Autumn,"Order Log #4102: B2C customer Stefan Weber. Requesting standard drop-off. Customer notes intense fatigue from closing out heavy financial files, seeking a deeply substantial, slow-cooking autumn mix.",mushroom_Orders_v1.rtf
963,2019-09-12,09:18,Thick fog,Autumn,SMS from Ben: Happy Thursday! The morning dampness has everyone in the neighborhood craving warm wellness drinks. Can you add an extra 2kg of your signature autumn warming herbs to our delivery?,mushroom_Orders_v1.rtf
964,2019-09-13,12:20,Bitterly cold,Autumn,"From: info@hotel-am-stein.de Dear Mushroom House, our autumn banqueting schedule is fully locked in. We require a consistent, high-volume B2B supply of 15kg per week of your finest earthy mushroom profiles to support our tasting menus.",mushroom_Orders_v1.rtf
965,2019-09-16,17:02,Freezing drizzle,Autumn,"Order Note - Email: Customer Michael K. ""Heading into a very busy week of corporate travel. Requesting a substantive, rich basket from the September special to help me ground myself when I get back.""",mushroom_Orders_v1.rtf
966,2019-09-17,11:15,Grey skies,Autumn,SMS from Chef Thomas (Restaurant Mitte): The corporate event tonight expanded last minute during our seasonal promotion. Can we get an emergency delivery of 5kg of your signature savory mushroom blend by 15:00 today?,mushroom_Orders_v1.rtf
967,2019-09-18,08:45,Crisp morning air,Autumn,"From: mail@elisa-k.de Hello, my partner and I are hosting a small pre-autumn dinner for our family this Saturday. Can you design a premium basket with your most elegant seasonal varieties? Delivery on Friday, please.",mushroom_Orders_v1.rtf
968,2019-09-19,14:10,Clear and cold,Autumn,"From: ordering@the-workspace-coffee.de Hi, we need to adjust our delivery window for next Tuesday due to a scheduled building inspection. Please ensure our 25kg order arrives strictly between 07:30 and 08:30 AM. Standard protocols apply.",mushroom_Orders_v1.rtf
969,2019-09-20,16:35,Heavy rain,Autumn,"SMS from Jonas: Hey, looking to grab a basket from the September special line for a cozy evening dinner with my flatmates. Need something deeply comforting to balance out the frantic city energy.",mushroom_Orders_v1.rtf
970,2019-09-23,10:22,Frozen morning,Autumn,"Order Note - Web: New customer Sandra Meyer. ""Looking for a restorative, balancing mix from the seasonal sale to help manage stress and anxiety brought on by the chaotic return to the office.""",mushroom_Orders_v1.rtf
971,2019-09-24,13:50,Heavy sleet,Autumn,"From: purchase@cafe-flora-berlin.de Dear Mushroom House, the weather is keeping people inside today but our weekend pre-orders for the autumn brunch boxes are massive. Please maintain our 12kg order, focusing on robust, savory profiles.",mushroom_Orders_v1.rtf
972,2019-09-25,09:11,Clear and frosty,Autumn,"SMS from Sarah Lang: Hi there, hope you are staying warm. Can you send the usual grounding autumn mix to my apartment this Friday? Feeling completely overwhelmed by endless screen time and online meetings.",mushroom_Orders_v1.rtf
973,2019-09-26,15:30,Bitter cold,Autumn,"Order Log #4145: B2C customer Oliver H. Contactless delivery instruction: ""Leave inside the parcel box in the courtyard."" Request notes a desire for a warming, rich profile to counter the freezing mid-month temperatures.",mushroom_Orders_v1.rtf
974,2019-09-27,11:04,Overcast,Autumn,"From: kitchen@bistro-neukoelln.de Hi, our festive evening menus for the September sale have been highly popular this week. We need to add an extra 4kg of your rustic autumn mushroom selection to our standard Tuesday drop-off to cover the final week.",mushroom_Orders_v1.rtf
975,2019-09-30,16:18,Chilly wind,Autumn,"SMS from Chef Thomas (Restaurant Mitte): Hey, we are finalizing our premium menus for the end of the seasonal special promotion. Please ensure next Thursday's delivery features your absolute finest, most pristine forest profiles. Total volume 20kg.",mushroom_Orders_v1.rtf
976,2018-03-01,09:15,Record-breaking Baltic freeze,Winter-Spring Transition,"From: kitchen@bistro-neukoelln.de Hi, this Siberian ""Beast from the East"" weather has everyone frozen solid, but we are trying to look ahead to our spring awakening menu. We want to secure 10kg of your deeply grounding mushroom varieties to offer some warmth while the city waits for the frost to break. Please confirm availability.",mushroom_Orders_v1.rtf
977,2018-03-02,14:30,Bitterly cold and piercing wind,Winter-Spring Transition,"SMS from Chef Thomas (Restaurant Mitte): Hey, the freezing cold is keeping people huddled indoors, but the dinner tables are packed. We need to double our standard Thursday B2B order to 20kg for the next three weeks. Everyone is looking for rustic comfort food to survive this endless winter extension.",mushroom_Orders_v1.rtf
978,2018-03-05,11:04,Overcast and icy,Winter-Spring Transition,"From: ordering@the-workspace-coffee.de Hello, despite the late-season freeze, our corporate clients are pushing ahead with their spring kickoff meetings. The mood is a bit tense with the ongoing political gridlock in the news as the coalition talks finally wrap up in the background. Please add an extra 5kg of the morning focus and restoration blends to our regular Tuesday delivery hub drop-off to help teams power through.",mushroom_Orders_v1.rtf
979,2018-03-06,16:22,Freezing sleet,Winter-Spring Transition,"Order Note - Webshop: Customer Julia Voss. Request: ""This prolonged winter freeze is driving me crazy, and the gloomy political atmosphere isn't helping. Please send a highly grounding, comforting basket with extra warming herbs to my apartment to help me find some focus.""",mushroom_Orders_v1.rtf
980,2018-03-08,08:50,Frosty morning,Spring,"From: purchase@cafe-flora-berlin.de Dear Mushroom House, our terrace is still winterized with heavy heaters because of this cold snap, but customers are desperately seeking a taste of spring. Please increase our weekly Tuesday order to 12kg of robust forest profiles for our transitional seasonal menu.",mushroom_Orders_v1.rtf
981,2018-03-09,13:12,Light snow flurries,Spring,SMS from Lena: Hi! Can you put together a special grounding basket for me to pick up this Thursday? The combination of this stubborn freezing weather and the frantic workload is exhausting. I need something deeply restorative.,mushroom_Orders_v1.rtf
982,2018-03-12,10:15,Thick grey skies,Spring,"From: s.beck@posteo.net Hello, I am ordering a custom restorative box to be delivered to a colleague in Wilmersdorf. I want to include your most premium, rich mushroom selection and protective herbs to show appreciation for their hard work during a very hectic quarter.",mushroom_Orders_v1.rtf
983,2018-03-13,15:40,Cold rain,Spring,"Order Log #2102: B2C customer Stefan Weber. Requesting standard drop-off. Customer notes intense fatigue from closing out fiscal files, seeking a deeply substantial, slow-cooking mix to offset the gloomy mid-March dampness.",mushroom_Orders_v1.rtf
984,2018-03-15,09:18,Chilly morning air,Spring,"SMS from Ben: The snow is finally melting, but the damp cold has everyone in the neighborhood craving warm wellness drinks. Can you add an extra 2kg of your signature warming herbs to our coffee shop delivery this morning?",mushroom_Orders_v1.rtf
985,2018-03-16,12:20,Crisp and overcast,Spring,"From: info@hotel-am-stein.de Dear Mushroom House, our spring conference and banqueting schedule is fully locked in. With the new government finally taking office this week after months of uncertainty, corporate bookings are stabilizing. We require a consistent, high-volume B2B supply of 15kg per week of your finest earthy mushroom profiles to support our tasting menus.",mushroom_Orders_v1.rtf
986,2018-03-19,17:02,Damp and foggy,Spring,"Order Note - Email: Customer Michael K. ""Heading into a very busy week of corporate travel. Requesting a substantive, rich basket to help me ground myself when I get back home for the weekend."" Delivery to Charlottenburg.",mushroom_Orders_v1.rtf
987,2018-03-20,11:15,Grey skies,Spring,SMS from Chef Thomas (Restaurant Mitte): The dinner crowd expanded last minute tonight. Can we get an emergency delivery of 5kg of your signature savory mushroom blend by 15:00 today? Let us know the updated pricing.,mushroom_Orders_v1.rtf
988,2018-03-22,08:45,Drizzling rain,Spring,"From: mail@elisa-k.de Hello, my partner and I are hosting a small pre-Easter dinner for our immediate family this Saturday. Can you design a premium basket with your most elegant early spring varieties and aromatic herb accents? Delivery on Friday, please.",mushroom_Orders_v1.rtf
989,2018-03-23,14:10,Clear but brisk,Spring,"From: ordering@the-workspace-coffee.de Hi, we need to adjust our delivery window for next Tuesday due to a scheduled building inspection. Please ensure our 25kg order arrives strictly between 07:30 and 08:30 AM. Standard safety and invoicing protocols apply.",mushroom_Orders_v1.rtf
990,2018-03-26,16:35,Overcast,Spring,"SMS from Jonas: Hey, looking to grab a basket for a cozy evening dinner with my flatmates. Need something deeply comforting to balance out the erratic spring weather and city energy. I'll collect it from the lockbox around 18:00.",mushroom_Orders_v1.rtf
991,2018-03-27,10:22,Brisk morning,Spring,"Order Note - Web: New customer Sandra Meyer. ""Recommended by a regular customer. Looking for a restorative, balancing mix to help manage seasonal transition stress brought on by the frantic pace at work.""",mushroom_Orders_v1.rtf
992,2018-03-29,13:50,Heavy rain,Spring,"From: purchase@cafe-flora-berlin.de Dear Mushroom House, the rain is keeping people off the streets today, but our weekend pre-orders for Easter brunch boxes are massive. Please maintain our 12kg order for next week, focusing heavily on robust, savory profiles.",mushroom_Orders_v1.rtf
993,2018-03-30,09:11,Clear and chilly,Spring,"SMS from Sarah Lang: Hi there, hope you are staying warm this Good Friday. Can you send the usual grounding mix to my apartment next week? Feeling completely overwhelmed by end-of-month deadlines and endless screen time.",mushroom_Orders_v1.rtf
994,2018-04-02,15:30,Mild spring breeze,Spring,"Order Log #2145: B2C customer Oliver H. Contactless delivery instruction: ""Leave inside the parcel box in the courtyard."" Request notes a desire for a warming, rich profile to counter the remaining early April chills.",mushroom_Orders_v1.rtf
995,2018-04-03,11:04,Clear and sunny,Spring,"From: kitchen@bistro-neukoelln.de Hi, our post-Easter evening menus have been highly popular this week. We need to add an extra 4kg of your rustic mushroom selection to our standard Tuesday drop-off to support our new seasonal menu.",mushroom_Orders_v1.rtf
996,2018-04-05,16:18,Warm sunshine,Spring,"SMS from Chef Thomas (Restaurant Mitte): Hey, the weather is finally turning beautiful, and the city is coming alive. We are updating our evening menu. Please ensure next Thursday's delivery features your absolute finest, most pristine forest profiles. Total volume 20kg.",mushroom_Orders_v1.rtf
997,2018-04-06,08:30,Bright morning,Spring,"From: lars.v@web.de Hello, ordering another box for home delivery. The frantic second-quarter corporate push is completely draining my focus. I need a mix that feels grounding yet mentally refreshing to help me push through the week.",mushroom_Orders_v1.rtf
998,2018-04-09,14:55,Mild and sunny,Spring,"Order Note - Webshop: Customer Hanna Winter. ""Requesting a custom spring herb pairing that feels protective and deeply comforting. Looking forward to slowing down and cooking during the upcoming weekend.""",mushroom_Orders_v1.rtf
999,2018-04-10,10:40,Light April showers,Spring,"From: ordering@the-workspace-coffee.de Hello, please note that we are scaling up our morning wellness orders as office workers try to shake off the seasonal fatigue. For next Tuesday's delivery, please lock in 25kg, focusing entirely on the morning focus and restoration blends.",mushroom_Orders_v1.rtf
1000,2018-04-12,12:15,Crisp air,Spring,SMS from Lena: Morning! Ready for my mid-month survival basket. Let's do something incredibly rich and heavy on the grounding herbs to prepare for a hectic couple of weeks. Thanks for keeping the shop running!,mushroom_Orders_v1.rtf
1001,2018-04-13,17:10,Clear evening,Spring,"From: contact@restaurant-pure.de Dear Mushroom House, our early spring concept is fully booked through next week. Your local mushroom yields are the anchor of our signature seasonal plates. Please lock in our 20kg delivery for next Wednesday morning.",mushroom_Orders_v1.rtf
1002,2018-04-16,09:45,Overcast,Spring,"Order Log #2190: B2C customer Julia Voss. ""Desperately need a grounding reset this week. Give me your most substantive, comforting variety and herb pairing."" Delivery to Schöneberg.",mushroom_Orders_v1.rtf
1003,2018-04-17,15:22,Soft rain,Spring,"SMS from Ben: Hey, rain is keeping people inside today, but we expect a huge rush of locals looking for a focus boost later this week. Can we make sure our Thursday delivery has a great balance of focus-enhancing profiles?",mushroom_Orders_v1.rtf
1004,2018-04-19,11:30,Unseasonably warm sun,Spring,"From: mail@elisa-k.de Hi, following up on our previous order. The family dinner was a massive success! We want a simple, grounding box for just the two of us to help us unwind over the upcoming weekend. Delivery this Friday, please.",mushroom_Orders_v1.rtf
1005,2018-04-20,14:05,Sunny and warm,Spring,"Order Note - Web: Customer Stefan Weber. ""Preparing for a quiet weekend at home. Requesting a substantial basket that focuses entirely on deep, rustic, earthy elements to help me completely disconnect from corporate work.""",mushroom_Orders_v1.rtf
1006,2018-04-23,08:22,Balmy breeze,Spring,"From: purchase@cafe-flora-berlin.de Hello, we are updating our delivery requirements as the terrace is packed due to this incredible, record-breaking warm April. Please move our standard Tuesday morning delivery to Monday afternoon instead. Total volume required is 10kg.",mushroom_Orders_v1.rtf
1007,2018-04-24,13:15,Bright and clear,Spring,"SMS from Chef Thomas (Restaurant Mitte): Hey, quick update for our terrace service logistics. Please drop off our 20kg order at the back kitchen door before 10:00 AM on Monday so the prep team can get started early on the spring specials. Thanks!",mushroom_Orders_v1.rtf
1008,2018-04-26,16:45,Mild morning air,Spring,"From: info@hotel-am-stein.de Dear Mushroom House team, our hotel is fully booked with business travelers this week. To ensure smooth operations, please maintain our 15kg order of rich seasonal profiles, delivered directly to our cold storage bay on Monday morning.",mushroom_Orders_v1.rtf
1009,2018-04-27,10:02,Beautiful spring day,Spring,"Order Note - Email: Customer Ania Berlin. ""Looking for a deeply comforting, rich mushroom blend with plenty of fresh spring herbs to cook a special dinner for my family. Collection from the workshop box arranged.""",mushroom_Orders_v1.rtf
1010,2018-04-30,12:40,Sunny and hot,Spring,"From: kitchen@bistro-neukoelln.de Hi, please note that we will be closed for the May Day holiday tomorrow. Please adjust our delivery to Wednesday morning instead. We will keep our standard 10kg order of rich, grounding profiles. Have a great holiday!",mushroom_Orders_v1.rtf
1011,2018-05-02,15:10,Mild rain,Spring,"SMS from Jonas: Hey, staying in Berlin for the short holiday week and want to avoid the grocery store crowds. Do you have any slots left for a custom delivery tomorrow? Need something substantial and comforting to cook.",mushroom_Orders_v1.rtf
1012,2018-05-03,09:30,Overcast and warm,Spring,"From: ordering@the-workspace-coffee.de Hello, post-holiday notification. Our city locations are seeing high traffic as people return to work after the long weekend. Please route our standard 25kg morning restoration delivery to our central hub this Monday.",mushroom_Orders_v1.rtf
1013,2018-05-04,14:20,Clear and windy,Spring,"Order Log #2225: B2C customer Markus S. Request: ""High-comfort grounding mix needed to deal with intense fatigue after finishing a massive corporate project. Please deliver before the weekend."" Confirmed.",mushroom_Orders_v1.rtf
1014,2018-05-07,09:12,Warm and sunny,Spring,SMS from Chef Thomas (Restaurant Mitte): The terrace is absolutely flying with this beautiful May weather. The mushrooms look spectacular for our seasonal menu. Thanks for the incredible reliability. See you next week!,mushroom_Orders_v1.rtf
1015,2018-05-08,11:30,Clear blue skies,Spring,"Order Note - Webshop: Customer Julia Voss. ""Enjoying the beautiful spring weather in the city. Thank you for the beautifully curated grounding box, it has made my week feel so connected to nature.""",mushroom_Orders_v1.rtf
1016,2018-05-10,10:40,Light fog morning,Spring,"From: contact@restaurant-pure.de Dear Mushroom House, hope you had a restful mid-week break. We are launching our late-spring gala service next week. We need 18kg of your most sophisticated, savory forest profiles. Delivery on Monday morning, please.",mushroom_Orders_v1.rtf
1017,2018-05-11,15:15,Passing clouds,Spring,"SMS from Ben: Hey man, hope you're doing well. We are bracing for a massive rush of people looking for refreshing, focus-enhancing options at the counter. Can we get our standard Thursday delivery focused heavily on focus-enhancing herbs?",mushroom_Orders_v1.rtf
1018,2018-05-14,08:45,Gentle rain,Spring,"From: mail@elisa-k.de Hello, we are planning a very quiet transition into the late spring season at home. Looking for a custom box that helps us ground our energy and reflect after a frantic few weeks. Courier delivery this Friday, please.",mushroom_Orders_v1.rtf
1019,2018-05-15,13:22,Overcast and mild,Spring,"Order Note - Web: Customer Stefan Weber. ""Looking for a heavy, grounding forest profile to cook a slow, comforting meal this weekend. Want something that helps me clear my mind after a long week of meetings.""",mushroom_Orders_v1.rtf
1020,2018-05-17,10:05,Sun and wind,Spring,"SMS from Chef Thomas (Restaurant Mitte): Hey, updating our delivery schedule for the upcoming long weekend. Please ensure our 15kg batch is dropped off at the kitchen before noon this Monday so we can prep for the holiday rush.",mushroom_Orders_v1.rtf
1021,2018-05-18,15:30,Beautifully warm,Spring,"From: info@hotel-am-stein.de Dear Mushroom House, our event halls are fully booked and our kitchen is operating on an intensive schedule. Please confirm our next 15kg delivery of rich, grounding varieties for Monday morning to support our grand seasonal buffet.",mushroom_Orders_v1.rtf
1022,2018-05-21,09:15,Crisp morning sun,Spring,Order Log #2299: B2B delivery for ordering@the-workspace-coffee.de completed. 15kg of morning focus and restoration blends dropped at the central hub for the post-holiday reopening.,mushroom_Orders_v1.rtf
1023,2018-05-22,12:20,Balmy evening,Spring,SMS from Lena: Happy late spring! Picking up my box from the workshop lockbox now. Thank you for being such an important part of my health and sanity routine throughout this intense season. See you next week!,mushroom_Orders_v1.rtf
1024,2018-05-24,10:15,Overcast,Spring,"From: kitchen@bistro-neukoelln.de Hello, we are back from the short holiday closure and ready to reactivate our regular schedule. Please dispatch our standard 10kg Tuesday delivery of rich, grounding spring-transition profiles to our back ramp next week.",mushroom_Orders_v1.rtf
1025,2018-05-25,14:40,Warm and bright,Spring,"SMS from Chef Thomas (Restaurant Mitte): Hey, hope you had a great week! The seasonal menus have been intense but highly successful. Let's adjust our weekly B2B volume back to our standard baseline of 12kg starting this Thursday.",mushroom_Orders_v1.rtf
1026,2018-05-28,09:30,Sunny skies,Spring,From: ordering@the-workspace-coffee.de Hello! All our city locations are fully operational and experiencing heavy foot traffic from office workers looking for morning restoration blends. Please lock in our standard 25kg weekly delivery for June.,mushroom_Orders_v1.rtf
1027,2018-05-29,13:50,Scattered clouds,Spring,"Order Note - Webshop: Customer Julia Voss. ""Starting the final stretch of the spring season with a heavy workload. Please send a rich, grounding basket with plenty of bitter herbs to help me maintain focus and energy.""",mushroom_Orders_v1.rtf
1028,2018-05-31,11:04,Warm afternoon sun,Spring,"From: purchase@cafe-flora-berlin.de Dear Mushroom House, we are returning to our standard baseline routine after the erratic spring holiday weeks. Please deliver our regular 8kg of savory forest profiles to the courtyard gate this Tuesday morning. Thank you!",mushroom_Orders_v1.rtf
1029,2023-06-01,09:15,Bright morning sunshine,Summer,"From: kitchen@bistro-neukoelln.de Hi, June has officially arrived and our outdoor summer terrace is open. We want to secure 10kg of your lightest, freshest seasonal forest mushroom varieties and crisp herb pairings for our new summer lunch menu. Please confirm availability.",mushroom_Orders_v1.rtf
1030,2023-06-02,14:30,Warm and clear,Summer,"SMS from Chef Thomas (Restaurant Mitte): Hey, the summer evening rush is starting early. We need to double our standard Thursday B2B order to 20kg for the next three weeks to cover the outdoor dining crowds. Keep the profile clean, vibrant, and light.",mushroom_Orders_v1.rtf
1031,2023-06-05,11:04,Clear blue skies,Summer,"From: ordering@the-workspace-coffee.de Hello, our corporate clients are requesting high-volume summer catering boxes for their mid-year team workshops. Please add an extra 5kg of the morning focus and refreshing restoration blends to our regular Tuesday delivery hub drop-off.",mushroom_Orders_v1.rtf
1032,2023-06-06,16:22,Humid afternoon,Summer,"Order Note - Webshop: Customer Julia Voss. Request: ""The intense mid-year corporate crunch combined with this sudden humid summer heat wave is draining my energy. Please send a deeply refreshing, balancing summer basket with plenty of clean, focus-enhancing herbs to my apartment.""",mushroom_Orders_v1.rtf
1033,2023-06-08,08:50,Warm morning breeze,Summer,"From: purchase@cafe-flora-berlin.de Dear Mushroom House, our summer garden terrace is fully packed every morning. Customers are looking for light, nutrient-dense breakfast options to beat the heat. Please increase our weekly Tuesday order to 12kg of crisp forest profiles for the rest of June.",mushroom_Orders_v1.rtf
1034,2023-06-09,13:12,Scattered clouds,Summer,SMS from Lena: Hi! Can you put together a special summer solstice basket for me to pick up this Thursday? I want something deeply restorative and refreshing to help survive the frantic workload before my upcoming summer vacation.,mushroom_Orders_v1.rtf
1035,2023-06-12,10:15,Overcast and warm,Summer,"From: s.beck@posteo.net Hello, I am ordering a custom summer gift box to be delivered to a colleague in Wilmersdorf. I want to include your most premium, vibrant summer mushroom selection and refreshing, protective herbs to show appreciation for their hard work on our recent project launch.",mushroom_Orders_v1.rtf
1036,2023-06-13,15:40,Heavy summer thundershower,Summer,"Order Log #5102: B2C customer Stefan Weber. Requesting standard drop-off. Customer notes intense fatigue from closing out mid-year financial portfolios, seeking a balancing, light, slow-cooking summer mix for a quiet weekend indoors.",mushroom_Orders_v1.rtf
1037,2023-06-15,09:18,Crisp morning after rain,Summer,"SMS from Ben: The sudden thunder yesterday has everyone in the neighborhood craving clean, refreshing wellness drinks this morning. Can you add an extra 2kg of your signature refreshing summer herbs to our coffee shop delivery today?",mushroom_Orders_v1.rtf
1038,2023-06-16,12:20,Hot and sunny,Summer,"From: info@hotel-am-stein.de Dear Mushroom House, our summer rooftop catering schedule is fully locked in for the season. We require a consistent, high-volume B2B supply of 15kg per week of your finest crisp, earthy mushroom profiles to support our hot-weather tasting menus.",mushroom_Orders_v1.rtf
1039,2023-06-19,17:02,Balmy evening,Summer,"Order Note - Email: Customer Michael K. ""Heading into a very intense week of corporate travel. Requesting a clean, restorative, substantive basket from the summer selection to help me ground myself when I get back home for the weekend."" Delivery to Charlottenburg.",mushroom_Orders_v1.rtf
1040,2023-06-20,11:15,Bright sunshine,Summer,"SMS from Chef Thomas (Restaurant Mitte): The terrace crowd expanded massively last minute tonight due to the beautiful weather. Can we get an emergency delivery of 5kg of your signature light, savory summer mushroom blend by 15:00 today? Let me know the price change.",mushroom_Orders_v1.rtf
1041,2023-06-22,08:45,Warm drizzle,Summer,"From: mail@elisa-k.de Hello, my partner and I are hosting a small summer dinner party for our immediate family this Saturday. Can you design a premium basket with your most elegant, delicate summer varieties and aromatic herb accents? Delivery on Friday, please.",mushroom_Orders_v1.rtf
1042,2023-06-23,14:10,Clear and hot,Summer,"From: ordering@the-workspace-coffee.de Hi, we need to adjust our delivery window for next Tuesday due to a scheduled building inspection. Please ensure our 25kg order arrives strictly between 07:30 and 08:30 AM. Standard safety and invoicing protocols apply.",mushroom_Orders_v1.rtf
1043,2023-06-26,16:35,Warm summer sunset,Summer,"SMS from Jonas: Hey, looking to grab a basket for a fresh evening dinner with my flatmates. Need something deeply balancing and comforting to counter the frantic pre-holiday city energy. I'll collect it from the lockbox around 18:00.",mushroom_Orders_v1.rtf
1044,2023-06-27,10:22,Bright morning,Summer,"Order Note - Web: New customer Sandra Meyer. ""Recommended by a regular customer. Looking for a restorative, balancing mix to help manage seasonal stress and low energy brought on by the chaotic mid-year corporate reporting season.""",mushroom_Orders_v1.rtf
1045,2023-06-29,13:50,Heavy humidity,Summer,"From: purchase@cafe-flora-berlin.de Dear Mushroom House, the heavy humidity is keeping people in the shade today, but our weekend pre-orders for summer brunch boxes are massive. Please maintain our 12kg order for next week, focusing heavily on clean, vibrant forest profiles.",mushroom_Orders_v1.rtf
1046,2023-06-30,09:11,Clear and warm,Summer,"SMS from Sarah Lang: Hi there, hope you are staying cool. Can you send the usual balancing summer mix to my apartment this Friday? Feeling completely overwhelmed by mid-year deadlines and endless video conferences.",mushroom_Orders_v1.rtf
1047,2023-07-03,15:30,Blazing heat,Summer,"Order Log #5145: B2C customer Oliver H. Contactless delivery instruction: ""Leave inside the parcel box in the shaded courtyard."" Request notes a desire for a clean, refreshing profile to counter the soaring mid-summer temperatures.",mushroom_Orders_v1.rtf
1048,2023-07-04,11:04,Clear blue skies,Summer,"From: kitchen@bistro-neukoelln.de Hi, our mid-summer evening menus have been highly popular this week. We need to add an extra 4kg of your delicate summer mushroom selection to our standard Tuesday drop-off to cover the final week before our short staff summer break.",mushroom_Orders_v1.rtf
1049,2023-07-06,16:18,Warm evening breeze,Summer,"SMS from Chef Thomas (Restaurant Mitte): Hey, we are finalizing our premium menus for July's high-season terrace service. Please ensure next Thursday's delivery features your absolute finest, most pristine summer forest profiles. Total volume 20kg.",mushroom_Orders_v1.rtf
1050,2023-07-07,08:30,Sunny and humid,Summer,"From: lars.v@web.de Hello, ordering another box for home delivery. The intense third-quarter corporate push is completely draining my focus in this heat. I need a mix that feels grounding yet mentally refreshing and light to help me push through the next few days.",mushroom_Orders_v1.rtf
1051,2023-07-10,14:55,Scattered clouds,Summer,"Order Note - Webshop: Customer Hanna Winter. ""Requesting a custom summer herb pairing that feels refreshing and deeply balancing. Looking forward to slowing down and cooking light meals during the upcoming weekend break.""",mushroom_Orders_v1.rtf
1052,2023-07-11,10:40,Light summer shower,Summer,"From: ordering@the-workspace-coffee.de Hello, please note that we are scaling back our operations slightly over the core summer vacation weeks as corporate offices thin out. For next Tuesday's delivery, please reduce our total volume to 15kg, focusing entirely on the morning focus and hydration blends.",mushroom_Orders_v1.rtf
1053,2023-07-13,12:15,Hot air,Summer,"SMS from Lena: Morning! Ready for my mid-vacation survival basket. Let's do something incredibly clean and heavy on the refreshing, balancing herbs to prepare for the long hot weeks ahead. Thanks for keeping the shop running all summer.",mushroom_Orders_v1.rtf
1054,2023-07-14,17:10,Clear evening,Summer,"From: contact@restaurant-pure.de Dear Mushroom House, our high-summer culinary concept 'Solstice' is fully booked through next week. Your local mushroom yields are the anchor of our signature holiday plates. Please lock in our 20kg delivery for next Wednesday morning.",mushroom_Orders_v1.rtf
1055,2023-07-17,09:45,Overcast and warm,Summer,"Order Log #5190: B2C customer Julia Voss. ""Desperately need a refreshing reset before the peak summer heat waves begin. Give me your most vibrant, balancing variety and herb pairing this week."" Delivery to Schöneberg.",mushroom_Orders_v1.rtf
1056,2023-07-18,15:22,Humid rain,Summer,"SMS from Ben: Hey, rain is keeping people under the awnings today, but we expect a huge rush of locals grabbing iced coffee before heading out for summer break. Can we make sure our Thursday delivery has a great balance of focus-enhancing profiles?",mushroom_Orders_v1.rtf
1057,2023-07-20,11:30,Warm and sunny,Summer,"From: mail@elisa-k.de Hi, following up on our previous order. The summer dinner was a massive success! We want a simple, balancing box for just the two of us to help us unwind over the upcoming long weekend. Delivery this Friday, please.",mushroom_Orders_v1.rtf
1058,2023-07-21,14:05,Blazing sunshine,Summer,"Order Note - Web: Customer Stefan Weber. ""Preparing for a very quiet summer weekend at home. Requesting a vibrant basket that focuses entirely on clean, refreshing elements to help me disconnect from corporate work.""",mushroom_Orders_v1.rtf
1059,2023-07-24,08:22,Cool morning breeze,Summer,"From: purchase@cafe-flora-berlin.de Hello, we are updating our opening hours for the late-summer holiday schedule. Please move our standard Tuesday morning delivery to Monday afternoon instead. Total volume required is reduced to 6kg.",mushroom_Orders_v1.rtf
1060,2023-07-25,13:15,Hot and clear,Summer,"SMS from Chef Thomas (Restaurant Mitte): Hey, quick update for the summer service logistics. Please drop off our 20kg order at the back kitchen door before 10:00 AM on Monday so the prep team can get started early. Thanks!",mushroom_Orders_v1.rtf
1061,2023-07-27,16:45,Warm evening sun,Summer,"From: info@hotel-am-stein.de Dear Mushroom House team, our hotel is fully booked with international summer travelers. To ensure smooth operations, please maintain our 15kg order of rich, light summer profiles, delivered directly to our cold storage bay on Monday morning.",mushroom_Orders_v1.rtf
1062,2023-07-28,10:02,Bright summer day,Summer,"Order Note - Email: Customer Ania Berlin. ""Looking for a deeply refreshing, clean mushroom blend with plenty of seasonal summer herbs to cook a special dinner for my parents. Collection from the workshop box arranged.""",mushroom_Orders_v1.rtf
1063,2023-07-31,12:40,Clear skies,Summer,"From: kitchen@bistro-neukoelln.de Hi, please note that we will be completely closed for our annual summer break from August 1st through August 10th. Please cancel our standing B2B deliveries for next week. We will resume our standard 10kg order on Tuesday, August 15th. Have a great summer!",mushroom_Orders_v1.rtf
1064,2023-08-02,15:10,Mild summer rain,Summer,"SMS from Jonas: Hey, staying in Berlin for August and want to avoid the grocery store chaos. Do you have any slots left for a custom delivery tomorrow? Need something light, fresh, and balancing to cook over the weekend.",mushroom_Orders_v1.rtf
1065,2023-08-03,09:30,Warm morning sun,Summer,"From: ordering@the-workspace-coffee.de Hello, quick late-summer notification. Our Mitte and Friedrichshain locations will close for a short renovation break, but our Kreuzberg hub remains open on a reduced schedule. Please route a single 10kg morning restoration and hydration delivery there this Monday.",mushroom_Orders_v1.rtf
1066,2023-08-04,14:20,Clear and breezy,Summer,"Order Log #5225: B2C customer Markus S. Request: ""High-comfort balancing mix needed to deal with intense fatigue after finishing a massive mid-year project. Please deliver before the late-summer shutdown."" Confirmed.",mushroom_Orders_v1.rtf
1067,2023-08-07,09:12,Beautiful warm morning,Summer,"SMS from Chef Thomas (Restaurant Mitte): Summer prep is running smoothly, your mushrooms look absolutely spectacular for the terrace menu tonight. Thanks for the incredible reliability during this high-volume season. See you next week!",mushroom_Orders_v1.rtf
1068,2023-08-08,11:30,Hot and sunny,Summer,"Order Note - Webshop: Customer Julia Voss. ""Spending a quiet August week in the city. Thank you for the beautifully curated balancing box, it has made my apartment feel so connected to nature and light.""",mushroom_Orders_v1.rtf
1069,2023-08-10,10:40,Heavy overcast,Summer,"From: contact@restaurant-pure.de Dear Mushroom House, hope you had a restful early August break. We are opening for a high-end late-summer gala service next week. We need to scale our order back up to 18kg of your most sophisticated, fresh summer forest profiles. Delivery on Monday morning.",mushroom_Orders_v1.rtf
1070,2023-08-11,15:15,Scattered showers,Summer,"SMS from Ben: Hey man, hope you had a good week. We are bracing for a massive rush of people looking for post-vacation focus options and clean transitions back to work. Can we get our standard Thursday delivery focused on refreshing, focus-enhancing herbs?",mushroom_Orders_v1.rtf
1071,2023-08-14,08:45,Chilly morning rain,Summer,"From: mail@elisa-k.de Hello, we are planning a very quiet late-summer transition at home. Looking for a custom box that helps us ground our energy and reflect after a frantic season. Courier delivery to Charlottenburg this Friday, please.",mushroom_Orders_v1.rtf
1072,2023-08-15,13:22,Heavy overcast and warm,Summer,"Order Note - Web: Customer Stefan Weber. ""Looking for a clean, balancing forest profile to cook a slow, comforting meal as summer winds down. Want something that helps me clear my mind for the upcoming autumn quarter.""",mushroom_Orders_v1.rtf
1073,2023-08-17,10:05,Warm wind,Summer,"SMS from Chef Thomas (Restaurant Mitte): Hey, updating our late-August delivery schedule. Please ensure our final 15kg batch of the summer season is dropped off at the kitchen before noon this Monday so we can prep for the weekend menu.",mushroom_Orders_v1.rtf
1074,2023-08-18,15:30,Hot and clear,Summer,"From: info@hotel-am-stein.de Dear Mushroom House, our end-of-summer ball is fully booked and our kitchen is operating on an intensive schedule. Please confirm our final 15kg delivery of clean, vibrant summer varieties for Monday morning to support our grand seasonal buffet.",mushroom_Orders_v1.rtf
1075,2023-08-21,09:15,Crisp late-summer morning,Summer,Order Log #5299: B2B delivery for ordering@the-workspace-coffee.de completed. 15kg of late-summer morning focus and restoration blends dropped at the central hub for the early September reopening. Happy seasonal transition!,mushroom_Orders_v1.rtf
1076,2023-08-22,12:20,Balmy evening,Summer,SMS from Lena: Picking up my final summer box of the year from the workshop lockbox now. Thank you for being such an important part of my health and sanity routine throughout 2023. See you in the autumn!,mushroom_Orders_v1.rtf
1077,2012-01-03,08:11,Grey clouds,Winter,"Email: new customer asks if Mushroom House is ""still active in winter"" and whether any fresh local mushrooms are available. They want a small box for two people, vegetarian, pickup this evening in Kreuzberg. You reply that you have limited stock and propose a modest box for 15 EUR.",mushroom_Orders_v1.rtf
1078,2012-01-04,10:37,Light snow,Winter,"Short SMS: ""Hi, I got your contact from a friend, can I try a small mix today?"" They say it's just for one person and that they don't eat meat. You confirm that a tiny box is possible if they come by after 18:00.",mushroom_Orders_v1.rtf
1079,2012-01-05,09:02,"Freezing, clear",Winter,"Email from someone in Neukölln: they ask if you do delivery or only pickup. They'd like around 300g ""of whatever is okay right now"" and say they feel tired from work. You answer that at the moment it's pickup only and suggest tomorrow evening.",mushroom_Orders_v1.rtf
1080,2012-01-06,07:49,Low grey,Winter,"Contact form: ""Feeling low energy, want something simple for one dinner."" Customer is vegetarian and asks roughly for 400g. You reply that you can prepare that for Saturday morning pickup at your place.",mushroom_Orders_v1.rtf
1081,2012-01-07,11:23,Weak sun,Winter,SMS after pickup: customer says the quantity was a bit too much for one person. They ask if next time you can make the box slightly smaller. You log the preference under their name.,mushroom_Orders_v1.rtf
1082,2012-01-09,08:28,Grey drizzle,Winter,"Email: ""Can I order something for two, nothing fancy, no onions."" They say they are not sure how much they need and ask you to decide. You suggest a medium box and propose pickup between 18:00–19:00.",mushroom_Orders_v1.rtf
1083,2012-01-10,12:03,Overcast,Winter,"Short message via contact form: ""I feel anxious today, need something grounding, vegetarian."" They want enough for one meal and ask if 10 EUR is okay. You confirm and reserve a small portion.",mushroom_Orders_v1.rtf
1084,2012-01-12,09:57,Light snow,Winter,"Email from previous buyer: ""Same as last week, but can you reduce the total a bit."" They mention they couldn't finish everything. You agree and prepare a slightly smaller box for Friday.",mushroom_Orders_v1.rtf
1085,2012-01-13,08:41,Grey sky,Winter,"SMS: ""Is there anything left for today?"" Customer asks for ""anything, not too heavy"" and says they can come by 20:30. You confirm you still have enough for one small order.",mushroom_Orders_v1.rtf
1086,2012-01-15,10:08,Light fog,Winter,"Contact form: ""Sunday, feeling empty, need something gentle."" They are vegan and ask if you can avoid very intense herbs. You reply yes and suggest pickup around 17:00.",mushroom_Orders_v1.rtf
1087,2012-01-17,07:54,Low clouds,Winter,"Email: person asks how to describe their ""mood"" for your service, says they are confused but curious. They want to try for one dinner, vegetarian. You explain briefly what kind of notes help and offer Friday pickup.",mushroom_Orders_v1.rtf
1088,2012-01-18,11:32,Weak sun,Winter,"Old acquaintance writes: ""Heard you started a mushroom thing, can I test something small for my partner and me."" They say they don't eat meat but are okay with dairy. You agree and propose a modest box for Saturday.",mushroom_Orders_v1.rtf
1089,2012-01-20,09:19,Grey drizzle,Winter,"Email from someone in Prenzlauer Berg: asks if you can meet near a U-Bahn station with a small box on your way back from the forest. They want around 500g, vegetarian. You answer that you can meet at 18:15 at Eberswalder Stra 'dfe exit.",mushroom_Orders_v1.rtf
1090,2012-01-22,10:51,Overcast,Winter,"Contact form: ""Not sure what I need, just had a hard week."" They ask for enough for two small meals, no garlic. You confirm and set a pickup window for tomorrow evening.",mushroom_Orders_v1.rtf
1091,2012-01-24,08:06,Light snow,Winter,"SMS from returning customer: ""Can I repeat my last order, same size, same notes."" They only clarify again ""no onions please."" You reply ""ok, same as last time, ready after 19:00.""",mushroom_Orders_v1.rtf
1092,2012-01-26,09:44,Grey sky,Winter,"Email: someone wants to gift ""a mushroom box"" to a friend who is vegetarian. They ask if the friend can contact you directly to describe their situation. You agree and wait for the friend's email.",mushroom_Orders_v1.rtf
1093,2012-01-27,07:38,"Freezing, clear",Winter,"New customer writes that they've had trouble eating and want just a ""tiny"" amount. They say they might not finish a full portion. You respond that you can assemble a very small, low-commitment box for Sunday.",mushroom_Orders_v1.rtf
1094,2012-01-29,11:15,Light fog,Winter,"Contact form: ""Weekend almost over, anything left for a small box?"" They mention they are mostly plant-based and feel a bit unfocused. You say you can put together one last small mix if they come within two hours.",mushroom_Orders_v1.rtf
1095,2012-01-30,08:22,Grey drizzle,Winter,"Email: customer who ordered last week says they felt better and wants to repeat, but every two weeks instead of weekly. They request the same style, same budget. You note ""bi-weekly"" next to their name.",mushroom_Orders_v1.rtf
1096,2012-01-31,10:02,Overcast,Winter,"Short SMS: ""I forgot to order earlier, is anything possible tonight?"" They only need enough for one dinner. You reply that today is already full and suggest they write again for Thursday.",mushroom_Orders_v1.rtf
1097,2012-02-01,08:09,Low grey,Winter,Email from a previous January customer: they ask for the same quantity as before but no dairy this time. They say their body felt heavy last time. You confirm the change and schedule pickup for Friday.,mushroom_Orders_v1.rtf
1098,2012-02-02,11:27,Light snow,Winter,"New inquiry: ""Can you ship to Munich?"" They want to send a box to their sister. You explain you only provide local pickup around Berlin at the moment.",mushroom_Orders_v1.rtf
1099,2012-02-03,09:14,"Freezing, clear",Winter,"Contact form: ""Feeling tired, want something simple for two dinners."" Vegetarian, no further detail. You assemble a medium box and email back with pickup time.",mushroom_Orders_v1.rtf
1100,2012-02-04,10:41,Grey sky,Winter,"SMS from Neukölln number: ""Could you maybe bring a small bag to Hermannplatz if you pass by?"" They mention working until late. You reply that today you're not going that route and ask if they can come tomorrow instead.",mushroom_Orders_v1.rtf
1101,2012-02-05,12:06,Light fog,Winter,"Email: ""Sunday, I can finally breathe. Anything left?"" They want a small portion, vegan, pickup early evening. You confirm and reserve a box.",mushroom_Orders_v1.rtf
1102,2012-02-07,08:01,Low clouds,Winter,"Contact form: ""I heard you adapt to mood, I feel extremely restless today."" They ask for enough for 1–2 meals and say they don't eat meat. You agree and propose Wednesday evening pickup.",mushroom_Orders_v1.rtf
1103,2012-02-08,11:49,Grey drizzle,Winter,"Short email: repeat customer says last week's quantity was too little. They ask to add ""a bit more, not double, but more."" You adjust their box size and confirm.",mushroom_Orders_v1.rtf
1104,2012-02-09,09:31,Light snow,Winter,"SMS: ""Just wanted to say yesterday's bag was perfect size."" They ask if you could do the same next Thursday. You note ""copy last order"" on that date.",mushroom_Orders_v1.rtf
1105,2012-02-10,08:15,Overcast,Winter,"New email: ""Hi, I'm curious but broke, can I get something for 8 EUR?"" They mention it's for one meal only. You respond that you can assemble a very small box within that budget.",mushroom_Orders_v1.rtf
1106,2012-02-11,10:54,Grey sky,Winter,"Contact form: ""Girlfriend feeling shaky, want to surprise her with your box."" They ask for enough for two people, vegetarian, pickup tonight. You accept and block stock.",mushroom_Orders_v1.rtf
1107,2012-02-12,11:29,Light fog,Winter,"SMS: ""The portion yesterday was too big, we still have leftovers."" They ask if it's okay to wait two weeks before ordering again. You reply that's fine and remind them to note how they feel next time.",mushroom_Orders_v1.rtf
1108,2012-02-14,07:47,Grey drizzle,Winter,"Email: couple wants ""something gentle"" for tonight, no meat, no alcohol-based ingredients. They're not sure about quantity. You suggest a medium-sized box and propose pickup at 19:00.",mushroom_Orders_v1.rtf
1109,2012-02-15,09:58,Low clouds,Winter,"Contact form: ""Feel a bit scattered, not sure what I need."" They ask for a small box, no garlic. You confirm and give them your address details.",mushroom_Orders_v1.rtf
1110,2012-02-16,08:36,Light snow,Winter,"SMS from recurring contact: ""Can we cancel tonight, something came up."" They ask if you can shift the same order to Sunday. You agree and move it in your notes.",mushroom_Orders_v1.rtf
1111,2012-02-18,11:07,Grey sky,Winter,"Email: ""Long week, I just want something steady for two dinners."" Vegetarian, 20 EUR budget. You reply that you can cover that and suggest 18:30–19:00 pickup.",mushroom_Orders_v1.rtf
1112,2012-02-19,10:21,Light fog,Winter,"Contact form: ""Just me at home today, small appetite."" They request a tiny box, vegan. You say you can squeeze one in if they come before 17:00.",mushroom_Orders_v1.rtf
1113,2012-02-21,08:03,Low grey,Winter,"Email: repeat customer tries to set a weekly Tuesday rhythm but says they might skip some weeks. They ask if that's okay with you. You answer that flexible weekly is fine, just to email by Monday night.",mushroom_Orders_v1.rtf
1114,2012-02-22,10:46,Grey drizzle,Winter,"Short message: ""Last Tuesday's box was a bit intense, can we have a calmer version today."" They are vegetarian and want same size. You adapt and confirm.",mushroom_Orders_v1.rtf
1115,2012-02-23,08:55,Overcast,Winter,"SMS: ""Any chance of delivery to my office near Ostbahnhof?"" They want a small box but can't leave early. You answer you don't deliver yet and suggest early-morning pickup another day.",mushroom_Orders_v1.rtf
1116,2012-02-24,09:39,Light snow,Winter,Email: new customer from Friedrichshain wants to try a one-time box for two and asks about price range. You reply with a simple estimate and suggest Sunday afternoon pickup.,mushroom_Orders_v1.rtf
1117,2012-02-26,11:18,Grey sky,Winter,"Contact form: ""Hangover, low energy, need something light."" They ask for one portion, vegan. You assemble a small bag and send pickup instructions.",mushroom_Orders_v1.rtf
1118,2012-02-28,08:24,Low clouds,Winter,"Email: previous buyer wants to move their weekly idea to ""whenever you have time."" They ask you to suggest dates. You reply that you prefer if they message on weeks they want a box.",mushroom_Orders_v1.rtf
1119,2012-02-29,10:53,Grey drizzle,Winter,"SMS: ""Leap day, why not try your mushrooms."" They ask for any leftover small portion after other orders. You say you have a tiny box left and give them a pickup time.",mushroom_Orders_v1.rtf
1120,2012-03-01,08:05,Light rain,Spring,"Email: someone writes, ""I saw your card at a yoga studio, can I try a small mood-based box."" They describe feeling nervous and say they're vegetarian. You confirm for tomorrow evening.",mushroom_Orders_v1.rtf
1121,2012-03-02,09:47,Grey clouds,Spring,"Contact form: ""For two, quiet Friday night, no meat."" They ask you to decide the quantity, around 20 EUR. You agree and set pickup around 19:30.",mushroom_Orders_v1.rtf
1122,2012-03-03,10:58,Weak sun,Spring,"SMS: ""Yesterday was great, can we repeat next week same time."" They mention they liked the size. You write ""same as 2.3"" in your notebook.",mushroom_Orders_v1.rtf
1123,2012-03-04,11:41,Overcast,Spring,"Email: ""Sunday, low mood, need something simple but not heavy."" They want enough for two small meals, vegan. You confirm pickup for late afternoon.",mushroom_Orders_v1.rtf
1124,2012-03-06,08:12,Grey drizzle,Spring,"Contact form: ""I'm curious but scared to waste food, can I get a very small box."" They say they eat everything except meat. You offer a test box for 10 EUR for Thursday.",mushroom_Orders_v1.rtf
1125,2012-03-07,10:36,Low clouds,Spring,SMS: recurring customer says they won't take a box this week because they still have leftovers. They apologize for short notice. You reply that it's okay and adjust quantities.,mushroom_Orders_v1.rtf
1126,2012-03-08,09:29,Light rain,Spring,Email: new person from Wedding asks if you can meet them near Gesundbrunnen station after work. They want a small vegetarian box. You answer that your route doesn't pass there this week and suggest they come to Kreuzberg instead.,mushroom_Orders_v1.rtf
1127,2012-03-09,08:01,Grey sky,Spring,"Contact form: ""I don't know much about mushrooms, just want something not scary."" They ask for one safe box, no strong bitterness. You confirm and note ""keep it simple.""",mushroom_Orders_v1.rtf
1128,2012-03-10,11:14,Weak sun,Spring,"SMS: ""Can we get enough for 4 people tonight, friends visiting."" They say one person is vegan. You reply that you can prepare a larger box if they come by 18:00.",mushroom_Orders_v1.rtf
1129,2012-03-11,10:17,Light fog,Spring,"Email: yesterday's group writes that it was a bit too much; they ask you to lower next time. They also say they liked the idea of mood-based selection. You log ""reduce quantity for group.""",mushroom_Orders_v1.rtf
1130,2012-03-13,08:25,Grey drizzle,Spring,"Contact form: ""Feel very tired, only me this week."" They request one very small box, vegan. You say you can make a mini portion for Wednesday evening.",mushroom_Orders_v1.rtf
1131,2012-03-14,10:52,Low clouds,Spring,"SMS: returning customer wants ""same as last time plus a bit more."" They've brought a friend into the idea. You confirm and bump up the weight slightly.",mushroom_Orders_v1.rtf
1132,2012-03-15,09:06,Light rain,Spring,"Email: someone asks vaguely for ""anything that fits rainy day mood,"" doesn't state how many people. You reply asking if it's for one or more before you commit. They answer it's for two dinners for one person.",mushroom_Orders_v1.rtf
1133,2012-03-16,08:19,Grey sky,Spring,"Contact form: ""I'm not sure if this is too weird, but my therapist mentioned you."" They want a very small test box. You accept and propose Saturday late afternoon pickup.",mushroom_Orders_v1.rtf
1134,2012-03-17,11:02,Weak sun,Spring,"SMS: customer from therapist referral is late and asks if 19:30 is still okay. You confirm and ask them to text when they are outside. They reply with a short ""Danke.""",mushroom_Orders_v1.rtf
1135,2012-03-18,10:27,Overcast,Spring,"Email: person from Prenzlauer Berg says they want to start a Sunday routine ""if you can handle it."" They suggest every second Sunday, one small vegetarian box. You agree but emphasize flexible timing.",mushroom_Orders_v1.rtf
1136,2012-03-20,08:04,Grey drizzle,Spring,"Contact form: ""Need something to avoid takeout this week, two small dinners, vegan."" They ask if Wednesday is too late to order. You reply that Wednesday is still fine if they confirm now.",mushroom_Orders_v1.rtf
1137,2012-03-21,10:41,Low clouds,Spring,"SMS: a customer asks to cancel because of sudden travel. They want to move their order to ""anytime next week."" You note ""cancelled, reschedule"" without a set date.",mushroom_Orders_v1.rtf
1138,2012-03-22,09:33,Light rain,Spring,"Email: ""Can I pick up at 21:00, I work late."" They want one small box, vegetarian. You say yes, but ask them not to ring after 21:15.",mushroom_Orders_v1.rtf
1139,2012-03-23,08:09,Grey sky,Spring,"Contact form: ""It's payday, I can afford a bigger box."" They ask for enough for three people, no dietary restrictions. You assemble a larger selection and confirm.",mushroom_Orders_v1.rtf
1140,2012-03-24,11:36,Weak sun,Spring,"SMS: ""Can we get the same as yesterday but half size, too much for us."" They say they liked the selection. You agree to reduce for next time.",mushroom_Orders_v1.rtf
1141,2012-03-25,10:19,Light fog,Spring,"Email: a couple wants a quiet Sunday box, vegetarian, for two nights. They ask you to ""keep it gentle."" You confirm and set pickup at 17:00.",mushroom_Orders_v1.rtf
1142,2012-03-27,08:22,Grey drizzle,Spring,"Contact form: ""I've been watching your work online, want to finally try."" They want a small single-person box, no onions. You confirm Thursday evening and send your address.",mushroom_Orders_v1.rtf
1143,2012-03-28,10:54,Low clouds,Spring,"SMS: returning customer asks if they can bring their own container to reduce packaging. You say yes and thank them. You also note ""bring box"" next to their name.",mushroom_Orders_v1.rtf
1144,2012-03-29,09:11,Light rain,Spring,"Email: person writes they feel unstable and are not eating regularly. They want a tiny portion, not too much at once. You agree and plan a very small box for Saturday.",mushroom_Orders_v1.rtf
1145,2012-03-30,08:16,Grey sky,Spring,"Contact form: ""Need something for a small dinner with a friend, vegetarian."" They ask you to choose quantity. You pick a medium size and confirm a 19:30 pickup.",mushroom_Orders_v1.rtf
1146,2012-03-31,11:43,Weak sun,Spring,"SMS: someone texts ""anything left for a last-minute small bag?"" They can come in one hour. You check stock and reply that you can put together one final mini box for today.",mushroom_Orders_v1.rtf
1147,2012-04-01,10:05,Light fog,Spring,"Email: repeat Sunday customer says they'd like to skip this week because they feel overloaded. They will return next Sunday. You mark ""pause"" for this date.",mushroom_Orders_v1.rtf
1148,2012-04-02,08:09,Grey drizzle,Spring,"Contact form: ""Mood: nervous before a new job, need small support."" They ask for one vegetarian box. You confirm and schedule for Tuesday evening.",mushroom_Orders_v1.rtf
1149,2012-04-03,10:41,Low clouds,Spring,"SMS: customer asks if you can prepare ""whatever you think fits a long work day,"" no meat. They want pickup at 20:30. You answer yes and note no extra details.",mushroom_Orders_v1.rtf
1150,2012-04-04,09:27,Light rain,Spring,Email from small cafe owner: they tasted your mushrooms at a friend's dinner and ask if you could supply 1–2 kg one weekend to test. They're unsure about dates. You reply asking which Saturday they have in mind.,mushroom_Orders_v1.rtf
1151,2012-04-05,08:21,Grey sky,Spring,"Contact form: ""I'm hosting one friend, we are both vegetarian and tired."" They want enough for two meals. You prepare a medium box and email pickup instructions.",mushroom_Orders_v1.rtf
1152,2012-04-06,10:53,Weak sun,Spring,"SMS: ""It's holiday time, are you working today?"" Customer asks for a small evening box if possible. You say yes, as long as pickup is before 19:00.",mushroom_Orders_v1.rtf
1153,2012-04-07,11:39,Light fog,Spring,Email: early cafe contact confirms they want a 1.5 kg trial next Saturday for their brunch. They ask for an approximate price. You answer with a rough estimate and confirm.,mushroom_Orders_v1.rtf
1154,2012-04-08,10:14,Overcast,Spring,"Contact form: ""Easter Sunday, staying in, want something light."" They are vegan and ask for a tiny portion. You confirm there is still capacity for one small box.",mushroom_Orders_v1.rtf
1155,2012-04-09,08:13,Grey drizzle,Spring,"Email: someone asks if they can make a ""standing"" Monday order every week in April, small box for one. Then they say they might skip some. You respond that you prefer they write each week but you can try.",mushroom_Orders_v1.rtf
1156,2012-04-10,10:49,Low clouds,Spring,SMS: Monday customer forgets to come and apologizes next morning. They ask if the box is still okay. You reply they can still pick it up today but you'd like earlier notice in future.,mushroom_Orders_v1.rtf
1157,2012-04-11,09:24,Light rain,Spring,"Contact form: ""I'm exhausted, want something for two quiet dinners."" Vegetarian, no more detail. You say yes and set Friday pickup.",mushroom_Orders_v1.rtf
1158,2012-04-12,08:37,Grey sky,Spring,"Email: cafe owner revises trial amount to 1 kg only, saying they're scared of leftovers. You agree and adjust the plan. Delivery remains Saturday morning.",mushroom_Orders_v1.rtf
1159,2012-04-13,09:15,Weak sun,Spring,"SMS: ""Tomorrow's pickup still ok? I didn't hear back."" You reply that everything is on track and remind them of the address. They send a quick confirmation.",mushroom_Orders_v1.rtf
1160,2012-04-14,08:51,Light fog,Spring,"Cafe trial: owner messages that 1 kg arrived and looks good. They'll report sales results on Monday. You note ""waiting for feedback.""",mushroom_Orders_v1.rtf
1161,2012-04-14,11:57,Overcast,Spring,"Contact form: ""Weekend, mood calm but low, want something small, vegan."" Pickup requested tonight. You confirm one small box is possible.",mushroom_Orders_v1.rtf
1162,2012-04-15,10:09,Grey drizzle,Spring,"Email: Sunday regular wants to restart after skipping last week, same size as before. They mention still feeling overwhelmed. You accept and confirm time.",mushroom_Orders_v1.rtf
1163,2012-04-16,08:04,Low clouds,Spring,Cafe writes that 1 kg sold out and they want to test 2 kg next Saturday. They ask if you can deliver 08:30. You agree and update quantity.,mushroom_Orders_v1.rtf
1164,2012-04-17,10:46,Light rain,Spring,"Contact form: ""First time, tiny appetite, interested in your approach."" They want just one very small box. You reply that you can make a micro order and propose Thursday.",mushroom_Orders_v1.rtf
1165,2012-04-18,09:35,Grey sky,Spring,"SMS: returning customer from January says they've been away and want to try again. One small vegetarian box, no garlic. You confirm Friday pickup.",mushroom_Orders_v1.rtf
1166,2012-04-19,08:29,Weak sun,Spring,"Email: person asks if they can buy a voucher for a friend, no fixed date. You say you can create a simple email voucher and that the friend should contact you directly when ready.",mushroom_Orders_v1.rtf
1167,2012-04-20,09:50,Light fog,Spring,"Contact form: ""Payday, want something for three dinners, vegan."" They're flexible on pickup time. You prepare a slightly larger box and suggest 18:30.",mushroom_Orders_v1.rtf
1168,2012-04-21,08:39,Overcast,Spring,Cafe trial #2: owner messages that 2 kg feels a bit risky but they want to see how it goes. They confirm payment on Monday. You log the volume and wait for their feedback.,mushroom_Orders_v1.rtf
1169,2012-04-21,11:33,Grey drizzle,Spring,"Email: private customer says they're ""done with supermarkets for this weekend"" and ask for a simple box for two meals. You confirm there is still stock and book them for 19:00.",mushroom_Orders_v1.rtf
1170,2012-04-22,10:22,Light rain,Spring,"Contact form: ""Sunday afternoon, low motivation, just me."" They ask for a small, gentle box. You reply that you can manage a mini portion for 17:00 pickup.",mushroom_Orders_v1.rtf
1171,2012-04-23,08:07,Low clouds,Spring,"Cafe writes that 2 kg was too much, they had leftovers. They want to try 1.5 kg next time. You adjust their standing test amount.",mushroom_Orders_v1.rtf
1172,2012-04-24,10:52,Weak sun,Spring,"Email: previous Monday idea collapses; customer says weekly is too much. They want ""sporadic"" orders instead. You remove them from any schedule.",mushroom_Orders_v1.rtf
1173,2012-04-25,09:11,Grey sky,Spring,"Contact form: ""Feel scattered, want a small box for mid-week."" Vegetarian. You suggest Thursday evening pickup and they accept.",mushroom_Orders_v1.rtf
1174,2012-04-26,08:33,Light drizzle,Spring,"SMS: ""I'm sick, can we cancel tonight."" They apologize and promise to reorder next month. You mark the box as cancelled and redistribute some stock.",mushroom_Orders_v1.rtf
1175,2012-04-27,09:26,Overcast,Spring,Email: new contact from a yoga teacher; they want a small order for 5–6 people for Sunday. Mostly plant-based group. You propose about 1.5 kg and ask for confirmation.,mushroom_Orders_v1.rtf
1176,2012-04-28,11:41,Weak sun,Spring,"Contact form: ""I'm curious, please just make something small for one."" They say they eat mostly vegan. You confirm a 19:30 pickup.",mushroom_Orders_v1.rtf
1177,2012-04-29,10:18,Light fog,Spring,Yoga teacher confirms 1.5 kg and says they'll pick it up themselves. They ask for simple labeling. You agree and write their name on the crate.,mushroom_Orders_v1.rtf
1178,2012-04-30,08:15,Grey drizzle,Spring,Email: Sunday customer says the box was a bit big and asks to go slightly smaller next time. They still want to keep the overall style. You adjust quantity in your notes.,mushroom_Orders_v1.rtf
1179,2012-05-01,09:02,Overcast,Spring,"Contact form: holiday inquiry, ""If you're working today, I'd like a small box for two, vegetarian."" You reply that you're limited but can do one extra order if pickup is early evening.",mushroom_Orders_v1.rtf
1180,2012-05-02,08:17,Weak sun,Spring,SMS: returning customer wants to try twice this month instead of once. They ask you to choose the dates. You propose this Friday and the last Friday of the month.,mushroom_Orders_v1.rtf
1181,2012-05-03,09:44,Light rain,Spring,"Email: small cafe writes that they liked earlier tests and want to settle on 1.5 kg every second Saturday. They admit they might cancel occasionally. You accept, emphasizing clear messages before Thursday each time.",mushroom_Orders_v1.rtf
1182,2012-05-04,08:28,Grey sky,Spring,"Contact form: ""First warm days, I feel restless, need something not too heavy."" They ask for a small vegan box. You confirm and propose Sunday pickup.",mushroom_Orders_v1.rtf
1183,2012-05-05,10:53,Light clouds,Spring,"SMS: cafe confirms today's 1.5 kg and asks if you can come at 09:00. You adjust your timing and answer ""okay, 09:00 door.""",mushroom_Orders_v1.rtf
1184,2012-05-06,10:12,Mild sun,Spring,"Email: customer from January reappears, wants to try again with a slightly larger box for two. They say their budget is around 25 EUR. You agree and schedule Wednesday.",mushroom_Orders_v1.rtf
1185,2012-05-07,08:06,Light rain,Spring,"Contact form: ""Need something to stop me from ordering pizza all week."" They want enough for three simple dinners, vegetarian. You confirm a medium-large box and suggest Friday pickup.",mushroom_Orders_v1.rtf
1186,2012-05-08,10:38,Weak sun,Spring,"SMS: someone asks if they can pick up during your forest return, near a park. You say this week it's too chaotic and ask them to come to your address instead. They accept.",mushroom_Orders_v1.rtf
1187,2012-05-09,09:21,Overcast,Spring,"Email: yoga teacher wants a repeat of last 1.5 kg, same timing. They mention slightly more people signed up but they'll adjust portions. You confirm.",mushroom_Orders_v1.rtf
1188,2012-05-10,08:39,Light rain,Spring,"Contact form: ""Friend told me to write you '91mood: shaky, no meat, little appetite'."" They want a tiny box. You respond that you can do a small portion for Saturday.",mushroom_Orders_v1.rtf
1189,2012-05-11,09:35,Grey sky,Spring,"SMS: recurring Friday customer says they must cancel last minute, car broke down. They ask if you can hold the box until Sunday. You agree, warning that freshness will be slightly reduced.",mushroom_Orders_v1.rtf
1190,2012-05-12,11:51,Mild sun,Spring,Email: cafe cancels this weekend's 1.5 kg due to low brunch reservations. They ask not to lose the spot for later weeks. You confirm and reallocate stock to private orders.,mushroom_Orders_v1.rtf
1191,2012-05-13,10:28,Light clouds,Spring,"Contact form: ""Mother's Day, small veggie box for two."" They want something calm, no heavy flavors. You confirm pickup in the evening.",mushroom_Orders_v1.rtf
1192,2012-05-14,08:14,Light rain,Spring,"Email: someone asks if you can prepare a weekly Monday box ""until I say stop,"" for one person. You agree but remind them to let you know any time the amount feels wrong.",mushroom_Orders_v1.rtf
1193,2012-05-15,10:57,Weak sun,Spring,"SMS: Monday client says first box was too much; they want 30% less next time. You adjust quantity and reply ""noted, smaller next Monday.""",mushroom_Orders_v1.rtf
1194,2012-05-16,09:03,Overcast,Spring,"Contact form: ""I feel scattered, want a one-time box to test."" Vegetarian, they ask for Friday. You confirm and send details.",mushroom_Orders_v1.rtf
1195,2012-05-17,08:26,Light drizzle,Spring,Email: yoga teacher asks if you can add 0.5 kg for this Sunday because sign-ups increased. You say you'll try and confirm later based on harvest.,mushroom_Orders_v1.rtf
1196,2012-05-18,09:40,Light clouds,Spring,SMS: returning customer wants enough for four people for a small gathering. They mention one guest is gluten-free. You acknowledge and plan a slightly larger box.,mushroom_Orders_v1.rtf
1197,2012-05-19,11:18,Mild sun,Spring,"Email: cafe trial goes again; they confirm 1.5 kg delivered and say sales were ""okay, but not amazing."" They want to pause for June and reconsider later. You note ""pause cafe"" from next month.",mushroom_Orders_v1.rtf
1198,2012-05-20,10:36,Light clouds,Spring,"Contact form: ""Sunday mood okay, want something simple for next two evenings."" Vegetarian, small budget. You confirm a modest box and propose pickup at 18:00.",mushroom_Orders_v1.rtf
1199,2012-05-21,08:02,Light rain,Spring,Email: Monday client says the new smaller size felt better and they'd like to keep it. You mark that as their standard amount and confirm.,mushroom_Orders_v1.rtf
1200,2012-05-22,10:42,Weak sun,Spring,"SMS: sporadic customer asks if any slot is free this week, ""tiny box only."" You check and answer that Thursday is possible. They agree.",mushroom_Orders_v1.rtf
1201,2012-05-23,09:32,Overcast,Spring,"Contact form: ""I'm sleeping badly, not hungry, want a very small portion."" Vegan. You prepare a micro box for Friday and send confirmation.",mushroom_Orders_v1.rtf
1202,2012-05-24,08:30,Light drizzle,Spring,Email: someone asks if you offer any discounts for students. They want a small test box. You answer you can scale quantity to their budget rather than discount the price per weight.,mushroom_Orders_v1.rtf
1203,2012-05-25,09:58,Mild sun,Spring,"SMS: group of friends wants enough for five people tomorrow, mostly vegetarian. They ask for price estimate first. You send a simple range and wait for confirmation.",mushroom_Orders_v1.rtf
1204,2012-05-26,11:26,Light clouds,Spring,"Email: they confirm the group order and share one guest has nut allergy. You note ""no nuts anywhere"" for that box and confirm pickup time.",mushroom_Orders_v1.rtf
1205,2012-05-27,10:44,Light rain,Spring,"Contact form: ""Rainy Sunday, just me, very small appetite."" They ask for a tiny vegan box. You agree and set a narrow pickup window.",mushroom_Orders_v1.rtf
1206,2012-05-28,08:11,Weak sun,Spring,Email: Monday client is happy and suggests they might continue into June. They ask you to let them know if it becomes too much for you. You acknowledge and keep the arrangement.,mushroom_Orders_v1.rtf
1207,2012-05-29,10:49,Overcast,Spring,"SMS: a new person heard about you from coworker and wants a one-time small box, vegetarian. They say they're afraid to commit to more. You confirm and propose Friday.",mushroom_Orders_v1.rtf
1208,2012-05-30,09:25,Light drizzle,Spring,"Contact form: ""End of month, I have little money left, but I want something small."" They mention 10 EUR as max. You reply that you can offer a mini box at that price.",mushroom_Orders_v1.rtf
1209,2012-05-31,08:23,Light clouds,Spring,Email: yoga teacher plans June and asks if you can support two events with 2 kg each. You say yes but ask for final numbers a week before each date.,mushroom_Orders_v1.rtf
1210,2012-06-01,08:07,Weak sun,Summer,"Contact form: ""First day of June, feeling hopeful but tired."" They want a small vegetarian box for the weekend. You confirm for Saturday pickup.",mushroom_Orders_v1.rtf
1211,2012-06-02,11:12,Light clouds,Summer,"SMS: returning group from May wants a similar box for four, but slightly less this time. They're still mostly vegetarian. You agree and adjust the total weight.",mushroom_Orders_v1.rtf
1212,2012-06-03,10:19,Overcast,Summer,"Email: Sunday regular cancels for this week, says they're traveling. They confirm they'll be back mid-June. You mark ""skip"" for this date.",mushroom_Orders_v1.rtf
1213,2012-06-04,08:15,Light rain,Summer,Email: Monday client says they want to pause for two weeks due to busy work. You confirm and free that slot in your planning.,mushroom_Orders_v1.rtf
1214,2012-06-05,10:38,Weak sun,Summer,"Contact form: ""Feeling scattered, three dinners, vegan."" They ask you to decide how much. You prepare a moderate box and propose Thursday pickup.",mushroom_Orders_v1.rtf
1215,2012-06-06,09:01,Light clouds,Summer,"SMS: new customer from Wedding asks if you pass through their neighborhood. You answer that you don't, but they can pick up near Kottbusser Tor. They agree for Friday evening.",mushroom_Orders_v1.rtf
1216,2012-06-07,08:29,Grey sky,Summer,"Email: yoga teacher confirms first June event, 2 kg, mostly plant-based participants. They ask for simple labeling with date and ""yoga brunch."" You agree.",mushroom_Orders_v1.rtf
1217,2012-06-08,09:45,Mild sun,Summer,"Contact form: ""Friday, I want to avoid restaurants, small box for two nights."" Vegetarian. You confirm for tonight and keep the amount modest.",mushroom_Orders_v1.rtf
1218,2012-06-09,11:19,Light clouds,Summer,"SMS: cafe that paused in June decides to fully stop for now, saying sales were unstable. They thank you and say they may come back in autumn. You note ""cafe off"" in your sheet.",mushroom_Orders_v1.rtf
1219,2012-06-10,10:31,Weak sun,Summer,Email: yoga teacher picks up 2 kg and later says it was slightly too much but okay. They suggest keeping the same for the next event. You record that.,mushroom_Orders_v1.rtf
1220,2012-06-11,08:08,Light rain,Summer,"Contact form: ""Back from holiday, want a re-start box, just one meal."" Vegan. You offer a very small test order for Wednesday.",mushroom_Orders_v1.rtf
1221,2012-06-12,10:53,Light clouds,Summer,"SMS: sporadic customer asks for a spontaneous tiny box for today, but doesn't specify time. You reply asking them for a clear window; they confirm 19:30.",mushroom_Orders_v1.rtf
1222,2012-06-13,09:24,Overcast,Summer,"Email: someone wants to book a box for their partner's birthday dinner, two people, vegetarian. They ask if you can write their partner's name on the bag. You agree.",mushroom_Orders_v1.rtf
1223,2012-06-14,08:32,Weak sun,Summer,"Contact form: ""I can't eat much, just want something to not skip food entirely."" They request a micro box, vegan. You confirm and propose Saturday.",mushroom_Orders_v1.rtf
1224,2012-06-15,09:57,Light clouds,Summer,SMS: group from earlier wants a slightly bigger order for six people this time. They mention one friend avoids gluten. You prepare a larger box and confirm.,mushroom_Orders_v1.rtf
1225,2012-06-16,11:21,Mild sun,Summer,Email: they follow up saying it was still too much and ask to go back to four-person size next time. You make a note to reduce future group orders.,mushroom_Orders_v1.rtf
1226,2012-06-17,10:14,Weak sun,Summer,"Contact form: ""Sunday, small appetite, one person."" They want something that keeps in fridge for one extra day. You accept and suggest they pick up early evening.",mushroom_Orders_v1.rtf
1227,2012-06-18,08:06,Light rain,Summer,"Email: Monday client returns after two weeks, wants same reduced size as before. They mention feeling less stressed. You confirm.",mushroom_Orders_v1.rtf
1228,2012-06-19,10:48,Light clouds,Summer,"SMS: previous buyer asks if you can prepare a mini box for their colleague as well, same style, different day. You say yes, asking the colleague to email you directly.",mushroom_Orders_v1.rtf
1229,2012-06-20,09:29,Overcast,Summer,"Contact form: ""I saw your flyer at a market, curious but cautious."" They want just enough for one small meal, vegetarian. You confirm for Friday.",mushroom_Orders_v1.rtf
1230,2012-06-21,08:37,Weak sun,Summer,Email: yoga teacher confirms second June event and asks if you can slightly reduce from 2 kg to 1.7 kg. You approximate this by adjusting your picking list.,mushroom_Orders_v1.rtf
1231,2012-06-22,09:52,Mild sun,Summer,"Contact form: ""Weekend ahead, two people, we're both tired."" They ask for a basic box, not too experimental. You confirm.",mushroom_Orders_v1.rtf
1232,2012-06-23,11:39,Light clouds,Summer,SMS: person from Wedding missed pickup; they apologize and ask if they can still come Sunday morning. You say yes but warn quality might be slightly lower.,mushroom_Orders_v1.rtf
1233,2012-06-24,10:26,Weak sun,Summer,"Email: Sunday regular says they want to pause again for July. They mention their schedule is unpredictable. You mark ""no July"" for them.",mushroom_Orders_v1.rtf
1234,2012-06-25,08:10,Light rain,Summer,"Contact form: ""Need something tiny for after therapy session."" Vegan, one person. You propose Wednesday and keep it very small.",mushroom_Orders_v1.rtf
1235,2012-06-26,10:51,Light clouds,Summer,SMS: Monday client asks if they can switch to Tuesdays starting next week. You agree and mark the change in your notes.,mushroom_Orders_v1.rtf
1236,2012-06-27,09:16,Overcast,Summer,"Email: someone wants a ""one-time experiment"" for three, unsure about diet, just ""mostly vegetarian."" You confirm and schedule Friday.",mushroom_Orders_v1.rtf
1237,2012-06-28,08:42,Weak sun,Summer,"Contact form: ""I forgot to say I don't eat onions, sorry."" They refer to tomorrow's order. You adjust and confirm the change.",mushroom_Orders_v1.rtf
1238,2012-06-29,09:59,Mild sun,Summer,"SMS: group order for three goes out; later they message that it was ""just enough."" They ask to repeat in July once. You mark them for a tentative July date.",mushroom_Orders_v1.rtf
1239,2012-06-30,11:36,Light clouds,Summer,"Email: yoga teacher closes June, says both events worked well and they want to plan again after summer. You note potential autumn events.",mushroom_Orders_v1.rtf
1240,2012-07-01,10:13,Weak sun,Summer,"Contact form: ""New month, I want to try a small weekly box for July."" Single person, vegetarian. You accept but clarify that weekly may shift depending on your schedule.",mushroom_Orders_v1.rtf
1241,2012-07-02,08:03,Light rain,Summer,Email: Tuesday client confirms they're switching from Monday and request same size. You approve and set up the new rhythm.,mushroom_Orders_v1.rtf
1242,2012-07-03,10:49,Light clouds,Summer,"SMS: someone asks for a box ""before I leave Berlin for a month,"" small, vegan. You agree and book Friday evening.",mushroom_Orders_v1.rtf
1243,2012-07-04,09:23,Overcast,Summer,"Contact form: ""I'm very anxious, don't want to think about food."" They ask you to decide everything, one person, small portion. You confirm.",mushroom_Orders_v1.rtf
1244,2012-07-05,08:30,Weak sun,Summer,"Email: small cafe that stopped in June asks if they can try 1 kg once in July, just to see. You accept and suggest mid-month Saturday.",mushroom_Orders_v1.rtf
1245,2012-07-06,09:37,Mild sun,Summer,"Contact form: ""Two friends staying over, we are mostly vegetarian."" They ask for 2–3 portions. You confirm and propose Sunday pickup.",mushroom_Orders_v1.rtf
1246,2012-07-07,11:48,Light clouds,Summer,SMS: weekly July customer says the first box felt a bit small; they'd like slightly more next time. You adjust their portion size.,mushroom_Orders_v1.rtf
1247,2012-07-08,10:29,Weak sun,Summer,"Email: someone wants a single Sunday box for one, vegan, says they're ""recovering from a rough week."" You confirm and keep the amount modest.",mushroom_Orders_v1.rtf
1248,2012-07-09,08:05,Light rain,Summer,"Contact form: ""I want to test your box for two, no meat, no garlic."" They ask for mid-week. You set Wednesday as pickup.",mushroom_Orders_v1.rtf
1249,2012-07-10,10:41,Light clouds,Summer,SMS: Tuesday client says they might skip next week because they're away. You mark that date free and confirm.,mushroom_Orders_v1.rtf
1250,2012-07-11,09:12,Overcast,Summer,"Email: person asks if you can do a box for five people next Saturday, a small home gathering. Mixed diets, but mostly vegetarian. You agree and give a price estimate.",mushroom_Orders_v1.rtf
1251,2012-07-12,08:32,Weak sun,Summer,"Contact form: ""Just me, very small appetite, hot days."" They ask for a tiny vegan portion. You prepare a micro box for Friday.",mushroom_Orders_v1.rtf
1252,2012-07-13,09:59,Mild sun,Summer,SMS: group of five confirms and adds that one person is lactose intolerant. You avoid dairy in that box and confirm pickup time.,mushroom_Orders_v1.rtf
1253,2012-07-14,11:27,Light clouds,Summer,"Email: cafe trial of 1 kg happens; they later report sales were okay but still uncertain. They decide to not commit regularly yet. You log ""no stable cafe order.""",mushroom_Orders_v1.rtf
1254,2012-07-15,10:24,Weak sun,Summer,"Contact form: ""Sunday, low social energy, just one person."" They request a small portion. You confirm for early evening.",mushroom_Orders_v1.rtf
1255,2012-07-16,08:09,Light rain,Summer,Email: July weekly customer writes that the second box size was perfect. They ask to keep that amount. You note this as fixed.,mushroom_Orders_v1.rtf
1256,2012-07-17,10:45,Light clouds,Summer,"SMS: someone asks if they can get a box for their parents visiting, two people, vegetarian. They need it Thursday. You agree and put them on the list.",mushroom_Orders_v1.rtf
1257,2012-07-18,09:19,Overcast,Summer,"Contact form: ""I can't cook much, have low capacity."" They still want something small, vegan. You confirm a simple small portion, ready Friday.",mushroom_Orders_v1.rtf
1258,2012-07-19,08:35,Weak sun,Summer,"Email: person says they're not sure if July weekly rhythm is too much for them; they may pause August. You reply that pausing is fine, just let you know by end of July.",mushroom_Orders_v1.rtf
1259,2012-07-20,09:55,Mild sun,Summer,"Contact form: ""Weekend box for three, no strict rules, just no meat."" They want Saturday pickup. You confirm and estimate the price.",mushroom_Orders_v1.rtf
1260,2012-07-21,11:40,Light clouds,Summer,"SMS: group for three arrives late and asks if you can stay 30 minutes longer. You accept once, but mention by message that next times need clearer timing.",mushroom_Orders_v1.rtf
1261,2012-07-22,10:33,Weak sun,Summer,"Email: yoga teacher from spring reappears, thinking of an August weekend event with 2 kg. You say you're open but ask for exact date and number of people.",mushroom_Orders_v1.rtf
1262,2012-07-23,08:13,Light rain,Summer,"Contact form: ""I'm back from travel, want the same tiny box as months ago."" Single, vegan. You check old notes and agree.",mushroom_Orders_v1.rtf
1263,2012-07-24,10:52,Light clouds,Summer,SMS: Tuesday client confirms they're skipping this week and will return next. You note the gap and adjust picking list.,mushroom_Orders_v1.rtf
1264,2012-07-25,09:28,Overcast,Summer,"Email: person wants a spontaneous mid-week box for two, tonight, but doesn't give dietary info. You respond asking if there are any basic restrictions before confirming.",mushroom_Orders_v1.rtf
1265,2012-07-26,08:44,Weak sun,Summer,"Contact form: ""Mood: scattered, low hunger, just one tiny portion."" They want pickup Friday. You confirm micro quantity.",mushroom_Orders_v1.rtf
1266,2012-07-27,09:48,Mild sun,Summer,"SMS: group from earlier in month asks for repeat five-person box, same budget. You agree but remind them last time was a bit much; they say they'll invite another friend.",mushroom_Orders_v1.rtf
1267,2012-07-28,11:37,Light clouds,Summer,Email: they later report that the group actually was smaller and they had leftovers again. They ask you to strongly reduce future group size. You update their profile.,mushroom_Orders_v1.rtf
1268,2012-07-29,10:21,Weak sun,Summer,"Contact form: ""Hot day, I barely want to eat, but need something."" Vegan. You offer a small box that doesn't overload them.",mushroom_Orders_v1.rtf
1269,2012-07-30,08:05,Light rain,Summer,Email: weekly July customer confirms they'll pause for August entirely and resume maybe in September. You mark them as inactive for next month.,mushroom_Orders_v1.rtf
1270,2012-07-31,10:41,Light clouds,Summer,"SMS: person asks for any leftover mini box for tonight, last day of month. You check and can offer a very small one if they pick up before 20:00.",mushroom_Orders_v1.rtf
1271,2012-08-01,08:11,Weak sun,Summer,"Contact form: ""New month, first time ordering, two vegetarians."" They ask for enough for two meals. You confirm for Friday.",mushroom_Orders_v1.rtf
1272,2012-08-02,10:53,Light clouds,Summer,SMS: Tuesday client asks if they can try one August box instead of pausing fully. You agree on a single mid-month date.,mushroom_Orders_v1.rtf
1273,2012-08-03,09:27,Overcast,Summer,Email: yoga teacher confirms August event with 2 kg and mostly plant-based participants. They ask for simple label again. You agree.,mushroom_Orders_v1.rtf
1274,2012-08-04,11:16,Mild sun,Summer,"Contact form: ""Weekend, small appetite, just one portion."" Vegan. You confirm a tiny box and note their name as new.",mushroom_Orders_v1.rtf
1275,2012-08-05,10:37,Weak sun,Summer,"Email: person from Wedding asks if you can meet at a different U-Bahn, easier for them. You negotiate and find a time at Schönleinstra 'dfe tomorrow.",mushroom_Orders_v1.rtf
1276,2012-08-06,08:03,Light rain,Summer,"SMS: Monday-style client reappears only for this week, wants their usual small box. You confirm and mark it as one-time.",mushroom_Orders_v1.rtf
1277,2012-08-07,10:42,Light clouds,Summer,"Contact form: ""I'm working late, can pickup at 21:30, one vegetarian box."" You accept and ask them to text just before ringing.",mushroom_Orders_v1.rtf
1278,2012-08-08,09:15,Overcast,Summer,"Email: group wants enough for five on Friday, but cheap. You explain you can only adjust by reducing quantity, not lowering price per gram. They agree to a slightly smaller box.",mushroom_Orders_v1.rtf
1279,2012-08-09,08:26,Weak sun,Summer,"Contact form: ""Mood: restless, not sure about food."" They want just one meal for themselves. You confirm and plan a modest box.",mushroom_Orders_v1.rtf
1280,2012-08-10,09:44,Mild sun,Summer,"SMS: someone asks if they can split one box between two evenings for themselves. You say yes, and that you'll keep overall quantity small. They confirm.",mushroom_Orders_v1.rtf
1281,2012-08-11,11:30,Light clouds,Summer,"Email: yoga teacher picks up 2 kg and later says the amount was slightly heavy but manageable. They plan to repeat same size later in year. You log ""2 kg fine.""",mushroom_Orders_v1.rtf
1282,2012-08-12,10:25,Weak sun,Summer,"Contact form: ""Sunday, want to avoid restaurants, just one or two meals."" Vegetarian. You confirm for evening pickup and keep amount moderate.",mushroom_Orders_v1.rtf
1283,2012-08-13,08:09,Light rain,Summer,Email: returning cafe from spring asks if you have any capacity in late August for 1 kg again. You answer you can fit one more test weekend.,mushroom_Orders_v1.rtf
1284,2012-08-14,10:49,Light clouds,Summer,"SMS: Tuesday client takes their one August box and later texts it felt good to return. They still don't commit to a full schedule. You note ""occasional only.""",mushroom_Orders_v1.rtf
1285,2012-08-15,09:22,Overcast,Summer,"Contact form: ""First time, I'm vegan and sensitive, please tiny box."" You accept and suggest Friday 18:30 pickup.",mushroom_Orders_v1.rtf
1286,2012-08-16,08:34,Weak sun,Summer,"Email: someone asks if they can have a one-off box for a date night for two, vegetarian. They mention wanting something light. You confirm and note the date.",mushroom_Orders_v1.rtf
1287,2012-08-17,09:58,Mild sun,Summer,"Contact form: ""Need box for three friends, informal, mostly plant-based."" They're flexible on time. You assemble a medium box and propose 19:00 pickup.",mushroom_Orders_v1.rtf
1288,2012-08-18,11:41,Light clouds,Summer,"SMS: cafe test weekend 1 kg goes out; later they report sales were low because of hot weather. They decide to skip September. You mark ""no follow-up.""",mushroom_Orders_v1.rtf
1289,2012-08-19,10:32,Weak sun,Summer,Email: Sunday regular (on/off) writes that they'd like a one-time box next week but then pause until October. You schedule one date and mark longer break.,mushroom_Orders_v1.rtf
1290,2012-08-20,08:07,Light rain,Summer,"Contact form: ""I keep forgetting to eat, can I get a mid-week box for one."" Vegan, small. You confirm for Wednesday.",mushroom_Orders_v1.rtf
1291,2012-08-21,10:54,Light clouds,Summer,"SMS: group from earlier in summer wants a last meeting before people leave town, enough for four people. You agree and pack a slightly smaller size than in June.",mushroom_Orders_v1.rtf
1292,2012-08-22,09:31,Overcast,Summer,"Email: they later write that this reduced size was better. They say if they order again, they'll stick to that. You update their typical quantity.",mushroom_Orders_v1.rtf
1293,2012-08-23,08:43,Weak sun,Summer,"Contact form: ""Just a tiny experiment, I don't know if this is for me."" One person, minimal box. You accept and propose Saturday.",mushroom_Orders_v1.rtf
1294,2012-08-24,09:42,Mild sun,Summer,"SMS: someone asks if they can pick up at lunch break, 13:00, because evening is full. You check your schedule and say yes for this Friday only.",mushroom_Orders_v1.rtf
1295,2012-08-25,11:29,Light clouds,Summer,"Email: yoga teacher floats an idea of a September retreat but not sure yet. They ask if you'd be in principle available. You say ""probably"" but ask for exact dates before committing.",mushroom_Orders_v1.rtf
1296,2012-08-26,10:18,Weak sun,Summer,"Contact form: ""Sunday, low budget, 10–12 EUR, vegan."" They still want something mood-based. You design a micro box within that budget.",mushroom_Orders_v1.rtf
1297,2012-08-27,08:12,Light rain,Summer,Email: Monday-style clients remain paused; one writes they may not restart at all. You acknowledge and close their recurring entry.,mushroom_Orders_v1.rtf
1298,2012-08-28,10:47,Light clouds,Summer,"SMS: person asks if they can order ""the same as last month around this time"" but you can't find clear notes. You reply asking which date and size they mean. They clarify with an approximate description.",mushroom_Orders_v1.rtf
1299,2012-08-29,09:28,Overcast,Summer,"Contact form: ""Tiny appetite, just me."" Vegan, wants pickup Friday. You confirm and label it as ""micro.""",mushroom_Orders_v1.rtf
1300,2012-08-30,08:37,Weak sun,Summer,"Email: cafe that tried twice decides to fully stop for now, thanks you again. Operationally you update your B2B list. Capacity opens for private orders.",mushroom_Orders_v1.rtf
1301,2012-08-31,09:51,Mild sun,Summer,"Contact form: ""End of summer, want one last small box for two dinners."" Vegetarian. You confirm tonight and close August with that order.",mushroom_Orders_v1.rtf
1302,2012-09-01,10:15,Light clouds,Autumn,"Email: someone wants to start ""September Sundays,"" small box every second Sunday. One person, vegetarian. You agree but keep it informal, no contract.",mushroom_Orders_v1.rtf
1303,2012-09-02,11:04,Cool clouds,Autumn,"Contact form: ""Feeling drained, want something calming, vegan."" They ask for a one-time small order. You confirm pickup at 18:00.",mushroom_Orders_v1.rtf
1304,2012-09-03,08:06,Overcast,Autumn,SMS: group from August thanks you and says they likely won't order again until next year. You log them as inactive but keep their notes.,mushroom_Orders_v1.rtf
1305,2012-09-04,10:49,Light drizzle,Autumn,Email: person asks if mushrooms are changing now with the season and if that affects your boxes. They want a small box for Friday regardless. You answer briefly and confirm.,mushroom_Orders_v1.rtf
1306,2012-09-05,09:19,Cool grey,Autumn,"Contact form: ""I am very tired, low appetite, vegetarian."" They request a tiny portion. You propose Thursday evening.",mushroom_Orders_v1.rtf
1307,2012-09-06,08:33,Light rain,Autumn,"SMS: new number asks for a small box and says ""I trust you, do whatever,"" no diet info. You reply asking at least if they eat meat; they say no. You confirm.",mushroom_Orders_v1.rtf
1308,2012-09-07,09:40,Overcast,Autumn,Email: yoga teacher confirms one September retreat weekend with 2.5 kg. They anticipate more participants. You agree and mark the date.,mushroom_Orders_v1.rtf
1309,2012-09-08,11:30,Cool sun,Autumn,"Contact form: ""First autumn weekend, me and one friend, vegetarian."" They ask you to choose amount for 20 EUR. You assemble and confirm.",mushroom_Orders_v1.rtf
1310,2012-09-09,10:23,Light clouds,Autumn,Email: September Sunday customer misses their first planned date and apologizes. They ask to restart next week. You accept and make a note.,mushroom_Orders_v1.rtf
1311,2012-09-10,08:10,Grey sky,Autumn,"Contact form: ""I've been meaning to try this since spring."" They want a small vegan box, no strong herbs. You confirm Wednesday.",mushroom_Orders_v1.rtf
1312,2012-09-11,10:52,Light drizzle,Autumn,SMS: former Tuesday client sends a goodbye message; they're moving away. They thank you for the months of boxes. You close their entry.,mushroom_Orders_v1.rtf
1313,2012-09-12,09:27,Overcast,Autumn,"Email: someone requests a box for four people for Saturday, mostly vegetarian. They ask whether you can split into two paper bags. You agree.",mushroom_Orders_v1.rtf
1314,2012-09-13,08:43,Light rain,Autumn,"Contact form: ""Tiny order, recovering from illness, no heavy load."" Vegan. You plan a very light box for Friday.",mushroom_Orders_v1.rtf
1315,2012-09-14,09:53,Cool clouds,Autumn,SMS: yoga teacher double-checks 2.5 kg for retreat and asks you to label crates clearly with date. You confirm.,mushroom_Orders_v1.rtf
1316,2012-09-15,11:42,Cool sun,Autumn,Email: new cafe in Friedrichshain inquires if you can supply 1–2 kg once in October. They just want to know if principle is possible. You say yes but ask for specific weekend.,mushroom_Orders_v1.rtf
1317,2012-09-16,10:37,Light clouds,Autumn,"Contact form: ""Sunday, low social battery, just one meal."" Vegetarian. You confirm for early evening.",mushroom_Orders_v1.rtf
1318,2012-09-17,08:05,Overcast,Autumn,Email: Sunday September customer says their first actual box felt right in size. They ask to keep it stable for now. You mark size as fixed.,mushroom_Orders_v1.rtf
1319,2012-09-18,10:45,Light drizzle,Autumn,"SMS: person asks for a one-time ""testing"" box for two, mid-week. You confirm Thursday and ask if there are any allergies. They reply ""no.""",mushroom_Orders_v1.rtf
1320,2012-09-19,09:29,Grey sky,Autumn,"Contact form: ""I'm on a tight budget, 12 EUR max, vegan."" They still want mood-based selection. You adjust quantity accordingly.",mushroom_Orders_v1.rtf
1321,2012-09-20,08:34,Light rain,Autumn,"Email: yoga retreat weekend participants increase, teacher asks if you can go up to 3 kg. You accept but note ""upper limit"" in your head.",mushroom_Orders_v1.rtf
1322,2012-09-21,09:50,Cool clouds,Autumn,"Contact form: ""Friday, need something for two calm dinners, vegetarian."" They request pickup at 19:00. You confirm.",mushroom_Orders_v1.rtf
1323,2012-09-22,11:36,Cool sun,Autumn,"SMS: one participant from retreat separately asks for a tiny box for home, vegan. You say you can spare a small portion if they pick up after the event. They agree.",mushroom_Orders_v1.rtf
1324,2012-09-23,10:15,Light clouds,Autumn,Email: Sunday customer delays pickup by two hours and wants to make sure that's okay. You confirm and keep the box in the fridge.,mushroom_Orders_v1.rtf
1325,2012-09-24,08:03,Overcast,Autumn,"Contact form: ""Weekend box was a bit big, can we reduce next time."" Single, vegetarian. You adjust their amount down.",mushroom_Orders_v1.rtf
1326,2012-09-25,10:51,Light drizzle,Autumn,SMS: cafe from Friedrichshain confirms they want 1.5 kg on a specific October Saturday. They send their address. You log it under B2B.,mushroom_Orders_v1.rtf
1327,2012-09-26,09:33,Grey sky,Autumn,"Email: person wants a tiny box for after therapy on Friday, vegan. They emphasize not too much quantity. You answer that you'll keep it small.",mushroom_Orders_v1.rtf
1328,2012-09-27,08:42,Light rain,Autumn,"Contact form: ""I think I over-ordered last time, this time please half size."" They still want two dinners' worth for one. You calibrate accordingly.",mushroom_Orders_v1.rtf
1329,2012-09-28,09:58,Cool clouds,Autumn,"SMS: group order for four asks for 18:30 pickup instead of 19:00. You adjust and reply ""ok, 18:30.""",mushroom_Orders_v1.rtf
1330,2012-09-29,11:40,Cool sun,Autumn,"Email: yoga teacher reports retreat went smoothly with 3 kg, maybe slightly abundant. They suggest 2.7 kg next time. You record the detail.",mushroom_Orders_v1.rtf
1331,2012-09-30,10:22,Light clouds,Autumn,"Contact form: ""End of month, want a small grounding box, vegan."" They request a narrow pickup window. You confirm and schedule.",mushroom_Orders_v1.rtf
1332,2012-10-01,08:09,Overcast,Autumn,Email: Sunday September customer says they want to continue in October but only twice. You plan two Sundays and mark the rest as open.,mushroom_Orders_v1.rtf
1333,2012-10-02,10:48,Light drizzle,Autumn,"SMS: one-off customer from summer returns, asking for a small vegetarian box before a stressful week. You confirm Thursday pickup.",mushroom_Orders_v1.rtf
1334,2012-10-03,09:05,Cool grey,Autumn,"Contact form: ""Public holiday, if you work I'd like a box for two."" They mention being mostly vegetarian. You say you can fit one extra order in.",mushroom_Orders_v1.rtf
1335,2012-10-04,08:29,Light rain,Autumn,Email: cafe in Friedrichshain asks if October 13th 1.5 kg is still okay. You confirm and remind them of rough price. They agree.,mushroom_Orders_v1.rtf
1336,2012-10-05,09:47,Cool clouds,Autumn,"Contact form: ""Feeling scattered, three dinners, vegan, nothing extreme."" They want Sunday collection. You accept and set time.",mushroom_Orders_v1.rtf
1337,2012-10-06,11:33,Cool sun,Autumn,"SMS: new person asks for a micro order, says they ""want to see what it's like without committing."" You agree to a tiny box and schedule for Monday.",mushroom_Orders_v1.rtf
1338,2012-10-07,10:19,Light clouds,Autumn,"Email: Sunday customer says today's box was perfect, wants the same next time. You mark ""copy 7.10 size"" for their profile.",mushroom_Orders_v1.rtf
1339,2012-10-08,08:02,Overcast,Autumn,"Contact form: ""Monday, low appetite, just me."" Vegan, wants something easily stored one extra day. You confirm.",mushroom_Orders_v1.rtf
1340,2012-10-09,10:54,Light drizzle,Autumn,"SMS: group of colleagues wants enough for four for Thursday, mostly vegetarian. You agree and ask for one dietary note; they say no serious restrictions.",mushroom_Orders_v1.rtf
1341,2012-10-10,09:21,Grey sky,Autumn,"Email: someone asks if you can provide mushrooms for a small office lunch, about 1.5 kg, one-time. You accept and add their workplace address to your notes.",mushroom_Orders_v1.rtf
1342,2012-10-11,08:38,Light rain,Autumn,"Contact form: ""Mood: nervous before exam, tiny vegan box."" They want pickup Friday. You confirm and keep quantity minimal.",mushroom_Orders_v1.rtf
1343,2012-10-12,09:56,Cool clouds,Autumn,"SMS: office lunch order checks time, wants to shift from 12:00 to 11:30. You say ""ok"" and adjust.",mushroom_Orders_v1.rtf
1344,2012-10-13,11:45,Cool sun,Autumn,"Email: cafe receives 1.5 kg and says they sold half, might try again in November. You note ""maybe Nov"" and keep options open.",mushroom_Orders_v1.rtf
1345,2012-10-14,10:27,Light clouds,Autumn,"Contact form: ""Sunday, just one small meal."" Vegetarian, no other info. You confirm for early evening.",mushroom_Orders_v1.rtf
1346,2012-10-15,08:07,Overcast,Autumn,Email: Sunday twice-per-month customer confirms they're happy with the October rhythm so far. They say no changes for next time. You keep as is.,mushroom_Orders_v1.rtf
1347,2012-10-16,10:52,Light drizzle,Autumn,SMS: one-time office lunch contact asks vaguely about a regular arrangement; you answer that you prefer to stay flexible and small. They say they'll think about it.,mushroom_Orders_v1.rtf
1348,2012-10-17,09:33,Grey sky,Autumn,"Contact form: ""Single person, wants two quiet dinners this week."" Vegetarian. You propose Friday pickup and they accept.",mushroom_Orders_v1.rtf
1349,2012-10-18,08:41,Light rain,Autumn,"Email: person requests a ""between therapy sessions"" tiny box, very little quantity. You confirm and stress that you'll keep it small to avoid pressure.",mushroom_Orders_v1.rtf
1350,2012-10-19,09:52,Cool clouds,Autumn,"Contact form: ""Group of three, mostly vegan, for Saturday."" They ask you to keep it not too intense. You schedule and plan moderate quantities.",mushroom_Orders_v1.rtf
1351,2012-10-20,11:38,Cool sun,Autumn,"SMS: they later say portion was slightly large; next time they'll ask for less. You note ""reduce group of three.""",mushroom_Orders_v1.rtf
1352,2012-10-21,10:24,Light clouds,Autumn,Email: Sunday customer cancels one of their planned October boxes due to travel. They keep only the last Sunday. You free that mid-month slot.,mushroom_Orders_v1.rtf
1353,2012-10-22,08:10,Overcast,Autumn,"Contact form: ""Need something for two simple dinners, vegetarian."" They mention being very tired from work. You confirm for Wednesday.",mushroom_Orders_v1.rtf
1354,2012-10-23,10:49,Light drizzle,Autumn,SMS: someone asks if mushrooms keep well until Friday if they pick up today. You reply that it's better if they come closer to when they plan to eat. They reschedule.,mushroom_Orders_v1.rtf
1355,2012-10-24,09:26,Grey sky,Autumn,"Email: potential new cafe writes again but decides to wait until spring to start. You mark ""cafe postponed to 2013"".",mushroom_Orders_v1.rtf
1356,2012-10-25,08:35,Light rain,Autumn,"Contact form: ""Single, vegan, wants one supportive box after long week."" Pickup requested Friday. You confirm and note no onions.",mushroom_Orders_v1.rtf
1357,2012-10-26,09:48,Cool clouds,Autumn,"SMS: someone orders for four people for Sunday, but then cancels two hours later due to changed plans. You adjust your harvest plan and thank them for relatively early notice.",mushroom_Orders_v1.rtf
1358,2012-10-27,11:32,Cool sun,Autumn,Email: yoga teacher asks about possible winter event but is unsure if participants want heavier dishes then. You say you can adapt to seasons and wait for a concrete date.,mushroom_Orders_v1.rtf
1359,2012-10-28,10:30,Light clouds,Autumn,"Contact form: ""Quiet Sunday box, two small meals, vegetarian."" They ask for 17:30 pickup. You confirm.",mushroom_Orders_v1.rtf
1360,2012-10-29,08:13,Overcast,Autumn,Email: Sunday customer says they'll stop November and maybe restart December. You update schedule again.,mushroom_Orders_v1.rtf
1361,2012-10-30,10:54,Light drizzle,Autumn,"SMS: person asks for a Halloween small box, single portion, vegan. Pickup tomorrow. You agree and keep it modest.",mushroom_Orders_v1.rtf
1362,2012-10-31,09:37,Grey sky,Autumn,"Contact form: ""I forgot Halloween, but still want something for tonight."" They ask for enough for one dinner. You check capacity and accept one extra micro box.",mushroom_Orders_v1.rtf
1363,2012-11-01,08:06,Low grey,Autumn,Email: someone asks if you operate on public holidays in November. They want a small box for one of them. You reply that quantities will be limited but some orders are possible.,mushroom_Orders_v1.rtf
1364,2012-11-02,10:47,Light drizzle,Autumn,"Contact form: ""Cold days, tired, want two dinners for one person."" Vegetarian. You confirm for Sunday.",mushroom_Orders_v1.rtf
1365,2012-11-03,09:25,Grey sky,Autumn,SMS: group of friends wants enough for six people next weekend; you warn that this is near your upper limit. They still want to try. You agree but plan carefully.,mushroom_Orders_v1.rtf
1366,2012-11-04,10:38,Cool clouds,Autumn,"Email: last week's single-person box user says it was exactly enough. They book the same for next Sunday. You mark ""repeat size.""",mushroom_Orders_v1.rtf
1367,2012-11-05,08:11,Overcast,Autumn,"Contact form: ""I would like a very small box, vegan, low energy."" They ask for Tuesday. You confirm.",mushroom_Orders_v1.rtf
1368,2012-11-06,10:52,Light rain,Autumn,"SMS: group of six for weekend confirms some are vegan, others not. You plan a large but still manageable box and confirm price.",mushroom_Orders_v1.rtf
1369,2012-11-07,09:19,Grey drizzle,Autumn,"Email: someone asks if they can get a ""work week box"" for three dinners, but only this week. Vegetarian. You accept and schedule Thursday pickup.",mushroom_Orders_v1.rtf
1370,2012-11-08,08:32,Low grey,Autumn,"Contact form: ""Tiny snack-style portion, just to try."" Vegan. You reply that you can prepare a very small test amount and set Saturday.",mushroom_Orders_v1.rtf
1371,2012-11-09,09:44,Cool clouds,Autumn,"SMS: work-week customer delays pickup by one day. You say okay, but ask them to store everything in the fridge immediately. They agree.",mushroom_Orders_v1.rtf
1372,2012-11-10,11:40,Cool sun,Autumn,Email: group of six reports that the box was slightly too large but everyone liked the idea. They say next time they'll order for four instead. You adjust notes.,mushroom_Orders_v1.rtf
1373,2012-11-11,10:23,Light clouds,Autumn,"Contact form: ""Sunday, small box, vegetarian, low effort."" They ask for 18:00 pickup. You confirm.",mushroom_Orders_v1.rtf
1374,2012-11-12,08:09,Overcast,Autumn,"Email: person wants a single tiny box before a stressful exam week, vegan. You schedule Wednesday and promise light quantity.",mushroom_Orders_v1.rtf
1375,2012-11-13,10:50,Light drizzle,Autumn,"SMS: earlier cafe contact checks if you're open to a December test. You answer yes, but mention space is limited around holidays.",mushroom_Orders_v1.rtf
1376,2012-11-14,09:27,Grey sky,Autumn,"Contact form: ""I'm curious but have allergy to nuts and soy."" They want a small vegetarian box. You confirm and mark allergies clearly.",mushroom_Orders_v1.rtf
1377,2012-11-15,08:39,Light rain,Autumn,"Email: person asks if you have any data on how often people order; they're wondering if weekly is ""allowed."" You answer that there's no rule and they should feel into their own rhythm.",mushroom_Orders_v1.rtf
1378,2012-11-16,09:55,Cool clouds,Autumn,"Contact form: ""Two people, quiet weekend, vegetarian."" They ask for Saturday afternoon pickup. You agree.",mushroom_Orders_v1.rtf
1379,2012-11-17,11:35,Cool sun,Autumn,"SMS: small office asks for a one-time box for four colleagues on Monday. You accept and ask for basic dietary notes. They reply: one vegan, rest flexible.",mushroom_Orders_v1.rtf
1380,2012-11-18,10:28,Light clouds,Autumn,"Email: Sunday single-person customer decides to skip next week, saying they're stocked. You mark ""skip 25.11"".",mushroom_Orders_v1.rtf
1381,2012-11-19,08:04,Overcast,Autumn,"Contact form: ""Little appetite, want something that doesn't sit around all week."" They request just enough for one evening, vegan. You confirm.",mushroom_Orders_v1.rtf
1382,2012-11-20,10:51,Light drizzle,Autumn,SMS: office colleagues thank you after Monday's box and say they might repeat once in December. You log potential but no fixed date.,mushroom_Orders_v1.rtf
1383,2012-11-21,09:31,Grey sky,Autumn,"Email: someone wants a small box to share with their partner after therapy, vegetarian. They ask for Thursday evening. You accept.",mushroom_Orders_v1.rtf
1384,2012-11-22,08:37,Light rain,Autumn,"Contact form: ""Small, calm dinner for one, I don't eat meat."" They want Saturday. You confirm.",mushroom_Orders_v1.rtf
1385,2012-11-23,09:54,Cool clouds,Autumn,SMS: cafe that mentioned December test requests 1 kg on the 15th. You agree and record address again.,mushroom_Orders_v1.rtf
1386,2012-11-24,11:43,Cool sun,Autumn,Email: group of four asks about early December availability; you say there's room if they confirm soon. They reply they'll decide by Monday.,mushroom_Orders_v1.rtf
1387,2012-11-25,10:19,Light clouds,Autumn,"Contact form: ""Sunday, small grounding box, vegan."" Pickup requested late afternoon. You confirm and prepare.",mushroom_Orders_v1.rtf
1388,2012-11-26,08:12,Overcast,Autumn,Email: someone plans December and asks if you'll work during the week between Christmas and New Year. You say probably on a reduced scale. They ask to be updated.,mushroom_Orders_v1.rtf
1389,2012-11-27,10:48,Light drizzle,Autumn,SMS: early December group of four confirms date and mentions one gluten-free guest. You adapt your internal plan and reply.,mushroom_Orders_v1.rtf
1390,2012-11-28,09:22,Grey sky,Autumn,"Contact form: ""One person, exam stress, tiny portion."" Vegan. You say yes and set Friday evening.",mushroom_Orders_v1.rtf
1391,2012-11-29,08:30,Light rain,Autumn,"Email: cafe sends a reminder about the 15th December test order. You confirm again, to avoid confusion.",mushroom_Orders_v1.rtf
1392,2012-11-30,09:49,Cool clouds,Autumn,"Contact form: ""End of November, want to try a box before the holiday chaos starts."" Vegetarian, for two dinners. You confirm and close the month with that order.",mushroom_Orders_v1.rtf
1393,2012-12-01,10:13,Light clouds,Winter,Email: person asks if you're doing any special boxes for December or just normal ones. They still order a small vegan box for the week. You confirm.,mushroom_Orders_v1.rtf
1394,2012-12-02,11:07,Grey sky,Winter,"Contact form: ""First Advent, small box, two people, vegetarian."" They request pickup at 17:00. You agree.",mushroom_Orders_v1.rtf
1395,2012-12-03,08:09,Light drizzle,Winter,"SMS: office colleagues from November decide[2012-01-03 | 08:11 | Grey clouds | Winter] Email: new customer asks if Mushroom House is ""still active in winter"" and whether any fresh local mushrooms are available. They want a small box for two people, vegetarian, pickup this evening in Kreuzberg. You reply that you have limited stock and propose a modest box for 15 EUR.",mushroom_Orders_v1.rtf
1396,2012-01-04,10:37,Light snow,Winter,"Short SMS: ""Hi, I got your contact from a friend, can I try a small mix today?"" They say it's just for one person and that they don't eat meat. You confirm that a tiny box is possible if they come by after 18:00.",mushroom_Orders_v1.rtf
1397,2012-01-05,09:02,"Freezing, clear",Winter,"Email from someone in Neukölln: they ask if you do delivery or only pickup. They'd like around 300g ""of whatever is okay right now"" and say they feel tired from work. You answer that at the moment it's pickup only and suggest tomorrow evening.",mushroom_Orders_v1.rtf
1398,2012-01-06,07:49,Low grey,Winter,"Contact form: ""Feeling low energy, want something simple for one dinner."" Customer is vegetarian and asks roughly for 400g. You reply that you can prepare that for Saturday morning pickup at your place.",mushroom_Orders_v1.rtf
1399,2012-01-07,11:23,Weak sun,Winter,SMS after pickup: customer says the quantity was a bit too much for one person. They ask if next time you can make the box slightly smaller. You log the preference under their name.,mushroom_Orders_v1.rtf
1400,2012-01-09,08:28,Grey drizzle,Winter,"Email: ""Can I order something for two, nothing fancy, no onions."" They say they are not sure how much they need and ask you to decide. You suggest a medium box and propose pickup between 18:00–19:00.",mushroom_Orders_v1.rtf
1401,2012-01-10,12:03,Overcast,Winter,"Short message via contact form: ""I feel anxious today, need something grounding, vegetarian."" They want enough for one meal and ask if 10 EUR is okay. You confirm and reserve a small portion.",mushroom_Orders_v1.rtf
1402,2012-01-12,09:57,Light snow,Winter,"Email from previous buyer: ""Same as last week, but can you reduce the total a bit."" They mention they couldn't finish everything. You agree and prepare a slightly smaller box for Friday.",mushroom_Orders_v1.rtf
1403,2012-01-13,08:41,Grey sky,Winter,"SMS: ""Is there anything left for today?"" Customer asks for ""anything, not too heavy"" and says they can come by 20:30. You confirm you still have enough for one small order.",mushroom_Orders_v1.rtf
1404,2012-01-15,10:08,Light fog,Winter,"Contact form: ""Sunday, feeling empty, need something gentle."" They are vegan and ask if you can avoid very intense herbs. You reply yes and suggest pickup around 17:00.",mushroom_Orders_v1.rtf
1405,2012-01-17,07:54,Low clouds,Winter,"Email: person asks how to describe their ""mood"" for your service, says they are confused but curious. They want to try for one dinner, vegetarian. You explain briefly what kind of notes help and offer Friday pickup.",mushroom_Orders_v1.rtf
1406,2012-01-18,11:32,Weak sun,Winter,"Old acquaintance writes: ""Heard you started a mushroom thing, can I test something small for my partner and me."" They say they don't eat meat but are okay with dairy. You agree and propose a modest box for Saturday.",mushroom_Orders_v1.rtf
1407,2012-01-20,09:19,Grey drizzle,Winter,"Email from someone in Prenzlauer Berg: asks if you can meet near a U-Bahn station with a small box on your way back from the forest. They want around 500g, vegetarian. You answer that you can meet at 18:15 at Eberswalder Stra 'dfe exit.",mushroom_Orders_v1.rtf
1408,2012-01-22,10:51,Overcast,Winter,"Contact form: ""Not sure what I need, just had a hard week."" They ask for enough for two small meals, no garlic. You confirm and set a pickup window for tomorrow evening.",mushroom_Orders_v1.rtf
1409,2012-01-24,08:06,Light snow,Winter,"SMS from returning customer: ""Can I repeat my last order, same size, same notes."" They only clarify again ""no onions please."" You reply ""ok, same as last time, ready after 19:00.""",mushroom_Orders_v1.rtf
1410,2012-01-26,09:44,Grey sky,Winter,"Email: someone wants to gift ""a mushroom box"" to a friend who is vegetarian. They ask if the friend can contact you directly to describe their situation. You agree and wait for the friend's email.",mushroom_Orders_v1.rtf
1411,2012-01-27,07:38,"Freezing, clear",Winter,"New customer writes that they've had trouble eating and want just a ""tiny"" amount. They say they might not finish a full portion. You respond that you can assemble a very small, low-commitment box for Sunday.",mushroom_Orders_v1.rtf
1412,2012-01-29,11:15,Light fog,Winter,"Contact form: ""Weekend almost over, anything left for a small box?"" They mention they are mostly plant-based and feel a bit unfocused. You say you can put together one last small mix if they come within two hours.",mushroom_Orders_v1.rtf
1413,2012-01-30,08:22,Grey drizzle,Winter,"Email: customer who ordered last week says they felt better and wants to repeat, but every two weeks instead of weekly. They request the same style, same budget. You note ""bi-weekly"" next to their name.",mushroom_Orders_v1.rtf
1414,2012-01-31,10:02,Overcast,Winter,"Short SMS: ""I forgot to order earlier, is anything possible tonight?"" They only need enough for one dinner. You reply that today is already full and suggest they write again for Thursday.",mushroom_Orders_v1.rtf
1415,2012-02-01,08:09,Low grey,Winter,Email from a previous January customer: they ask for the same quantity as before but no dairy this time. They say their body felt heavy last time. You confirm the change and schedule pickup for Friday.,mushroom_Orders_v1.rtf
1416,2012-02-02,11:27,Light snow,Winter,"New inquiry: ""Can you ship to Munich?"" They want to send a box to their sister. You explain you only provide local pickup around Berlin at the moment.",mushroom_Orders_v1.rtf
1417,2012-02-03,09:14,"Freezing, clear",Winter,"Contact form: ""Feeling tired, want something simple for two dinners."" Vegetarian, no further detail. You assemble a medium box and email back with pickup time.",mushroom_Orders_v1.rtf
1418,2012-02-04,10:41,Grey sky,Winter,"SMS from Neukölln number: ""Could you maybe bring a small bag to Hermannplatz if you pass by?"" They mention working until late. You reply that today you're not going that route and ask if they can come tomorrow instead.",mushroom_Orders_v1.rtf
1419,2012-02-05,12:06,Light fog,Winter,"Email: ""Sunday, I can finally breathe. Anything left?"" They want a small portion, vegan, pickup early evening. You confirm and reserve a box.",mushroom_Orders_v1.rtf
1420,2012-02-07,08:01,Low clouds,Winter,"Contact form: ""I heard you adapt to mood, I feel extremely restless today."" They ask for enough for 1–2 meals and say they don't eat meat. You agree and propose Wednesday evening pickup.",mushroom_Orders_v1.rtf
1421,2012-02-08,11:49,Grey drizzle,Winter,"Short email: repeat customer says last week's quantity was too little. They ask to add ""a bit more, not double, but more."" You adjust their box size and confirm.",mushroom_Orders_v1.rtf
1422,2012-02-09,09:31,Light snow,Winter,"SMS: ""Just wanted to say yesterday's bag was perfect size."" They ask if you could do the same next Thursday. You note ""copy last order"" on that date.",mushroom_Orders_v1.rtf
1423,2012-02-10,08:15,Overcast,Winter,"New email: ""Hi, I'm curious but broke, can I get something for 8 EUR?"" They mention it's for one meal only. You respond that you can assemble a very small box within that budget.",mushroom_Orders_v1.rtf
1424,2012-02-11,10:54,Grey sky,Winter,"Contact form: ""Girlfriend feeling shaky, want to surprise her with your box."" They ask for enough for two people, vegetarian, pickup tonight. You accept and block stock.",mushroom_Orders_v1.rtf
1425,2012-02-12,11:29,Light fog,Winter,"SMS: ""The portion yesterday was too big, we still have leftovers."" They ask if it's okay to wait two weeks before ordering again. You reply that's fine and remind them to note how they feel next time.",mushroom_Orders_v1.rtf
1426,2012-02-14,07:47,Grey drizzle,Winter,"Email: couple wants ""something gentle"" for tonight, no meat, no alcohol-based ingredients. They're not sure about quantity. You suggest a medium-sized box and propose pickup at 19:00.",mushroom_Orders_v1.rtf
1427,2012-02-15,09:58,Low clouds,Winter,"Contact form: ""Feel a bit scattered, not sure what I need."" They ask for a small box, no garlic. You confirm and give them your address details.",mushroom_Orders_v1.rtf
1428,2012-02-16,08:36,Light snow,Winter,"SMS from recurring contact: ""Can we cancel tonight, something came up."" They ask if you can shift the same order to Sunday. You agree and move it in your notes.",mushroom_Orders_v1.rtf
1429,2012-02-18,11:07,Grey sky,Winter,"Email: ""Long week, I just want something steady for two dinners."" Vegetarian, 20 EUR budget. You reply that you can cover that and suggest 18:30–19:00 pickup.",mushroom_Orders_v1.rtf
1430,2012-02-19,10:21,Light fog,Winter,"Contact form: ""Just me at home today, small appetite."" They request a tiny box, vegan. You say you can squeeze one in if they come before 17:00.",mushroom_Orders_v1.rtf
1431,2012-02-21,08:03,Low grey,Winter,"Email: repeat customer tries to set a weekly Tuesday rhythm but says they might skip some weeks. They ask if that's okay with you. You answer that flexible weekly is fine, just to email by Monday night.",mushroom_Orders_v1.rtf
1432,2012-02-22,10:46,Grey drizzle,Winter,"Short message: ""Last Tuesday's box was a bit intense, can we have a calmer version today."" They are vegetarian and want same size. You adapt and confirm.",mushroom_Orders_v1.rtf
1433,2012-02-23,08:55,Overcast,Winter,"SMS: ""Any chance of delivery to my office near Ostbahnhof?"" They want a small box but can't leave early. You answer you don't deliver yet and suggest early-morning pickup another day.",mushroom_Orders_v1.rtf
1434,2012-02-24,09:39,Light snow,Winter,Email: new customer from Friedrichshain wants to try a one-time box for two and asks about price range. You reply with a simple estimate and suggest Sunday afternoon pickup.,mushroom_Orders_v1.rtf
1435,2012-02-26,11:18,Grey sky,Winter,"Contact form: ""Hangover, low energy, need something light."" They ask for one portion, vegan. You assemble a small bag and send pickup instructions.",mushroom_Orders_v1.rtf
1436,2012-02-28,08:24,Low clouds,Winter,"Email: previous buyer wants to move their weekly idea to ""whenever you have time."" They ask you to suggest dates. You reply that you prefer if they message on weeks they want a box.",mushroom_Orders_v1.rtf
1437,2012-02-29,10:53,Grey drizzle,Winter,"SMS: ""Leap day, why not try your mushrooms."" They ask for any leftover small portion after other orders. You say you have a tiny box left and give them a pickup time.",mushroom_Orders_v1.rtf
1438,2012-03-01,08:05,Light rain,Spring,"Email: someone writes, ""I saw your card at a yoga studio, can I try a small mood-based box."" They describe feeling nervous and say they're vegetarian. You confirm for tomorrow evening.",mushroom_Orders_v1.rtf
1439,2012-03-02,09:47,Grey clouds,Spring,"Contact form: ""For two, quiet Friday night, no meat."" They ask you to decide the quantity, around 20 EUR. You agree and set pickup around 19:30.",mushroom_Orders_v1.rtf
1440,2012-03-03,10:58,Weak sun,Spring,"SMS: ""Yesterday was great, can we repeat next week same time."" They mention they liked the size. You write ""same as 2.3"" in your notebook.",mushroom_Orders_v1.rtf
1441,2012-03-04,11:41,Overcast,Spring,"Email: ""Sunday, low mood, need something simple but not heavy."" They want enough for two small meals, vegan. You confirm pickup for late afternoon.",mushroom_Orders_v1.rtf
1442,2012-03-06,08:12,Grey drizzle,Spring,"Contact form: ""I'm curious but scared to waste food, can I get a very small box."" They say they eat everything except meat. You offer a test box for 10 EUR for Thursday.",mushroom_Orders_v1.rtf
1443,2012-03-07,10:36,Low clouds,Spring,SMS: recurring customer says they won't take a box this week because they still have leftovers. They apologize for short notice. You reply that it's okay and adjust quantities.,mushroom_Orders_v1.rtf
1444,2012-03-08,09:29,Light rain,Spring,Email: new person from Wedding asks if you can meet them near Gesundbrunnen station after work. They want a small vegetarian box. You answer that your route doesn't pass there this week and suggest they come to Kreuzberg instead.,mushroom_Orders_v1.rtf
1445,2012-03-09,08:01,Grey sky,Spring,"Contact form: ""I don't know much about mushrooms, just want something not scary."" They ask for one safe box, no strong bitterness. You confirm and note ""keep it simple.""",mushroom_Orders_v1.rtf
1446,2012-03-10,11:14,Weak sun,Spring,"SMS: ""Can we get enough for 4 people tonight, friends visiting."" They say one person is vegan. You reply that you can prepare a larger box if they come by 18:00.",mushroom_Orders_v1.rtf
1447,2012-03-11,10:17,Light fog,Spring,"Email: yesterday's group writes that it was a bit too much; they ask you to lower next time. They also say they liked the idea of mood-based selection. You log ""reduce quantity for group.""",mushroom_Orders_v1.rtf
1448,2012-03-13,08:25,Grey drizzle,Spring,"Contact form: ""Feel very tired, only me this week."" They request one very small box, vegan. You say you can make a mini portion for Wednesday evening.",mushroom_Orders_v1.rtf
1449,2012-03-14,10:52,Low clouds,Spring,"SMS: returning customer wants ""same as last time plus a bit more."" They've brought a friend into the idea. You confirm and bump up the weight slightly.",mushroom_Orders_v1.rtf
1450,2012-03-15,09:06,Light rain,Spring,"Email: someone asks vaguely for ""anything that fits rainy day mood,"" doesn't state how many people. You reply asking if it's for one or more before you commit. They answer it's for two dinners for one person.",mushroom_Orders_v1.rtf
1451,2012-03-16,08:19,Grey sky,Spring,"Contact form: ""I'm not sure if this is too weird, but my therapist mentioned you."" They want a very small test box. You accept and propose Saturday late afternoon pickup.",mushroom_Orders_v1.rtf
1452,2012-03-17,11:02,Weak sun,Spring,"SMS: customer from therapist referral is late and asks if 19:30 is still okay. You confirm and ask them to text when they are outside. They reply with a short ""Danke.""",mushroom_Orders_v1.rtf
1453,2012-03-18,10:27,Overcast,Spring,"Email: person from Prenzlauer Berg says they want to start a Sunday routine ""if you can handle it."" They suggest every second Sunday, one small vegetarian box. You agree but emphasize flexible timing.",mushroom_Orders_v1.rtf
1454,2012-03-20,08:04,Grey drizzle,Spring,"Contact form: ""Need something to avoid takeout this week, two small dinners, vegan."" They ask if Wednesday is too late to order. You reply that Wednesday is still fine if they confirm now.",mushroom_Orders_v1.rtf
1455,2012-03-21,10:41,Low clouds,Spring,"SMS: a customer asks to cancel because of sudden travel. They want to move their order to ""anytime next week."" You note ""cancelled, reschedule"" without a set date.",mushroom_Orders_v1.rtf
1456,2012-03-22,09:33,Light rain,Spring,"Email: ""Can I pick up at 21:00, I work late."" They want one small box, vegetarian. You say yes, but ask them not to ring after 21:15.",mushroom_Orders_v1.rtf
1457,2012-03-23,08:09,Grey sky,Spring,"Contact form: ""It's payday, I can afford a bigger box."" They ask for enough for three people, no dietary restrictions. You assemble a larger selection and confirm.",mushroom_Orders_v1.rtf
1458,2012-03-24,11:36,Weak sun,Spring,"SMS: ""Can we get the same as yesterday but half size, too much for us."" They say they liked the selection. You agree to reduce for next time.",mushroom_Orders_v1.rtf
1459,2012-03-25,10:19,Light fog,Spring,"Email: a couple wants a quiet Sunday box, vegetarian, for two nights. They ask you to ""keep it gentle."" You confirm and set pickup at 17:00.",mushroom_Orders_v1.rtf
1460,2012-03-27,08:22,Grey drizzle,Spring,"Contact form: ""I've been watching your work online, want to finally try."" They want a small single-person box, no onions. You confirm Thursday evening and send your address.",mushroom_Orders_v1.rtf
1461,2012-03-28,10:54,Low clouds,Spring,"SMS: returning customer asks if they can bring their own container to reduce packaging. You say yes and thank them. You also note ""bring box"" next to their name.",mushroom_Orders_v1.rtf
1462,2012-03-29,09:11,Light rain,Spring,"Email: person writes they feel unstable and are not eating regularly. They want a tiny portion, not too much at once. You agree and plan a very small box for Saturday.",mushroom_Orders_v1.rtf
1463,2012-03-30,08:16,Grey sky,Spring,"Contact form: ""Need something for a small dinner with a friend, vegetarian."" They ask you to choose quantity. You pick a medium size and confirm a 19:30 pickup.",mushroom_Orders_v1.rtf
1464,2012-03-31,11:43,Weak sun,Spring,"SMS: someone texts ""anything left for a last-minute small bag?"" They can come in one hour. You check stock and reply that you can put together one final mini box for today.",mushroom_Orders_v1.rtf
1465,2012-04-01,10:05,Light fog,Spring,"Email: repeat Sunday customer says they'd like to skip this week because they feel overloaded. They will return next Sunday. You mark ""pause"" for this date.",mushroom_Orders_v1.rtf
1466,2012-04-02,08:09,Grey drizzle,Spring,"Contact form: ""Mood: nervous before a new job, need small support."" They ask for one vegetarian box. You confirm and schedule for Tuesday evening.",mushroom_Orders_v1.rtf
1467,2012-04-03,10:41,Low clouds,Spring,"SMS: customer asks if you can prepare ""whatever you think fits a long work day,"" no meat. They want pickup at 20:30. You answer yes and note no extra details.",mushroom_Orders_v1.rtf
1468,2012-04-04,09:27,Light rain,Spring,Email from small cafe owner: they tasted your mushrooms at a friend's dinner and ask if you could supply 1–2 kg one weekend to test. They're unsure about dates. You reply asking which Saturday they have in mind.,mushroom_Orders_v1.rtf
1469,2012-04-05,08:21,Grey sky,Spring,"Contact form: ""I'm hosting one friend, we are both vegetarian and tired."" They want enough for two meals. You prepare a medium box and email pickup instructions.",mushroom_Orders_v1.rtf
1470,2012-04-06,10:53,Weak sun,Spring,"SMS: ""It's holiday time, are you working today?"" Customer asks for a small evening box if possible. You say yes, as long as pickup is before 19:00.",mushroom_Orders_v1.rtf
1471,2012-04-07,11:39,Light fog,Spring,Email: early cafe contact confirms they want a 1.5 kg trial next Saturday for their brunch. They ask for an approximate price. You answer with a rough estimate and confirm.,mushroom_Orders_v1.rtf
1472,2012-04-08,10:14,Overcast,Spring,"Contact form: ""Easter Sunday, staying in, want something light."" They are vegan and ask for a tiny portion. You confirm there is still capacity for one small box.",mushroom_Orders_v1.rtf
1473,2012-04-09,08:13,Grey drizzle,Spring,"Email: someone asks if they can make a ""standing"" Monday order every week in April, small box for one. Then they say they might skip some. You respond that you prefer they write each week but you can try.",mushroom_Orders_v1.rtf
1474,2012-04-10,10:49,Low clouds,Spring,SMS: Monday customer forgets to come and apologizes next morning. They ask if the box is still okay. You reply they can still pick it up today but you'd like earlier notice in future.,mushroom_Orders_v1.rtf
1475,2012-04-11,09:24,Light rain,Spring,"Contact form: ""I'm exhausted, want something for two quiet dinners."" Vegetarian, no more detail. You say yes and set Friday pickup.",mushroom_Orders_v1.rtf
1476,2012-04-12,08:37,Grey sky,Spring,"Email: cafe owner revises trial amount to 1 kg only, saying they're scared of leftovers. You agree and adjust the plan. Delivery remains Saturday morning.",mushroom_Orders_v1.rtf
1477,2012-04-13,09:15,Weak sun,Spring,"SMS: ""Tomorrow's pickup still ok? I didn't hear back."" You reply that everything is on track and remind them of the address. They send a quick confirmation.",mushroom_Orders_v1.rtf
1478,2012-04-14,08:51,Light fog,Spring,"Cafe trial: owner messages that 1 kg arrived and looks good. They'll report sales results on Monday. You note ""waiting for feedback.""",mushroom_Orders_v1.rtf
1479,2012-04-14,11:57,Overcast,Spring,"Contact form: ""Weekend, mood calm but low, want something small, vegan."" Pickup requested tonight. You confirm one small box is possible.",mushroom_Orders_v1.rtf
1480,2012-04-15,10:09,Grey drizzle,Spring,"Email: Sunday regular wants to restart after skipping last week, same size as before. They mention still feeling overwhelmed. You accept and confirm time.",mushroom_Orders_v1.rtf
1481,2012-04-16,08:04,Low clouds,Spring,Cafe writes that 1 kg sold out and they want to test 2 kg next Saturday. They ask if you can deliver 08:30. You agree and update quantity.,mushroom_Orders_v1.rtf
1482,2012-04-17,10:46,Light rain,Spring,"Contact form: ""First time, tiny appetite, interested in your approach."" They want just one very small box. You reply that you can make a micro order and propose Thursday.",mushroom_Orders_v1.rtf
1483,2012-04-18,09:35,Grey sky,Spring,"SMS: returning customer from January says they've been away and want to try again. One small vegetarian box, no garlic. You confirm Friday pickup.",mushroom_Orders_v1.rtf
1484,2012-04-19,08:29,Weak sun,Spring,"Email: person asks if they can buy a voucher for a friend, no fixed date. You say you can create a simple email voucher and that the friend should contact you directly when ready.",mushroom_Orders_v1.rtf
1485,2012-04-20,09:50,Light fog,Spring,"Contact form: ""Payday, want something for three dinners, vegan."" They're flexible on pickup time. You prepare a slightly larger box and suggest 18:30.",mushroom_Orders_v1.rtf
1486,2012-04-21,08:39,Overcast,Spring,Cafe trial #2: owner messages that 2 kg feels a bit risky but they want to see how it goes. They confirm payment on Monday. You log the volume and wait for their feedback.,mushroom_Orders_v1.rtf
1487,2012-04-21,11:33,Grey drizzle,Spring,"Email: private customer says they're ""done with supermarkets for this weekend"" and ask for a simple box for two meals. You confirm there is still stock and book them for 19:00.",mushroom_Orders_v1.rtf
1488,2012-04-22,10:22,Light rain,Spring,"Contact form: ""Sunday afternoon, low motivation, just me."" They ask for a small, gentle box. You reply that you can manage a mini portion for 17:00 pickup.",mushroom_Orders_v1.rtf
1489,2012-04-23,08:07,Low clouds,Spring,"Cafe writes that 2 kg was too much, they had leftovers. They want to try 1.5 kg next time. You adjust their standing test amount.",mushroom_Orders_v1.rtf
1490,2012-04-24,10:52,Weak sun,Spring,"Email: previous Monday idea collapses; customer says weekly is too much. They want ""sporadic"" orders instead. You remove them from any schedule.",mushroom_Orders_v1.rtf
1491,2012-04-25,09:11,Grey sky,Spring,"Contact form: ""Feel scattered, want a small box for mid-week."" Vegetarian. You suggest Thursday evening pickup and they accept.",mushroom_Orders_v1.rtf
1492,2012-04-26,08:33,Light drizzle,Spring,"SMS: ""I'm sick, can we cancel tonight."" They apologize and promise to reorder next month. You mark the box as cancelled and redistribute some stock.",mushroom_Orders_v1.rtf
1493,2012-04-27,09:26,Overcast,Spring,Email: new contact from a yoga teacher; they want a small order for 5–6 people for Sunday. Mostly plant-based group. You propose about 1.5 kg and ask for confirmation.,mushroom_Orders_v1.rtf
1494,2012-04-28,11:41,Weak sun,Spring,"Contact form: ""I'm curious, please just make something small for one."" They say they eat mostly vegan. You confirm a 19:30 pickup.",mushroom_Orders_v1.rtf
1495,2012-04-29,10:18,Light fog,Spring,Yoga teacher confirms 1.5 kg and says they'll pick it up themselves. They ask for simple labeling. You agree and write their name on the crate.,mushroom_Orders_v1.rtf
1496,2012-04-30,08:15,Grey drizzle,Spring,Email: Sunday customer says the box was a bit big and asks to go slightly smaller next time. They still want to keep the overall style. You adjust quantity in your notes.,mushroom_Orders_v1.rtf
1497,2012-05-01,09:02,Overcast,Spring,"Contact form: holiday inquiry, ""If you're working today, I'd like a small box for two, vegetarian."" You reply that you're limited but can do one extra order if pickup is early evening.",mushroom_Orders_v1.rtf
1498,2012-05-02,08:17,Weak sun,Spring,SMS: returning customer wants to try twice this month instead of once. They ask you to choose the dates. You propose this Friday and the last Friday of the month.,mushroom_Orders_v1.rtf
1499,2012-05-03,09:44,Light rain,Spring,"Email: small cafe writes that they liked earlier tests and want to settle on 1.5 kg every second Saturday. They admit they might cancel occasionally. You accept, emphasizing clear messages before Thursday each time.",mushroom_Orders_v1.rtf
1500,2012-05-04,08:28,Grey sky,Spring,"Contact form: ""First warm days, I feel restless, need something not too heavy."" They ask for a small vegan box. You confirm and propose Sunday pickup.",mushroom_Orders_v1.rtf
1501,2012-05-05,10:53,Light clouds,Spring,"SMS: cafe confirms today's 1.5 kg and asks if you can come at 09:00. You adjust your timing and answer ""okay, 09:00 door.""",mushroom_Orders_v1.rtf
1502,2012-05-06,10:12,Mild sun,Spring,"Email: customer from January reappears, wants to try again with a slightly larger box for two. They say their budget is around 25 EUR. You agree and schedule Wednesday.",mushroom_Orders_v1.rtf
1503,2012-05-07,08:06,Light rain,Spring,"Contact form: ""Need something to stop me from ordering pizza all week."" They want enough for three simple dinners, vegetarian. You confirm a medium-large box and suggest Friday pickup.",mushroom_Orders_v1.rtf
1504,2012-05-08,10:38,Weak sun,Spring,"SMS: someone asks if they can pick up during your forest return, near a park. You say this week it's too chaotic and ask them to come to your address instead. They accept.",mushroom_Orders_v1.rtf
1505,2012-05-09,09:21,Overcast,Spring,"Email: yoga teacher wants a repeat of last 1.5 kg, same timing. They mention slightly more people signed up but they'll adjust portions. You confirm.",mushroom_Orders_v1.rtf
1506,2012-05-10,08:39,Light rain,Spring,"Contact form: ""Friend told me to write you '91mood: shaky, no meat, little appetite'."" They want a tiny box. You respond that you can do a small portion for Saturday.",mushroom_Orders_v1.rtf
1507,2012-05-11,09:35,Grey sky,Spring,"SMS: recurring Friday customer says they must cancel last minute, car broke down. They ask if you can hold the box until Sunday. You agree, warning that freshness will be slightly reduced.",mushroom_Orders_v1.rtf
1508,2012-05-12,11:51,Mild sun,Spring,Email: cafe cancels this weekend's 1.5 kg due to low brunch reservations. They ask not to lose the spot for later weeks. You confirm and reallocate stock to private orders.,mushroom_Orders_v1.rtf
1509,2012-05-13,10:28,Light clouds,Spring,"Contact form: ""Mother's Day, small veggie box for two."" They want something calm, no heavy flavors. You confirm pickup in the evening.",mushroom_Orders_v1.rtf
1510,2012-05-14,08:14,Light rain,Spring,"Email: someone asks if you can prepare a weekly Monday box ""until I say stop,"" for one person. You agree but remind them to let you know any time the amount feels wrong.",mushroom_Orders_v1.rtf
1511,2012-05-15,10:57,Weak sun,Spring,"SMS: Monday client says first box was too much; they want 30% less next time. You adjust quantity and reply ""noted, smaller next Monday.""",mushroom_Orders_v1.rtf
1512,2012-05-16,09:03,Overcast,Spring,"Contact form: ""I feel scattered, want a one-time box to test."" Vegetarian, they ask for Friday. You confirm and send details.",mushroom_Orders_v1.rtf
1513,2012-05-17,08:26,Light drizzle,Spring,Email: yoga teacher asks if you can add 0.5 kg for this Sunday because sign-ups increased. You say you'll try and confirm later based on harvest.,mushroom_Orders_v1.rtf
1514,2012-05-18,09:40,Light clouds,Spring,SMS: returning customer wants enough for four people for a small gathering. They mention one guest is gluten-free. You acknowledge and plan a slightly larger box.,mushroom_Orders_v1.rtf
1515,2012-05-19,11:18,Mild sun,Spring,"Email: cafe trial goes again; they confirm 1.5 kg delivered and say sales were ""okay, but not amazing."" They want to pause for June and reconsider later. You note ""pause cafe"" from next month.",mushroom_Orders_v1.rtf
1516,2012-05-20,10:36,Light clouds,Spring,"Contact form: ""Sunday mood okay, want something simple for next two evenings."" Vegetarian, small budget. You confirm a modest box and propose pickup at 18:00.",mushroom_Orders_v1.rtf
1517,2012-05-21,08:02,Light rain,Spring,Email: Monday client says the new smaller size felt better and they'd like to keep it. You mark that as their standard amount and confirm.,mushroom_Orders_v1.rtf
1518,2012-05-22,10:42,Weak sun,Spring,"SMS: sporadic customer asks if any slot is free this week, ""tiny box only."" You check and answer that Thursday is possible. They agree.",mushroom_Orders_v1.rtf
1519,2012-05-23,09:32,Overcast,Spring,"Contact form: ""I'm sleeping badly, not hungry, want a very small portion."" Vegan. You prepare a micro box for Friday and send confirmation.",mushroom_Orders_v1.rtf
1520,2012-05-24,08:30,Light drizzle,Spring,Email: someone asks if you offer any discounts for students. They want a small test box. You answer you can scale quantity to their budget rather than discount the price per weight.,mushroom_Orders_v1.rtf
1521,2012-05-25,09:58,Mild sun,Spring,"SMS: group of friends wants enough for five people tomorrow, mostly vegetarian. They ask for price estimate first. You send a simple range and wait for confirmation.",mushroom_Orders_v1.rtf
1522,2012-05-26,11:26,Light clouds,Spring,"Email: they confirm the group order and share one guest has nut allergy. You note ""no nuts anywhere"" for that box and confirm pickup time.",mushroom_Orders_v1.rtf
1523,2012-05-27,10:44,Light rain,Spring,"Contact form: ""Rainy Sunday, just me, very small appetite."" They ask for a tiny vegan box. You agree and set a narrow pickup window.",mushroom_Orders_v1.rtf
1524,2012-05-28,08:11,Weak sun,Spring,Email: Monday client is happy and suggests they might continue into June. They ask you to let them know if it becomes too much for you. You acknowledge and keep the arrangement.,mushroom_Orders_v1.rtf
1525,2012-05-29,10:49,Overcast,Spring,"SMS: a new person heard about you from coworker and wants a one-time small box, vegetarian. They say they're afraid to commit to more. You confirm and propose Friday.",mushroom_Orders_v1.rtf
1526,2012-05-30,09:25,Light drizzle,Spring,"Contact form: ""End of month, I have little money left, but I want something small."" They mention 10 EUR as max. You reply that you can offer a mini box at that price.",mushroom_Orders_v1.rtf
1527,2012-05-31,08:23,Light clouds,Spring,Email: yoga teacher plans June and asks if you can support two events with 2 kg each. You say yes but ask for final numbers a week before each date.,mushroom_Orders_v1.rtf
1528,2012-06-01,08:07,Weak sun,Summer,"Contact form: ""First day of June, feeling hopeful but tired."" They want a small vegetarian box for the weekend. You confirm for Saturday pickup.",mushroom_Orders_v1.rtf
1529,2012-06-02,11:12,Light clouds,Summer,"SMS: returning group from May wants a similar box for four, but slightly less this time. They're still mostly vegetarian. You agree and adjust the total weight.",mushroom_Orders_v1.rtf
1530,2012-06-03,10:19,Overcast,Summer,"Email: Sunday regular cancels for this week, says they're traveling. They confirm they'll be back mid-June. You mark ""skip"" for this date.",mushroom_Orders_v1.rtf
1531,2012-06-04,08:15,Light rain,Summer,Email: Monday client says they want to pause for two weeks due to busy work. You confirm and free that slot in your planning.,mushroom_Orders_v1.rtf
1532,2012-06-05,10:38,Weak sun,Summer,"Contact form: ""Feeling scattered, three dinners, vegan."" They ask you to decide how much. You prepare a moderate box and propose Thursday pickup.",mushroom_Orders_v1.rtf
1533,2012-06-06,09:01,Light clouds,Summer,"SMS: new customer from Wedding asks if you pass through their neighborhood. You answer that you don't, but they can pick up near Kottbusser Tor. They agree for Friday evening.",mushroom_Orders_v1.rtf
1534,2012-06-07,08:29,Grey sky,Summer,"Email: yoga teacher confirms first June event, 2 kg, mostly plant-based participants. They ask for simple labeling with date and ""yoga brunch."" You agree.",mushroom_Orders_v1.rtf
1535,2012-06-08,09:45,Mild sun,Summer,"Contact form: ""Friday, I want to avoid restaurants, small box for two nights."" Vegetarian. You confirm for tonight and keep the amount modest.",mushroom_Orders_v1.rtf
1536,2012-06-09,11:19,Light clouds,Summer,"SMS: cafe that paused in June decides to fully stop for now, saying sales were unstable. They thank you and say they may come back in autumn. You note ""cafe off"" in your sheet.",mushroom_Orders_v1.rtf
1537,2012-06-10,10:31,Weak sun,Summer,Email: yoga teacher picks up 2 kg and later says it was slightly too much but okay. They suggest keeping the same for the next event. You record that.,mushroom_Orders_v1.rtf
1538,2012-06-11,08:08,Light rain,Summer,"Contact form: ""Back from holiday, want a re-start box, just one meal."" Vegan. You offer a very small test order for Wednesday.",mushroom_Orders_v1.rtf
1539,2012-06-12,10:53,Light clouds,Summer,"SMS: sporadic customer asks for a spontaneous tiny box for today, but doesn't specify time. You reply asking them for a clear window; they confirm 19:30.",mushroom_Orders_v1.rtf
1540,2012-06-13,09:24,Overcast,Summer,"Email: someone wants to book a box for their partner's birthday dinner, two people, vegetarian. They ask if you can write their partner's name on the bag. You agree.",mushroom_Orders_v1.rtf
1541,2012-06-14,08:32,Weak sun,Summer,"Contact form: ""I can't eat much, just want something to not skip food entirely."" They request a micro box, vegan. You confirm and propose Saturday.",mushroom_Orders_v1.rtf
1542,2012-06-15,09:57,Light clouds,Summer,SMS: group from earlier wants a slightly bigger order for six people this time. They mention one friend avoids gluten. You prepare a larger box and confirm.,mushroom_Orders_v1.rtf
1543,2012-06-16,11:21,Mild sun,Summer,Email: they follow up saying it was still too much and ask to go back to four-person size next time. You make a note to reduce future group orders.,mushroom_Orders_v1.rtf
1544,2012-06-17,10:14,Weak sun,Summer,"Contact form: ""Sunday, small appetite, one person."" They want something that keeps in fridge for one extra day. You accept and suggest they pick up early evening.",mushroom_Orders_v1.rtf
1545,2012-06-18,08:06,Light rain,Summer,"Email: Monday client returns after two weeks, wants same reduced size as before. They mention feeling less stressed. You confirm.",mushroom_Orders_v1.rtf
1546,2012-06-19,10:48,Light clouds,Summer,"SMS: previous buyer asks if you can prepare a mini box for their colleague as well, same style, different day. You say yes, asking the colleague to email you directly.",mushroom_Orders_v1.rtf
1547,2012-06-20,09:29,Overcast,Summer,"Contact form: ""I saw your flyer at a market, curious but cautious."" They want just enough for one small meal, vegetarian. You confirm for Friday.",mushroom_Orders_v1.rtf
1548,2012-06-21,08:37,Weak sun,Summer,Email: yoga teacher confirms second June event and asks if you can slightly reduce from 2 kg to 1.7 kg. You approximate this by adjusting your picking list.,mushroom_Orders_v1.rtf
1549,2012-06-22,09:52,Mild sun,Summer,"Contact form: ""Weekend ahead, two people, we're both tired."" They ask for a basic box, not too experimental. You confirm.",mushroom_Orders_v1.rtf
1550,2012-06-23,11:39,Light clouds,Summer,SMS: person from Wedding missed pickup; they apologize and ask if they can still come Sunday morning. You say yes but warn quality might be slightly lower.,mushroom_Orders_v1.rtf
1551,2012-06-24,10:26,Weak sun,Summer,"Email: Sunday regular says they want to pause again for July. They mention their schedule is unpredictable. You mark ""no July"" for them.",mushroom_Orders_v1.rtf
1552,2012-06-25,08:10,Light rain,Summer,"Contact form: ""Need something tiny for after therapy session."" Vegan, one person. You propose Wednesday and keep it very small.",mushroom_Orders_v1.rtf
1553,2012-06-26,10:51,Light clouds,Summer,SMS: Monday client asks if they can switch to Tuesdays starting next week. You agree and mark the change in your notes.,mushroom_Orders_v1.rtf
1554,2012-06-27,09:16,Overcast,Summer,"Email: someone wants a ""one-time experiment"" for three, unsure about diet, just ""mostly vegetarian."" You confirm and schedule Friday.",mushroom_Orders_v1.rtf
1555,2012-06-28,08:42,Weak sun,Summer,"Contact form: ""I forgot to say I don't eat onions, sorry."" They refer to tomorrow's order. You adjust and confirm the change.",mushroom_Orders_v1.rtf
1556,2012-06-29,09:59,Mild sun,Summer,"SMS: group order for three goes out; later they message that it was ""just enough."" They ask to repeat in July once. You mark them for a tentative July date.",mushroom_Orders_v1.rtf
1557,2012-06-30,11:36,Light clouds,Summer,"Email: yoga teacher closes June, says both events worked well and they want to plan again after summer. You note potential autumn events.",mushroom_Orders_v1.rtf
1558,2012-07-01,10:13,Weak sun,Summer,"Contact form: ""New month, I want to try a small weekly box for July."" Single person, vegetarian. You accept but clarify that weekly may shift depending on your schedule.",mushroom_Orders_v1.rtf
1559,2012-07-02,08:03,Light rain,Summer,Email: Tuesday client confirms they're switching from Monday and request same size. You approve and set up the new rhythm.,mushroom_Orders_v1.rtf
1560,2012-07-03,10:49,Light clouds,Summer,"SMS: someone asks for a box ""before I leave Berlin for a month,"" small, vegan. You agree and book Friday evening.",mushroom_Orders_v1.rtf
1561,2012-07-04,09:23,Overcast,Summer,"Contact form: ""I'm very anxious, don't want to think about food."" They ask you to decide everything, one person, small portion. You confirm.",mushroom_Orders_v1.rtf
1562,2012-07-05,08:30,Weak sun,Summer,"Email: small cafe that stopped in June asks if they can try 1 kg once in July, just to see. You accept and suggest mid-month Saturday.",mushroom_Orders_v1.rtf
1563,2012-07-06,09:37,Mild sun,Summer,"Contact form: ""Two friends staying over, we are mostly vegetarian."" They ask for 2–3 portions. You confirm and propose Sunday pickup.",mushroom_Orders_v1.rtf
1564,2012-07-07,11:48,Light clouds,Summer,SMS: weekly July customer says the first box felt a bit small; they'd like slightly more next time. You adjust their portion size.,mushroom_Orders_v1.rtf
1565,2012-07-08,10:29,Weak sun,Summer,"Email: someone wants a single Sunday box for one, vegan, says they're ""recovering from a rough week."" You confirm and keep the amount modest.",mushroom_Orders_v1.rtf
1566,2012-07-09,08:05,Light rain,Summer,"Contact form: ""I want to test your box for two, no meat, no garlic."" They ask for mid-week. You set Wednesday as pickup.",mushroom_Orders_v1.rtf
1567,2012-07-10,10:41,Light clouds,Summer,SMS: Tuesday client says they might skip next week because they're away. You mark that date free and confirm.,mushroom_Orders_v1.rtf
1568,2012-07-11,09:12,Overcast,Summer,"Email: person asks if you can do a box for five people next Saturday, a small home gathering. Mixed diets, but mostly vegetarian. You agree and give a price estimate.",mushroom_Orders_v1.rtf
1569,2012-07-12,08:32,Weak sun,Summer,"Contact form: ""Just me, very small appetite, hot days."" They ask for a tiny vegan portion. You prepare a micro box for Friday.",mushroom_Orders_v1.rtf
1570,2012-07-13,09:59,Mild sun,Summer,SMS: group of five confirms and adds that one person is lactose intolerant. You avoid dairy in that box and confirm pickup time.,mushroom_Orders_v1.rtf
1571,2012-07-14,11:27,Light clouds,Summer,"Email: cafe trial of 1 kg happens; they later report sales were okay but still uncertain. They decide to not commit regularly yet. You log ""no stable cafe order.""",mushroom_Orders_v1.rtf
1572,2012-07-15,10:24,Weak sun,Summer,"Contact form: ""Sunday, low social energy, just one person."" They request a small portion. You confirm for early evening.",mushroom_Orders_v1.rtf
1573,2012-07-16,08:09,Light rain,Summer,Email: July weekly customer writes that the second box size was perfect. They ask to keep that amount. You note this as fixed.,mushroom_Orders_v1.rtf
1574,2012-07-17,10:45,Light clouds,Summer,"SMS: someone asks if they can get a box for their parents visiting, two people, vegetarian. They need it Thursday. You agree and put them on the list.",mushroom_Orders_v1.rtf
1575,2012-07-18,09:19,Overcast,Summer,"Contact form: ""I can't cook much, have low capacity."" They still want something small, vegan. You confirm a simple small portion, ready Friday.",mushroom_Orders_v1.rtf
1576,2012-07-19,08:35,Weak sun,Summer,"Email: person says they're not sure if July weekly rhythm is too much for them; they may pause August. You reply that pausing is fine, just let you know by end of July.",mushroom_Orders_v1.rtf
1577,2012-07-20,09:55,Mild sun,Summer,"Contact form: ""Weekend box for three, no strict rules, just no meat."" They want Saturday pickup. You confirm and estimate the price.",mushroom_Orders_v1.rtf
1578,2012-07-21,11:40,Light clouds,Summer,"SMS: group for three arrives late and asks if you can stay 30 minutes longer. You accept once, but mention by message that next times need clearer timing.",mushroom_Orders_v1.rtf
1579,2012-07-22,10:33,Weak sun,Summer,"Email: yoga teacher from spring reappears, thinking of an August weekend event with 2 kg. You say you're open but ask for exact date and number of people.",mushroom_Orders_v1.rtf
1580,2012-07-23,08:13,Light rain,Summer,"Contact form: ""I'm back from travel, want the same tiny box as months ago."" Single, vegan. You check old notes and agree.",mushroom_Orders_v1.rtf
1581,2012-07-24,10:52,Light clouds,Summer,SMS: Tuesday client confirms they're skipping this week and will return next. You note the gap and adjust picking list.,mushroom_Orders_v1.rtf
1582,2012-07-25,09:28,Overcast,Summer,"Email: person wants a spontaneous mid-week box for two, tonight, but doesn't give dietary info. You respond asking if there are any basic restrictions before confirming.",mushroom_Orders_v1.rtf
1583,2012-07-26,08:44,Weak sun,Summer,"Contact form: ""Mood: scattered, low hunger, just one tiny portion."" They want pickup Friday. You confirm micro quantity.",mushroom_Orders_v1.rtf
1584,2012-07-27,09:48,Mild sun,Summer,"SMS: group from earlier in month asks for repeat five-person box, same budget. You agree but remind them last time was a bit much; they say they'll invite another friend.",mushroom_Orders_v1.rtf
1585,2012-07-28,11:37,Light clouds,Summer,Email: they later report that the group actually was smaller and they had leftovers again. They ask you to strongly reduce future group size. You update their profile.,mushroom_Orders_v1.rtf
1586,2012-07-29,10:21,Weak sun,Summer,"Contact form: ""Hot day, I barely want to eat, but need something."" Vegan. You offer a small box that doesn't overload them.",mushroom_Orders_v1.rtf
1587,2012-07-30,08:05,Light rain,Summer,Email: weekly July customer confirms they'll pause for August entirely and resume maybe in September. You mark them as inactive for next month.,mushroom_Orders_v1.rtf
1588,2012-07-31,10:41,Light clouds,Summer,"SMS: person asks for any leftover mini box for tonight, last day of month. You check and can offer a very small one if they pick up before 20:00.",mushroom_Orders_v1.rtf
1589,2012-08-01,08:11,Weak sun,Summer,"Contact form: ""New month, first time ordering, two vegetarians."" They ask for enough for two meals. You confirm for Friday.",mushroom_Orders_v1.rtf
1590,2012-08-02,10:53,Light clouds,Summer,SMS: Tuesday client asks if they can try one August box instead of pausing fully. You agree on a single mid-month date.,mushroom_Orders_v1.rtf
1591,2012-08-03,09:27,Overcast,Summer,Email: yoga teacher confirms August event with 2 kg and mostly plant-based participants. They ask for simple label again. You agree.,mushroom_Orders_v1.rtf
1592,2012-08-04,11:16,Mild sun,Summer,"Contact form: ""Weekend, small appetite, just one portion."" Vegan. You confirm a tiny box and note their name as new.",mushroom_Orders_v1.rtf
1593,2012-08-05,10:37,Weak sun,Summer,"Email: person from Wedding asks if you can meet at a different U-Bahn, easier for them. You negotiate and find a time at Schönleinstra 'dfe tomorrow.",mushroom_Orders_v1.rtf
1594,2012-08-06,08:03,Light rain,Summer,"SMS: Monday-style client reappears only for this week, wants their usual small box. You confirm and mark it as one-time.",mushroom_Orders_v1.rtf
1595,2012-08-07,10:42,Light clouds,Summer,"Contact form: ""I'm working late, can pickup at 21:30, one vegetarian box."" You accept and ask them to text just before ringing.",mushroom_Orders_v1.rtf
1596,2012-08-08,09:15,Overcast,Summer,"Email: group wants enough for five on Friday, but cheap. You explain you can only adjust by reducing quantity, not lowering price per gram. They agree to a slightly smaller box.",mushroom_Orders_v1.rtf
1597,2012-08-09,08:26,Weak sun,Summer,"Contact form: ""Mood: restless, not sure about food."" They want just one meal for themselves. You confirm and plan a modest box.",mushroom_Orders_v1.rtf
1598,2012-08-10,09:44,Mild sun,Summer,"SMS: someone asks if they can split one box between two evenings for themselves. You say yes, and that you'll keep overall quantity small. They confirm.",mushroom_Orders_v1.rtf
1599,2012-08-11,11:30,Light clouds,Summer,"Email: yoga teacher picks up 2 kg and later says the amount was slightly heavy but manageable. They plan to repeat same size later in year. You log ""2 kg fine.""",mushroom_Orders_v1.rtf
1600,2012-08-12,10:25,Weak sun,Summer,"Contact form: ""Sunday, want to avoid restaurants, just one or two meals."" Vegetarian. You confirm for evening pickup and keep amount moderate.",mushroom_Orders_v1.rtf
1601,2012-08-13,08:09,Light rain,Summer,Email: returning cafe from spring asks if you have any capacity in late August for 1 kg again. You answer you can fit one more test weekend.,mushroom_Orders_v1.rtf
1602,2012-08-14,10:49,Light clouds,Summer,"SMS: Tuesday client takes their one August box and later texts it felt good to return. They still don't commit to a full schedule. You note ""occasional only.""",mushroom_Orders_v1.rtf
1603,2012-08-15,09:22,Overcast,Summer,"Contact form: ""First time, I'm vegan and sensitive, please tiny box."" You accept and suggest Friday 18:30 pickup.",mushroom_Orders_v1.rtf
1604,2012-08-16,08:34,Weak sun,Summer,"Email: someone asks if they can have a one-off box for a date night for two, vegetarian. They mention wanting something light. You confirm and note the date.",mushroom_Orders_v1.rtf
1605,2012-08-17,09:58,Mild sun,Summer,"Contact form: ""Need box for three friends, informal, mostly plant-based."" They're flexible on time. You assemble a medium box and propose 19:00 pickup.",mushroom_Orders_v1.rtf
1606,2012-08-18,11:41,Light clouds,Summer,"SMS: cafe test weekend 1 kg goes out; later they report sales were low because of hot weather. They decide to skip September. You mark ""no follow-up.""",mushroom_Orders_v1.rtf
1607,2012-08-19,10:32,Weak sun,Summer,Email: Sunday regular (on/off) writes that they'd like a one-time box next week but then pause until October. You schedule one date and mark longer break.,mushroom_Orders_v1.rtf
1608,2012-08-20,08:07,Light rain,Summer,"Contact form: ""I keep forgetting to eat, can I get a mid-week box for one."" Vegan, small. You confirm for Wednesday.",mushroom_Orders_v1.rtf
1609,2012-08-21,10:54,Light clouds,Summer,"SMS: group from earlier in summer wants a last meeting before people leave town, enough for four people. You agree and pack a slightly smaller size than in June.",mushroom_Orders_v1.rtf
1610,2012-08-22,09:31,Overcast,Summer,"Email: they later write that this reduced size was better. They say if they order again, they'll stick to that. You update their typical quantity.",mushroom_Orders_v1.rtf
1611,2012-08-23,08:43,Weak sun,Summer,"Contact form: ""Just a tiny experiment, I don't know if this is for me."" One person, minimal box. You accept and propose Saturday.",mushroom_Orders_v1.rtf
1612,2012-08-24,09:42,Mild sun,Summer,"SMS: someone asks if they can pick up at lunch break, 13:00, because evening is full. You check your schedule and say yes for this Friday only.",mushroom_Orders_v1.rtf
1613,2012-08-25,11:29,Light clouds,Summer,"Email: yoga teacher floats an idea of a September retreat but not sure yet. They ask if you'd be in principle available. You say ""probably"" but ask for exact dates before committing.",mushroom_Orders_v1.rtf
1614,2012-08-26,10:18,Weak sun,Summer,"Contact form: ""Sunday, low budget, 10–12 EUR, vegan."" They still want something mood-based. You design a micro box within that budget.",mushroom_Orders_v1.rtf
1615,2012-08-27,08:12,Light rain,Summer,Email: Monday-style clients remain paused; one writes they may not restart at all. You acknowledge and close their recurring entry.,mushroom_Orders_v1.rtf
1616,2012-08-28,10:47,Light clouds,Summer,"SMS: person asks if they can order ""the same as last month around this time"" but you can't find clear notes. You reply asking which date and size they mean. They clarify with an approximate description.",mushroom_Orders_v1.rtf
1617,2012-08-29,09:28,Overcast,Summer,"Contact form: ""Tiny appetite, just me."" Vegan, wants pickup Friday. You confirm and label it as ""micro.""",mushroom_Orders_v1.rtf
1618,2012-08-30,08:37,Weak sun,Summer,"Email: cafe that tried twice decides to fully stop for now, thanks you again. Operationally you update your B2B list. Capacity opens for private orders.",mushroom_Orders_v1.rtf
1619,2012-08-31,09:51,Mild sun,Summer,"Contact form: ""End of summer, want one last small box for two dinners."" Vegetarian. You confirm tonight and close August with that order.",mushroom_Orders_v1.rtf
1620,2012-09-01,10:15,Light clouds,Autumn,"Email: someone wants to start ""September Sundays,"" small box every second Sunday. One person, vegetarian. You agree but keep it informal, no contract.",mushroom_Orders_v1.rtf
1621,2012-09-02,11:04,Cool clouds,Autumn,"Contact form: ""Feeling drained, want something calming, vegan."" They ask for a one-time small order. You confirm pickup at 18:00.",mushroom_Orders_v1.rtf
1622,2012-09-03,08:06,Overcast,Autumn,SMS: group from August thanks you and says they likely won't order again until next year. You log them as inactive but keep their notes.,mushroom_Orders_v1.rtf
1623,2012-09-04,10:49,Light drizzle,Autumn,Email: person asks if mushrooms are changing now with the season and if that affects your boxes. They want a small box for Friday regardless. You answer briefly and confirm.,mushroom_Orders_v1.rtf
1624,2012-09-05,09:19,Cool grey,Autumn,"Contact form: ""I am very tired, low appetite, vegetarian."" They request a tiny portion. You propose Thursday evening.",mushroom_Orders_v1.rtf
1625,2012-09-06,08:33,Light rain,Autumn,"SMS: new number asks for a small box and says ""I trust you, do whatever,"" no diet info. You reply asking at least if they eat meat; they say no. You confirm.",mushroom_Orders_v1.rtf
1626,2012-09-07,09:40,Overcast,Autumn,Email: yoga teacher confirms one September retreat weekend with 2.5 kg. They anticipate more participants. You agree and mark the date.,mushroom_Orders_v1.rtf
1627,2012-09-08,11:30,Cool sun,Autumn,"Contact form: ""First autumn weekend, me and one friend, vegetarian."" They ask you to choose amount for 20 EUR. You assemble and confirm.",mushroom_Orders_v1.rtf
1628,2012-09-09,10:23,Light clouds,Autumn,Email: September Sunday customer misses their first planned date and apologizes. They ask to restart next week. You accept and make a note.,mushroom_Orders_v1.rtf
1629,2012-09-10,08:10,Grey sky,Autumn,"Contact form: ""I've been meaning to try this since spring."" They want a small vegan box, no strong herbs. You confirm Wednesday.",mushroom_Orders_v1.rtf
1630,2012-09-11,10:52,Light drizzle,Autumn,SMS: former Tuesday client sends a goodbye message; they're moving away. They thank you for the months of boxes. You close their entry.,mushroom_Orders_v1.rtf
1631,2012-09-12,09:27,Overcast,Autumn,"Email: someone requests a box for four people for Saturday, mostly vegetarian. They ask whether you can split into two paper bags. You agree.",mushroom_Orders_v1.rtf
1632,2012-09-13,08:43,Light rain,Autumn,"Contact form: ""Tiny order, recovering from illness, no heavy load."" Vegan. You plan a very light box for Friday.",mushroom_Orders_v1.rtf
1633,2012-09-14,09:53,Cool clouds,Autumn,SMS: yoga teacher double-checks 2.5 kg for retreat and asks you to label crates clearly with date. You confirm.,mushroom_Orders_v1.rtf
1634,2012-09-15,11:42,Cool sun,Autumn,Email: new cafe in Friedrichshain inquires if you can supply 1–2 kg once in October. They just want to know if principle is possible. You say yes but ask for specific weekend.,mushroom_Orders_v1.rtf
1635,2012-09-16,10:37,Light clouds,Autumn,"Contact form: ""Sunday, low social battery, just one meal."" Vegetarian. You confirm for early evening.",mushroom_Orders_v1.rtf
1636,2012-09-17,08:05,Overcast,Autumn,Email: Sunday September customer says their first actual box felt right in size. They ask to keep it stable for now. You mark size as fixed.,mushroom_Orders_v1.rtf
1637,2012-09-18,10:45,Light drizzle,Autumn,"SMS: person asks for a one-time ""testing"" box for two, mid-week. You confirm Thursday and ask if there are any allergies. They reply ""no.""",mushroom_Orders_v1.rtf
1638,2012-09-19,09:29,Grey sky,Autumn,"Contact form: ""I'm on a tight budget, 12 EUR max, vegan."" They still want mood-based selection. You adjust quantity accordingly.",mushroom_Orders_v1.rtf
1639,2012-09-20,08:34,Light rain,Autumn,"Email: yoga retreat weekend participants increase, teacher asks if you can go up to 3 kg. You accept but note ""upper limit"" in your head.",mushroom_Orders_v1.rtf
1640,2012-09-21,09:50,Cool clouds,Autumn,"Contact form: ""Friday, need something for two calm dinners, vegetarian."" They request pickup at 19:00. You confirm.",mushroom_Orders_v1.rtf
1641,2012-09-22,11:36,Cool sun,Autumn,"SMS: one participant from retreat separately asks for a tiny box for home, vegan. You say you can spare a small portion if they pick up after the event. They agree.",mushroom_Orders_v1.rtf
1642,2012-09-23,10:15,Light clouds,Autumn,Email: Sunday customer delays pickup by two hours and wants to make sure that's okay. You confirm and keep the box in the fridge.,mushroom_Orders_v1.rtf
1643,2012-09-24,08:03,Overcast,Autumn,"Contact form: ""Weekend box was a bit big, can we reduce next time."" Single, vegetarian. You adjust their amount down.",mushroom_Orders_v1.rtf
1644,2012-09-25,10:51,Light drizzle,Autumn,SMS: cafe from Friedrichshain confirms they want 1.5 kg on a specific October Saturday. They send their address. You log it under B2B.,mushroom_Orders_v1.rtf
1645,2012-09-26,09:33,Grey sky,Autumn,"Email: person wants a tiny box for after therapy on Friday, vegan. They emphasize not too much quantity. You answer that you'll keep it small.",mushroom_Orders_v1.rtf
1646,2012-09-27,08:42,Light rain,Autumn,"Contact form: ""I think I over-ordered last time, this time please half size."" They still want two dinners' worth for one. You calibrate accordingly.",mushroom_Orders_v1.rtf
1647,2012-09-28,09:58,Cool clouds,Autumn,"SMS: group order for four asks for 18:30 pickup instead of 19:00. You adjust and reply ""ok, 18:30.""",mushroom_Orders_v1.rtf
1648,2012-09-29,11:40,Cool sun,Autumn,"Email: yoga teacher reports retreat went smoothly with 3 kg, maybe slightly abundant. They suggest 2.7 kg next time. You record the detail.",mushroom_Orders_v1.rtf
1649,2012-09-30,10:22,Light clouds,Autumn,"Contact form: ""End of month, want a small grounding box, vegan."" They request a narrow pickup window. You confirm and schedule.",mushroom_Orders_v1.rtf
1650,2012-10-01,08:09,Overcast,Autumn,Email: Sunday September customer says they want to continue in October but only twice. You plan two Sundays and mark the rest as open.,mushroom_Orders_v1.rtf
1651,2012-10-02,10:48,Light drizzle,Autumn,"SMS: one-off customer from summer returns, asking for a small vegetarian box before a stressful week. You confirm Thursday pickup.",mushroom_Orders_v1.rtf
1652,2012-10-03,09:05,Cool grey,Autumn,"Contact form: ""Public holiday, if you work I'd like a box for two."" They mention being mostly vegetarian. You say you can fit one extra order in.",mushroom_Orders_v1.rtf
1653,2012-10-04,08:29,Light rain,Autumn,Email: cafe in Friedrichshain asks if October 13th 1.5 kg is still okay. You confirm and remind them of rough price. They agree.,mushroom_Orders_v1.rtf
1654,2012-10-05,09:47,Cool clouds,Autumn,"Contact form: ""Feeling scattered, three dinners, vegan, nothing extreme."" They want Sunday collection. You accept and set time.",mushroom_Orders_v1.rtf
1655,2012-10-06,11:33,Cool sun,Autumn,"SMS: new person asks for a micro order, says they ""want to see what it's like without committing."" You agree to a tiny box and schedule for Monday.",mushroom_Orders_v1.rtf
1656,2012-10-07,10:19,Light clouds,Autumn,"Email: Sunday customer says today's box was perfect, wants the same next time. You mark ""copy 7.10 size"" for their profile.",mushroom_Orders_v1.rtf
1657,2012-10-08,08:02,Overcast,Autumn,"Contact form: ""Monday, low appetite, just me."" Vegan, wants something easily stored one extra day. You confirm.",mushroom_Orders_v1.rtf
1658,2012-10-09,10:54,Light drizzle,Autumn,"SMS: group of colleagues wants enough for four for Thursday, mostly vegetarian. You agree and ask for one dietary note; they say no serious restrictions.",mushroom_Orders_v1.rtf
1659,2012-10-10,09:21,Grey sky,Autumn,"Email: someone asks if you can provide mushrooms for a small office lunch, about 1.5 kg, one-time. You accept and add their workplace address to your notes.",mushroom_Orders_v1.rtf
1660,2012-10-11,08:38,Light rain,Autumn,"Contact form: ""Mood: nervous before exam, tiny vegan box."" They want pickup Friday. You confirm and keep quantity minimal.",mushroom_Orders_v1.rtf
1661,2012-10-12,09:56,Cool clouds,Autumn,"SMS: office lunch order checks time, wants to shift from 12:00 to 11:30. You say ""ok"" and adjust.",mushroom_Orders_v1.rtf
1662,2012-10-13,11:45,Cool sun,Autumn,"Email: cafe receives 1.5 kg and says they sold half, might try again in November. You note ""maybe Nov"" and keep options open.",mushroom_Orders_v1.rtf
1663,2012-10-14,10:27,Light clouds,Autumn,"Contact form: ""Sunday, just one small meal."" Vegetarian, no other info. You confirm for early evening.",mushroom_Orders_v1.rtf
1664,2012-10-15,08:07,Overcast,Autumn,Email: Sunday twice-per-month customer confirms they're happy with the October rhythm so far. They say no changes for next time. You keep as is.,mushroom_Orders_v1.rtf
1665,2012-10-16,10:52,Light drizzle,Autumn,SMS: one-time office lunch contact asks vaguely about a regular arrangement; you answer that you prefer to stay flexible and small. They say they'll think about it.,mushroom_Orders_v1.rtf
1666,2012-10-17,09:33,Grey sky,Autumn,"Contact form: ""Single person, wants two quiet dinners this week."" Vegetarian. You propose Friday pickup and they accept.",mushroom_Orders_v1.rtf
1667,2012-10-18,08:41,Light rain,Autumn,"Email: person requests a ""between therapy sessions"" tiny box, very little quantity. You confirm and stress that you'll keep it small to avoid pressure.",mushroom_Orders_v1.rtf
1668,2012-10-19,09:52,Cool clouds,Autumn,"Contact form: ""Group of three, mostly vegan, for Saturday."" They ask you to keep it not too intense. You schedule and plan moderate quantities.",mushroom_Orders_v1.rtf
1669,2012-10-20,11:38,Cool sun,Autumn,"SMS: they later say portion was slightly large; next time they'll ask for less. You note ""reduce group of three.""",mushroom_Orders_v1.rtf
1670,2012-10-21,10:24,Light clouds,Autumn,Email: Sunday customer cancels one of their planned October boxes due to travel. They keep only the last Sunday. You free that mid-month slot.,mushroom_Orders_v1.rtf
1671,2012-10-22,08:10,Overcast,Autumn,"Contact form: ""Need something for two simple dinners, vegetarian."" They mention being very tired from work. You confirm for Wednesday.",mushroom_Orders_v1.rtf
1672,2012-10-23,10:49,Light drizzle,Autumn,SMS: someone asks if mushrooms keep well until Friday if they pick up today. You reply that it's better if they come closer to when they plan to eat. They reschedule.,mushroom_Orders_v1.rtf
1673,2012-10-24,09:26,Grey sky,Autumn,"Email: potential new cafe writes again but decides to wait until spring to start. You mark ""cafe postponed to 2013"".",mushroom_Orders_v1.rtf
1674,2012-10-25,08:35,Light rain,Autumn,"Contact form: ""Single, vegan, wants one supportive box after long week."" Pickup requested Friday. You confirm and note no onions.",mushroom_Orders_v1.rtf
1675,2012-10-26,09:48,Cool clouds,Autumn,"SMS: someone orders for four people for Sunday, but then cancels two hours later due to changed plans. You adjust your harvest plan and thank them for relatively early notice.",mushroom_Orders_v1.rtf
1676,2012-10-27,11:32,Cool sun,Autumn,Email: yoga teacher asks about possible winter event but is unsure if participants want heavier dishes then. You say you can adapt to seasons and wait for a concrete date.,mushroom_Orders_v1.rtf
1677,2012-10-28,10:30,Light clouds,Autumn,"Contact form: ""Quiet Sunday box, two small meals, vegetarian."" They ask for 17:30 pickup. You confirm.",mushroom_Orders_v1.rtf
1678,2012-10-29,08:13,Overcast,Autumn,Email: Sunday customer says they'll stop November and maybe restart December. You update schedule again.,mushroom_Orders_v1.rtf
1679,2012-10-30,10:54,Light drizzle,Autumn,"SMS: person asks for a Halloween small box, single portion, vegan. Pickup tomorrow. You agree and keep it modest.",mushroom_Orders_v1.rtf
1680,2012-10-31,09:37,Grey sky,Autumn,"Contact form: ""I forgot Halloween, but still want something for tonight."" They ask for enough for one dinner. You check capacity and accept one extra micro box.",mushroom_Orders_v1.rtf
1681,2012-11-01,08:06,Low grey,Autumn,Email: someone asks if you operate on public holidays in November. They want a small box for one of them. You reply that quantities will be limited but some orders are possible.,mushroom_Orders_v1.rtf
1682,2012-11-02,10:47,Light drizzle,Autumn,"Contact form: ""Cold days, tired, want two dinners for one person."" Vegetarian. You confirm for Sunday.",mushroom_Orders_v1.rtf
1683,2012-11-03,09:25,Grey sky,Autumn,SMS: group of friends wants enough for six people next weekend; you warn that this is near your upper limit. They still want to try. You agree but plan carefully.,mushroom_Orders_v1.rtf
1684,2012-11-04,10:38,Cool clouds,Autumn,"Email: last week's single-person box user says it was exactly enough. They book the same for next Sunday. You mark ""repeat size.""",mushroom_Orders_v1.rtf
1685,2012-11-05,08:11,Overcast,Autumn,"Contact form: ""I would like a very small box, vegan, low energy."" They ask for Tuesday. You confirm.",mushroom_Orders_v1.rtf
1686,2012-11-06,10:52,Light rain,Autumn,"SMS: group of six for weekend confirms some are vegan, others not. You plan a large but still manageable box and confirm price.",mushroom_Orders_v1.rtf
1687,2012-11-07,09:19,Grey drizzle,Autumn,"Email: someone asks if they can get a ""work week box"" for three dinners, but only this week. Vegetarian. You accept and schedule Thursday pickup.",mushroom_Orders_v1.rtf
1688,2012-11-08,08:32,Low grey,Autumn,"Contact form: ""Tiny snack-style portion, just to try."" Vegan. You reply that you can prepare a very small test amount and set Saturday.",mushroom_Orders_v1.rtf
1689,2012-11-09,09:44,Cool clouds,Autumn,"SMS: work-week customer delays pickup by one day. You say okay, but ask them to store everything in the fridge immediately. They agree.",mushroom_Orders_v1.rtf
1690,2012-11-10,11:40,Cool sun,Autumn,Email: group of six reports that the box was slightly too large but everyone liked the idea. They say next time they'll order for four instead. You adjust notes.,mushroom_Orders_v1.rtf
1691,2012-11-11,10:23,Light clouds,Autumn,"Contact form: ""Sunday, small box, vegetarian, low effort."" They ask for 18:00 pickup. You confirm.",mushroom_Orders_v1.rtf
1692,2012-11-12,08:09,Overcast,Autumn,"Email: person wants a single tiny box before a stressful exam week, vegan. You schedule Wednesday and promise light quantity.",mushroom_Orders_v1.rtf
1693,2012-11-13,10:50,Light drizzle,Autumn,"SMS: earlier cafe contact checks if you're open to a December test. You answer yes, but mention space is limited around holidays.",mushroom_Orders_v1.rtf
1694,2012-11-14,09:27,Grey sky,Autumn,"Contact form: ""I'm curious but have allergy to nuts and soy."" They want a small vegetarian box. You confirm and mark allergies clearly.",mushroom_Orders_v1.rtf
1695,2012-11-15,08:39,Light rain,Autumn,"Email: person asks if you have any data on how often people order; they're wondering if weekly is ""allowed."" You answer that there's no rule and they should feel into their own rhythm.",mushroom_Orders_v1.rtf
1696,2012-11-16,09:55,Cool clouds,Autumn,"Contact form: ""Two people, quiet weekend, vegetarian."" They ask for Saturday afternoon pickup. You agree.",mushroom_Orders_v1.rtf
1697,2012-11-17,11:35,Cool sun,Autumn,"SMS: small office asks for a one-time box for four colleagues on Monday. You accept and ask for basic dietary notes. They reply: one vegan, rest flexible.",mushroom_Orders_v1.rtf
1698,2012-11-18,10:28,Light clouds,Autumn,"Email: Sunday single-person customer decides to skip next week, saying they're stocked. You mark ""skip 25.11"".",mushroom_Orders_v1.rtf
1699,2012-11-19,08:04,Overcast,Autumn,"Contact form: ""Little appetite, want something that doesn't sit around all week."" They request just enough for one evening, vegan. You confirm.",mushroom_Orders_v1.rtf
1700,2012-11-20,10:51,Light drizzle,Autumn,SMS: office colleagues thank you after Monday's box and say they might repeat once in December. You log potential but no fixed date.,mushroom_Orders_v1.rtf
1701,2012-11-21,09:31,Grey sky,Autumn,"Email: someone wants a small box to share with their partner after therapy, vegetarian. They ask for Thursday evening. You accept.",mushroom_Orders_v1.rtf
1702,2012-11-22,08:37,Light rain,Autumn,"Contact form: ""Small, calm dinner for one, I don't eat meat."" They want Saturday. You confirm.",mushroom_Orders_v1.rtf
1703,2012-11-23,09:54,Cool clouds,Autumn,SMS: cafe that mentioned December test requests 1 kg on the 15th. You agree and record address again.,mushroom_Orders_v1.rtf
1704,2012-11-24,11:43,Cool sun,Autumn,Email: group of four asks about early December availability; you say there's room if they confirm soon. They reply they'll decide by Monday.,mushroom_Orders_v1.rtf
1705,2012-11-25,10:19,Light clouds,Autumn,"Contact form: ""Sunday, small grounding box, vegan."" Pickup requested late afternoon. You confirm and prepare.",mushroom_Orders_v1.rtf
1706,2012-11-26,08:12,Overcast,Autumn,Email: someone plans December and asks if you'll work during the week between Christmas and New Year. You say probably on a reduced scale. They ask to be updated.,mushroom_Orders_v1.rtf
1707,2012-11-27,10:48,Light drizzle,Autumn,SMS: early December group of four confirms date and mentions one gluten-free guest. You adapt your internal plan and reply.,mushroom_Orders_v1.rtf
1708,2012-11-28,09:22,Grey sky,Autumn,"Contact form: ""One person, exam stress, tiny portion."" Vegan. You say yes and set Friday evening.",mushroom_Orders_v1.rtf
1709,2012-11-29,08:30,Light rain,Autumn,"Email: cafe sends a reminder about the 15th December test order. You confirm again, to avoid confusion.",mushroom_Orders_v1.rtf
